ERROR - 2026-03-01 00:43:00 --> mysqli_sql_exception: Cannot add or update a child row: a foreign key constraint fails (`nexfile`.`user_refresh_token`, CONSTRAINT `FK_user_refresh_token_IdLastUserUpdate` FOREIGN KEY (`IdLastUserUpdate`) REFERENCES `user` (`Id`) ON DELETE SET NULL ON UPDATE CASCADE) in D:\Developer\singleFile\Nexus_SingleFile_BE\BE\vendor\codeigniter4\framework\system\Database\MySQLi\Connection.php:327
Stack trace:
#0 D:\Developer\singleFile\Nexus_SingleFile_BE\BE\vendor\codeigniter4\framework\system\Database\MySQLi\Connection.php(327): mysqli->query('INSERT INTO `us...', 0)
#1 D:\Developer\singleFile\Nexus_SingleFile_BE\BE\vendor\codeigniter4\framework\system\Database\BaseConnection.php(729): CodeIgniter\Database\MySQLi\Connection->execute('INSERT INTO `us...')
#2 D:\Developer\singleFile\Nexus_SingleFile_BE\BE\vendor\codeigniter4\framework\system\Database\BaseConnection.php(646): CodeIgniter\Database\BaseConnection->simpleQuery('INSERT INTO `us...')
#3 D:\Developer\singleFile\Nexus_SingleFile_BE\BE\vendor\codeigniter4\framework\system\Database\BaseBuilder.php(2345): CodeIgniter\Database\BaseConnection->query('INSERT INTO `us...', Array, false)
#4 D:\Developer\singleFile\Nexus_SingleFile_BE\BE\app\Models\AuthModel.php(223): CodeIgniter\Database\BaseBuilder->insert(Array)
#5 D:\Developer\singleFile\Nexus_SingleFile_BE\BE\app\Models\AuthModel.php(92): App\Models\AuthModel->saveRefreshToken('1', 'eyJ0eXAiOiJKV1Q...')
#6 D:\Developer\singleFile\Nexus_SingleFile_BE\BE\app\Controllers\Api\Auth.php(41): App\Models\AuthModel->authenticate('admin@nexusqtec...', 'admin123')
#7 D:\Developer\singleFile\Nexus_SingleFile_BE\BE\vendor\codeigniter4\framework\system\CodeIgniter.php(933): App\Controllers\Api\Auth->login()
#8 D:\Developer\singleFile\Nexus_SingleFile_BE\BE\vendor\codeigniter4\framework\system\CodeIgniter.php(507): CodeIgniter\CodeIgniter->runController(Object(App\Controllers\Api\Auth))
#9 D:\Developer\singleFile\Nexus_SingleFile_BE\BE\vendor\codeigniter4\framework\system\CodeIgniter.php(354): CodeIgniter\CodeIgniter->handleRequest(NULL, Object(Config\Cache), false)
#10 D:\Developer\singleFile\Nexus_SingleFile_BE\BE\vendor\codeigniter4\framework\system\Boot.php(363): CodeIgniter\CodeIgniter->run()
#11 D:\Developer\singleFile\Nexus_SingleFile_BE\BE\vendor\codeigniter4\framework\system\Boot.php(68): CodeIgniter\Boot::runCodeIgniter(Object(CodeIgniter\CodeIgniter))
#12 D:\Developer\singleFile\Nexus_SingleFile_BE\BE\public\index.php(60): CodeIgniter\Boot::bootWeb(Object(Config\Paths))
#13 D:\Developer\singleFile\Nexus_SingleFile_BE\BE\vendor\codeigniter4\framework\system\rewrite.php(44): require_once('D:\\Developer\\si...')
#14 {main}
ERROR - 2026-03-01 00:43:00 --> Error guardando refresh token: Cannot add or update a child row: a foreign key constraint fails (`nexfile`.`user_refresh_token`, CONSTRAINT `FK_user_refresh_token_IdLastUserUpdate` FOREIGN KEY (`IdLastUserUpdate`) REFERENCES `user` (`Id`) ON DELETE SET NULL ON UPDATE CASCADE)
ERROR - 2026-03-01 00:43:18 --> mysqli_sql_exception: Cannot add or update a child row: a foreign key constraint fails (`nexfile`.`user_refresh_token`, CONSTRAINT `FK_user_refresh_token_IdLastUserUpdate` FOREIGN KEY (`IdLastUserUpdate`) REFERENCES `user` (`Id`) ON DELETE SET NULL ON UPDATE CASCADE) in D:\Developer\singleFile\Nexus_SingleFile_BE\BE\vendor\codeigniter4\framework\system\Database\MySQLi\Connection.php:327
Stack trace:
#0 D:\Developer\singleFile\Nexus_SingleFile_BE\BE\vendor\codeigniter4\framework\system\Database\MySQLi\Connection.php(327): mysqli->query('INSERT INTO `us...', 0)
#1 D:\Developer\singleFile\Nexus_SingleFile_BE\BE\vendor\codeigniter4\framework\system\Database\BaseConnection.php(729): CodeIgniter\Database\MySQLi\Connection->execute('INSERT INTO `us...')
#2 D:\Developer\singleFile\Nexus_SingleFile_BE\BE\vendor\codeigniter4\framework\system\Database\BaseConnection.php(646): CodeIgniter\Database\BaseConnection->simpleQuery('INSERT INTO `us...')
#3 D:\Developer\singleFile\Nexus_SingleFile_BE\BE\vendor\codeigniter4\framework\system\Database\BaseBuilder.php(2345): CodeIgniter\Database\BaseConnection->query('INSERT INTO `us...', Array, false)
#4 D:\Developer\singleFile\Nexus_SingleFile_BE\BE\app\Models\AuthModel.php(223): CodeIgniter\Database\BaseBuilder->insert(Array)
#5 D:\Developer\singleFile\Nexus_SingleFile_BE\BE\app\Models\AuthModel.php(92): App\Models\AuthModel->saveRefreshToken('1', 'eyJ0eXAiOiJKV1Q...')
#6 D:\Developer\singleFile\Nexus_SingleFile_BE\BE\app\Controllers\Api\Auth.php(41): App\Models\AuthModel->authenticate('admin@nexusqtec...', 'admin123')
#7 D:\Developer\singleFile\Nexus_SingleFile_BE\BE\vendor\codeigniter4\framework\system\CodeIgniter.php(933): App\Controllers\Api\Auth->login()
#8 D:\Developer\singleFile\Nexus_SingleFile_BE\BE\vendor\codeigniter4\framework\system\CodeIgniter.php(507): CodeIgniter\CodeIgniter->runController(Object(App\Controllers\Api\Auth))
#9 D:\Developer\singleFile\Nexus_SingleFile_BE\BE\vendor\codeigniter4\framework\system\CodeIgniter.php(354): CodeIgniter\CodeIgniter->handleRequest(NULL, Object(Config\Cache), false)
#10 D:\Developer\singleFile\Nexus_SingleFile_BE\BE\vendor\codeigniter4\framework\system\Boot.php(363): CodeIgniter\CodeIgniter->run()
#11 D:\Developer\singleFile\Nexus_SingleFile_BE\BE\vendor\codeigniter4\framework\system\Boot.php(68): CodeIgniter\Boot::runCodeIgniter(Object(CodeIgniter\CodeIgniter))
#12 D:\Developer\singleFile\Nexus_SingleFile_BE\BE\public\index.php(60): CodeIgniter\Boot::bootWeb(Object(Config\Paths))
#13 D:\Developer\singleFile\Nexus_SingleFile_BE\BE\vendor\codeigniter4\framework\system\rewrite.php(44): require_once('D:\\Developer\\si...')
#14 {main}
ERROR - 2026-03-01 00:43:18 --> Error guardando refresh token: Cannot add or update a child row: a foreign key constraint fails (`nexfile`.`user_refresh_token`, CONSTRAINT `FK_user_refresh_token_IdLastUserUpdate` FOREIGN KEY (`IdLastUserUpdate`) REFERENCES `user` (`Id`) ON DELETE SET NULL ON UPDATE CASCADE)
ERROR - 2026-03-01 00:43:24 --> mysqli_sql_exception: Cannot add or update a child row: a foreign key constraint fails (`nexfile`.`user_refresh_token`, CONSTRAINT `FK_user_refresh_token_IdLastUserUpdate` FOREIGN KEY (`IdLastUserUpdate`) REFERENCES `user` (`Id`) ON DELETE SET NULL ON UPDATE CASCADE) in D:\Developer\singleFile\Nexus_SingleFile_BE\BE\vendor\codeigniter4\framework\system\Database\MySQLi\Connection.php:327
Stack trace:
#0 D:\Developer\singleFile\Nexus_SingleFile_BE\BE\vendor\codeigniter4\framework\system\Database\MySQLi\Connection.php(327): mysqli->query('INSERT INTO `us...', 0)
#1 D:\Developer\singleFile\Nexus_SingleFile_BE\BE\vendor\codeigniter4\framework\system\Database\BaseConnection.php(729): CodeIgniter\Database\MySQLi\Connection->execute('INSERT INTO `us...')
#2 D:\Developer\singleFile\Nexus_SingleFile_BE\BE\vendor\codeigniter4\framework\system\Database\BaseConnection.php(646): CodeIgniter\Database\BaseConnection->simpleQuery('INSERT INTO `us...')
#3 D:\Developer\singleFile\Nexus_SingleFile_BE\BE\vendor\codeigniter4\framework\system\Database\BaseBuilder.php(2345): CodeIgniter\Database\BaseConnection->query('INSERT INTO `us...', Array, false)
#4 D:\Developer\singleFile\Nexus_SingleFile_BE\BE\app\Models\AuthModel.php(223): CodeIgniter\Database\BaseBuilder->insert(Array)
#5 D:\Developer\singleFile\Nexus_SingleFile_BE\BE\app\Models\AuthModel.php(92): App\Models\AuthModel->saveRefreshToken('1', 'eyJ0eXAiOiJKV1Q...')
#6 D:\Developer\singleFile\Nexus_SingleFile_BE\BE\app\Controllers\Api\Auth.php(41): App\Models\AuthModel->authenticate('admin@nexusqtec...', 'admin123')
#7 D:\Developer\singleFile\Nexus_SingleFile_BE\BE\vendor\codeigniter4\framework\system\CodeIgniter.php(933): App\Controllers\Api\Auth->login()
#8 D:\Developer\singleFile\Nexus_SingleFile_BE\BE\vendor\codeigniter4\framework\system\CodeIgniter.php(507): CodeIgniter\CodeIgniter->runController(Object(App\Controllers\Api\Auth))
#9 D:\Developer\singleFile\Nexus_SingleFile_BE\BE\vendor\codeigniter4\framework\system\CodeIgniter.php(354): CodeIgniter\CodeIgniter->handleRequest(NULL, Object(Config\Cache), false)
#10 D:\Developer\singleFile\Nexus_SingleFile_BE\BE\vendor\codeigniter4\framework\system\Boot.php(363): CodeIgniter\CodeIgniter->run()
#11 D:\Developer\singleFile\Nexus_SingleFile_BE\BE\vendor\codeigniter4\framework\system\Boot.php(68): CodeIgniter\Boot::runCodeIgniter(Object(CodeIgniter\CodeIgniter))
#12 D:\Developer\singleFile\Nexus_SingleFile_BE\BE\public\index.php(60): CodeIgniter\Boot::bootWeb(Object(Config\Paths))
#13 D:\Developer\singleFile\Nexus_SingleFile_BE\BE\vendor\codeigniter4\framework\system\rewrite.php(44): require_once('D:\\Developer\\si...')
#14 {main}
ERROR - 2026-03-01 00:43:24 --> Error guardando refresh token: Cannot add or update a child row: a foreign key constraint fails (`nexfile`.`user_refresh_token`, CONSTRAINT `FK_user_refresh_token_IdLastUserUpdate` FOREIGN KEY (`IdLastUserUpdate`) REFERENCES `user` (`Id`) ON DELETE SET NULL ON UPDATE CASCADE)
ERROR - 2026-03-01 00:43:29 --> mysqli_sql_exception: Cannot add or update a child row: a foreign key constraint fails (`nexfile`.`user_refresh_token`, CONSTRAINT `FK_user_refresh_token_IdLastUserUpdate` FOREIGN KEY (`IdLastUserUpdate`) REFERENCES `user` (`Id`) ON DELETE SET NULL ON UPDATE CASCADE) in D:\Developer\singleFile\Nexus_SingleFile_BE\BE\vendor\codeigniter4\framework\system\Database\MySQLi\Connection.php:327
Stack trace:
#0 D:\Developer\singleFile\Nexus_SingleFile_BE\BE\vendor\codeigniter4\framework\system\Database\MySQLi\Connection.php(327): mysqli->query('INSERT INTO `us...', 0)
#1 D:\Developer\singleFile\Nexus_SingleFile_BE\BE\vendor\codeigniter4\framework\system\Database\BaseConnection.php(729): CodeIgniter\Database\MySQLi\Connection->execute('INSERT INTO `us...')
#2 D:\Developer\singleFile\Nexus_SingleFile_BE\BE\vendor\codeigniter4\framework\system\Database\BaseConnection.php(646): CodeIgniter\Database\BaseConnection->simpleQuery('INSERT INTO `us...')
#3 D:\Developer\singleFile\Nexus_SingleFile_BE\BE\vendor\codeigniter4\framework\system\Database\BaseBuilder.php(2345): CodeIgniter\Database\BaseConnection->query('INSERT INTO `us...', Array, false)
#4 D:\Developer\singleFile\Nexus_SingleFile_BE\BE\app\Models\AuthModel.php(223): CodeIgniter\Database\BaseBuilder->insert(Array)
#5 D:\Developer\singleFile\Nexus_SingleFile_BE\BE\app\Models\AuthModel.php(92): App\Models\AuthModel->saveRefreshToken('1', 'eyJ0eXAiOiJKV1Q...')
#6 D:\Developer\singleFile\Nexus_SingleFile_BE\BE\app\Controllers\Api\Auth.php(41): App\Models\AuthModel->authenticate('admin@nexusqtec...', 'admin123')
#7 D:\Developer\singleFile\Nexus_SingleFile_BE\BE\vendor\codeigniter4\framework\system\CodeIgniter.php(933): App\Controllers\Api\Auth->login()
#8 D:\Developer\singleFile\Nexus_SingleFile_BE\BE\vendor\codeigniter4\framework\system\CodeIgniter.php(507): CodeIgniter\CodeIgniter->runController(Object(App\Controllers\Api\Auth))
#9 D:\Developer\singleFile\Nexus_SingleFile_BE\BE\vendor\codeigniter4\framework\system\CodeIgniter.php(354): CodeIgniter\CodeIgniter->handleRequest(NULL, Object(Config\Cache), false)
#10 D:\Developer\singleFile\Nexus_SingleFile_BE\BE\vendor\codeigniter4\framework\system\Boot.php(363): CodeIgniter\CodeIgniter->run()
#11 D:\Developer\singleFile\Nexus_SingleFile_BE\BE\vendor\codeigniter4\framework\system\Boot.php(68): CodeIgniter\Boot::runCodeIgniter(Object(CodeIgniter\CodeIgniter))
#12 D:\Developer\singleFile\Nexus_SingleFile_BE\BE\public\index.php(60): CodeIgniter\Boot::bootWeb(Object(Config\Paths))
#13 D:\Developer\singleFile\Nexus_SingleFile_BE\BE\vendor\codeigniter4\framework\system\rewrite.php(44): require_once('D:\\Developer\\si...')
#14 {main}
ERROR - 2026-03-01 00:43:29 --> Error guardando refresh token: Cannot add or update a child row: a foreign key constraint fails (`nexfile`.`user_refresh_token`, CONSTRAINT `FK_user_refresh_token_IdLastUserUpdate` FOREIGN KEY (`IdLastUserUpdate`) REFERENCES `user` (`Id`) ON DELETE SET NULL ON UPDATE CASCADE)
ERROR - 2026-03-01 00:44:46 --> mysqli_sql_exception: Cannot add or update a child row: a foreign key constraint fails (`nexfile`.`user_refresh_token`, CONSTRAINT `FK_user_refresh_token_IdLastUserUpdate` FOREIGN KEY (`IdLastUserUpdate`) REFERENCES `user` (`Id`) ON DELETE SET NULL ON UPDATE CASCADE) in D:\Developer\singleFile\Nexus_SingleFile_BE\BE\vendor\codeigniter4\framework\system\Database\MySQLi\Connection.php:327
Stack trace:
#0 D:\Developer\singleFile\Nexus_SingleFile_BE\BE\vendor\codeigniter4\framework\system\Database\MySQLi\Connection.php(327): mysqli->query('INSERT INTO `us...', 0)
#1 D:\Developer\singleFile\Nexus_SingleFile_BE\BE\vendor\codeigniter4\framework\system\Database\BaseConnection.php(729): CodeIgniter\Database\MySQLi\Connection->execute('INSERT INTO `us...')
#2 D:\Developer\singleFile\Nexus_SingleFile_BE\BE\vendor\codeigniter4\framework\system\Database\BaseConnection.php(646): CodeIgniter\Database\BaseConnection->simpleQuery('INSERT INTO `us...')
#3 D:\Developer\singleFile\Nexus_SingleFile_BE\BE\vendor\codeigniter4\framework\system\Database\BaseBuilder.php(2345): CodeIgniter\Database\BaseConnection->query('INSERT INTO `us...', Array, false)
#4 D:\Developer\singleFile\Nexus_SingleFile_BE\BE\app\Models\AuthModel.php(223): CodeIgniter\Database\BaseBuilder->insert(Array)
#5 D:\Developer\singleFile\Nexus_SingleFile_BE\BE\app\Models\AuthModel.php(92): App\Models\AuthModel->saveRefreshToken('1', 'eyJ0eXAiOiJKV1Q...')
#6 D:\Developer\singleFile\Nexus_SingleFile_BE\BE\app\Controllers\Api\Auth.php(41): App\Models\AuthModel->authenticate('admin@nexusqtec...', 'admin123')
#7 D:\Developer\singleFile\Nexus_SingleFile_BE\BE\vendor\codeigniter4\framework\system\CodeIgniter.php(933): App\Controllers\Api\Auth->login()
#8 D:\Developer\singleFile\Nexus_SingleFile_BE\BE\vendor\codeigniter4\framework\system\CodeIgniter.php(507): CodeIgniter\CodeIgniter->runController(Object(App\Controllers\Api\Auth))
#9 D:\Developer\singleFile\Nexus_SingleFile_BE\BE\vendor\codeigniter4\framework\system\CodeIgniter.php(354): CodeIgniter\CodeIgniter->handleRequest(NULL, Object(Config\Cache), false)
#10 D:\Developer\singleFile\Nexus_SingleFile_BE\BE\vendor\codeigniter4\framework\system\Boot.php(363): CodeIgniter\CodeIgniter->run()
#11 D:\Developer\singleFile\Nexus_SingleFile_BE\BE\vendor\codeigniter4\framework\system\Boot.php(68): CodeIgniter\Boot::runCodeIgniter(Object(CodeIgniter\CodeIgniter))
#12 D:\Developer\singleFile\Nexus_SingleFile_BE\BE\public\index.php(60): CodeIgniter\Boot::bootWeb(Object(Config\Paths))
#13 D:\Developer\singleFile\Nexus_SingleFile_BE\BE\vendor\codeigniter4\framework\system\rewrite.php(44): require_once('D:\\Developer\\si...')
#14 {main}
ERROR - 2026-03-01 00:44:46 --> Error guardando refresh token: Cannot add or update a child row: a foreign key constraint fails (`nexfile`.`user_refresh_token`, CONSTRAINT `FK_user_refresh_token_IdLastUserUpdate` FOREIGN KEY (`IdLastUserUpdate`) REFERENCES `user` (`Id`) ON DELETE SET NULL ON UPDATE CASCADE)
ERROR - 2026-03-01 00:44:48 --> mysqli_sql_exception: Cannot add or update a child row: a foreign key constraint fails (`nexfile`.`user_refresh_token`, CONSTRAINT `FK_user_refresh_token_IdLastUserUpdate` FOREIGN KEY (`IdLastUserUpdate`) REFERENCES `user` (`Id`) ON DELETE SET NULL ON UPDATE CASCADE) in D:\Developer\singleFile\Nexus_SingleFile_BE\BE\vendor\codeigniter4\framework\system\Database\MySQLi\Connection.php:327
Stack trace:
#0 D:\Developer\singleFile\Nexus_SingleFile_BE\BE\vendor\codeigniter4\framework\system\Database\MySQLi\Connection.php(327): mysqli->query('INSERT INTO `us...', 0)
#1 D:\Developer\singleFile\Nexus_SingleFile_BE\BE\vendor\codeigniter4\framework\system\Database\BaseConnection.php(729): CodeIgniter\Database\MySQLi\Connection->execute('INSERT INTO `us...')
#2 D:\Developer\singleFile\Nexus_SingleFile_BE\BE\vendor\codeigniter4\framework\system\Database\BaseConnection.php(646): CodeIgniter\Database\BaseConnection->simpleQuery('INSERT INTO `us...')
#3 D:\Developer\singleFile\Nexus_SingleFile_BE\BE\vendor\codeigniter4\framework\system\Database\BaseBuilder.php(2345): CodeIgniter\Database\BaseConnection->query('INSERT INTO `us...', Array, false)
#4 D:\Developer\singleFile\Nexus_SingleFile_BE\BE\app\Models\AuthModel.php(223): CodeIgniter\Database\BaseBuilder->insert(Array)
#5 D:\Developer\singleFile\Nexus_SingleFile_BE\BE\app\Models\AuthModel.php(92): App\Models\AuthModel->saveRefreshToken('1', 'eyJ0eXAiOiJKV1Q...')
#6 D:\Developer\singleFile\Nexus_SingleFile_BE\BE\app\Controllers\Api\Auth.php(41): App\Models\AuthModel->authenticate('admin@nexusqtec...', 'admin123')
#7 D:\Developer\singleFile\Nexus_SingleFile_BE\BE\vendor\codeigniter4\framework\system\CodeIgniter.php(933): App\Controllers\Api\Auth->login()
#8 D:\Developer\singleFile\Nexus_SingleFile_BE\BE\vendor\codeigniter4\framework\system\CodeIgniter.php(507): CodeIgniter\CodeIgniter->runController(Object(App\Controllers\Api\Auth))
#9 D:\Developer\singleFile\Nexus_SingleFile_BE\BE\vendor\codeigniter4\framework\system\CodeIgniter.php(354): CodeIgniter\CodeIgniter->handleRequest(NULL, Object(Config\Cache), false)
#10 D:\Developer\singleFile\Nexus_SingleFile_BE\BE\vendor\codeigniter4\framework\system\Boot.php(363): CodeIgniter\CodeIgniter->run()
#11 D:\Developer\singleFile\Nexus_SingleFile_BE\BE\vendor\codeigniter4\framework\system\Boot.php(68): CodeIgniter\Boot::runCodeIgniter(Object(CodeIgniter\CodeIgniter))
#12 D:\Developer\singleFile\Nexus_SingleFile_BE\BE\public\index.php(60): CodeIgniter\Boot::bootWeb(Object(Config\Paths))
#13 D:\Developer\singleFile\Nexus_SingleFile_BE\BE\vendor\codeigniter4\framework\system\rewrite.php(44): require_once('D:\\Developer\\si...')
#14 {main}
ERROR - 2026-03-01 00:44:48 --> Error guardando refresh token: Cannot add or update a child row: a foreign key constraint fails (`nexfile`.`user_refresh_token`, CONSTRAINT `FK_user_refresh_token_IdLastUserUpdate` FOREIGN KEY (`IdLastUserUpdate`) REFERENCES `user` (`Id`) ON DELETE SET NULL ON UPDATE CASCADE)
ERROR - 2026-03-01 00:45:08 --> mysqli_sql_exception: Cannot add or update a child row: a foreign key constraint fails (`nexfile`.`user_refresh_token`, CONSTRAINT `FK_user_refresh_token_IdLastUserUpdate` FOREIGN KEY (`IdLastUserUpdate`) REFERENCES `user` (`Id`) ON DELETE SET NULL ON UPDATE CASCADE) in D:\Developer\singleFile\Nexus_SingleFile_BE\BE\vendor\codeigniter4\framework\system\Database\MySQLi\Connection.php:327
Stack trace:
#0 D:\Developer\singleFile\Nexus_SingleFile_BE\BE\vendor\codeigniter4\framework\system\Database\MySQLi\Connection.php(327): mysqli->query('INSERT INTO `us...', 0)
#1 D:\Developer\singleFile\Nexus_SingleFile_BE\BE\vendor\codeigniter4\framework\system\Database\BaseConnection.php(729): CodeIgniter\Database\MySQLi\Connection->execute('INSERT INTO `us...')
#2 D:\Developer\singleFile\Nexus_SingleFile_BE\BE\vendor\codeigniter4\framework\system\Database\BaseConnection.php(646): CodeIgniter\Database\BaseConnection->simpleQuery('INSERT INTO `us...')
#3 D:\Developer\singleFile\Nexus_SingleFile_BE\BE\vendor\codeigniter4\framework\system\Database\BaseBuilder.php(2345): CodeIgniter\Database\BaseConnection->query('INSERT INTO `us...', Array, false)
#4 D:\Developer\singleFile\Nexus_SingleFile_BE\BE\app\Models\AuthModel.php(223): CodeIgniter\Database\BaseBuilder->insert(Array)
#5 D:\Developer\singleFile\Nexus_SingleFile_BE\BE\app\Models\AuthModel.php(92): App\Models\AuthModel->saveRefreshToken('1', 'eyJ0eXAiOiJKV1Q...')
#6 D:\Developer\singleFile\Nexus_SingleFile_BE\BE\app\Controllers\Api\Auth.php(41): App\Models\AuthModel->authenticate('admin@nexusqtec...', 'admin123')
#7 D:\Developer\singleFile\Nexus_SingleFile_BE\BE\vendor\codeigniter4\framework\system\CodeIgniter.php(933): App\Controllers\Api\Auth->login()
#8 D:\Developer\singleFile\Nexus_SingleFile_BE\BE\vendor\codeigniter4\framework\system\CodeIgniter.php(507): CodeIgniter\CodeIgniter->runController(Object(App\Controllers\Api\Auth))
#9 D:\Developer\singleFile\Nexus_SingleFile_BE\BE\vendor\codeigniter4\framework\system\CodeIgniter.php(354): CodeIgniter\CodeIgniter->handleRequest(NULL, Object(Config\Cache), false)
#10 D:\Developer\singleFile\Nexus_SingleFile_BE\BE\vendor\codeigniter4\framework\system\Boot.php(363): CodeIgniter\CodeIgniter->run()
#11 D:\Developer\singleFile\Nexus_SingleFile_BE\BE\vendor\codeigniter4\framework\system\Boot.php(68): CodeIgniter\Boot::runCodeIgniter(Object(CodeIgniter\CodeIgniter))
#12 D:\Developer\singleFile\Nexus_SingleFile_BE\BE\public\index.php(60): CodeIgniter\Boot::bootWeb(Object(Config\Paths))
#13 D:\Developer\singleFile\Nexus_SingleFile_BE\BE\vendor\codeigniter4\framework\system\rewrite.php(44): require_once('D:\\Developer\\si...')
#14 {main}
ERROR - 2026-03-01 00:45:08 --> Error guardando refresh token: Cannot add or update a child row: a foreign key constraint fails (`nexfile`.`user_refresh_token`, CONSTRAINT `FK_user_refresh_token_IdLastUserUpdate` FOREIGN KEY (`IdLastUserUpdate`) REFERENCES `user` (`Id`) ON DELETE SET NULL ON UPDATE CASCADE)
ERROR - 2026-03-01 00:45:10 --> mysqli_sql_exception: Cannot add or update a child row: a foreign key constraint fails (`nexfile`.`user_refresh_token`, CONSTRAINT `FK_user_refresh_token_IdLastUserUpdate` FOREIGN KEY (`IdLastUserUpdate`) REFERENCES `user` (`Id`) ON DELETE SET NULL ON UPDATE CASCADE) in D:\Developer\singleFile\Nexus_SingleFile_BE\BE\vendor\codeigniter4\framework\system\Database\MySQLi\Connection.php:327
Stack trace:
#0 D:\Developer\singleFile\Nexus_SingleFile_BE\BE\vendor\codeigniter4\framework\system\Database\MySQLi\Connection.php(327): mysqli->query('INSERT INTO `us...', 0)
#1 D:\Developer\singleFile\Nexus_SingleFile_BE\BE\vendor\codeigniter4\framework\system\Database\BaseConnection.php(729): CodeIgniter\Database\MySQLi\Connection->execute('INSERT INTO `us...')
#2 D:\Developer\singleFile\Nexus_SingleFile_BE\BE\vendor\codeigniter4\framework\system\Database\BaseConnection.php(646): CodeIgniter\Database\BaseConnection->simpleQuery('INSERT INTO `us...')
#3 D:\Developer\singleFile\Nexus_SingleFile_BE\BE\vendor\codeigniter4\framework\system\Database\BaseBuilder.php(2345): CodeIgniter\Database\BaseConnection->query('INSERT INTO `us...', Array, false)
#4 D:\Developer\singleFile\Nexus_SingleFile_BE\BE\app\Models\AuthModel.php(223): CodeIgniter\Database\BaseBuilder->insert(Array)
#5 D:\Developer\singleFile\Nexus_SingleFile_BE\BE\app\Models\AuthModel.php(92): App\Models\AuthModel->saveRefreshToken('1', 'eyJ0eXAiOiJKV1Q...')
#6 D:\Developer\singleFile\Nexus_SingleFile_BE\BE\app\Controllers\Api\Auth.php(41): App\Models\AuthModel->authenticate('admin@nexusqtec...', 'admin123')
#7 D:\Developer\singleFile\Nexus_SingleFile_BE\BE\vendor\codeigniter4\framework\system\CodeIgniter.php(933): App\Controllers\Api\Auth->login()
#8 D:\Developer\singleFile\Nexus_SingleFile_BE\BE\vendor\codeigniter4\framework\system\CodeIgniter.php(507): CodeIgniter\CodeIgniter->runController(Object(App\Controllers\Api\Auth))
#9 D:\Developer\singleFile\Nexus_SingleFile_BE\BE\vendor\codeigniter4\framework\system\CodeIgniter.php(354): CodeIgniter\CodeIgniter->handleRequest(NULL, Object(Config\Cache), false)
#10 D:\Developer\singleFile\Nexus_SingleFile_BE\BE\vendor\codeigniter4\framework\system\Boot.php(363): CodeIgniter\CodeIgniter->run()
#11 D:\Developer\singleFile\Nexus_SingleFile_BE\BE\vendor\codeigniter4\framework\system\Boot.php(68): CodeIgniter\Boot::runCodeIgniter(Object(CodeIgniter\CodeIgniter))
#12 D:\Developer\singleFile\Nexus_SingleFile_BE\BE\public\index.php(60): CodeIgniter\Boot::bootWeb(Object(Config\Paths))
#13 D:\Developer\singleFile\Nexus_SingleFile_BE\BE\vendor\codeigniter4\framework\system\rewrite.php(44): require_once('D:\\Developer\\si...')
#14 {main}
ERROR - 2026-03-01 00:45:10 --> Error guardando refresh token: Cannot add or update a child row: a foreign key constraint fails (`nexfile`.`user_refresh_token`, CONSTRAINT `FK_user_refresh_token_IdLastUserUpdate` FOREIGN KEY (`IdLastUserUpdate`) REFERENCES `user` (`Id`) ON DELETE SET NULL ON UPDATE CASCADE)
ERROR - 2026-03-01 00:45:19 --> mysqli_sql_exception: Cannot add or update a child row: a foreign key constraint fails (`nexfile`.`user_refresh_token`, CONSTRAINT `FK_user_refresh_token_IdLastUserUpdate` FOREIGN KEY (`IdLastUserUpdate`) REFERENCES `user` (`Id`) ON DELETE SET NULL ON UPDATE CASCADE) in D:\Developer\singleFile\Nexus_SingleFile_BE\BE\vendor\codeigniter4\framework\system\Database\MySQLi\Connection.php:327
Stack trace:
#0 D:\Developer\singleFile\Nexus_SingleFile_BE\BE\vendor\codeigniter4\framework\system\Database\MySQLi\Connection.php(327): mysqli->query('INSERT INTO `us...', 0)
#1 D:\Developer\singleFile\Nexus_SingleFile_BE\BE\vendor\codeigniter4\framework\system\Database\BaseConnection.php(729): CodeIgniter\Database\MySQLi\Connection->execute('INSERT INTO `us...')
#2 D:\Developer\singleFile\Nexus_SingleFile_BE\BE\vendor\codeigniter4\framework\system\Database\BaseConnection.php(646): CodeIgniter\Database\BaseConnection->simpleQuery('INSERT INTO `us...')
#3 D:\Developer\singleFile\Nexus_SingleFile_BE\BE\vendor\codeigniter4\framework\system\Database\BaseBuilder.php(2345): CodeIgniter\Database\BaseConnection->query('INSERT INTO `us...', Array, false)
#4 D:\Developer\singleFile\Nexus_SingleFile_BE\BE\app\Models\AuthModel.php(223): CodeIgniter\Database\BaseBuilder->insert(Array)
#5 D:\Developer\singleFile\Nexus_SingleFile_BE\BE\app\Models\AuthModel.php(92): App\Models\AuthModel->saveRefreshToken('1', 'eyJ0eXAiOiJKV1Q...')
#6 D:\Developer\singleFile\Nexus_SingleFile_BE\BE\app\Controllers\Api\Auth.php(41): App\Models\AuthModel->authenticate('admin@nexusqtec...', 'admin123')
#7 D:\Developer\singleFile\Nexus_SingleFile_BE\BE\vendor\codeigniter4\framework\system\CodeIgniter.php(933): App\Controllers\Api\Auth->login()
#8 D:\Developer\singleFile\Nexus_SingleFile_BE\BE\vendor\codeigniter4\framework\system\CodeIgniter.php(507): CodeIgniter\CodeIgniter->runController(Object(App\Controllers\Api\Auth))
#9 D:\Developer\singleFile\Nexus_SingleFile_BE\BE\vendor\codeigniter4\framework\system\CodeIgniter.php(354): CodeIgniter\CodeIgniter->handleRequest(NULL, Object(Config\Cache), false)
#10 D:\Developer\singleFile\Nexus_SingleFile_BE\BE\vendor\codeigniter4\framework\system\Boot.php(363): CodeIgniter\CodeIgniter->run()
#11 D:\Developer\singleFile\Nexus_SingleFile_BE\BE\vendor\codeigniter4\framework\system\Boot.php(68): CodeIgniter\Boot::runCodeIgniter(Object(CodeIgniter\CodeIgniter))
#12 D:\Developer\singleFile\Nexus_SingleFile_BE\BE\public\index.php(60): CodeIgniter\Boot::bootWeb(Object(Config\Paths))
#13 D:\Developer\singleFile\Nexus_SingleFile_BE\BE\vendor\codeigniter4\framework\system\rewrite.php(44): require_once('D:\\Developer\\si...')
#14 {main}
ERROR - 2026-03-01 00:45:19 --> Error guardando refresh token: Cannot add or update a child row: a foreign key constraint fails (`nexfile`.`user_refresh_token`, CONSTRAINT `FK_user_refresh_token_IdLastUserUpdate` FOREIGN KEY (`IdLastUserUpdate`) REFERENCES `user` (`Id`) ON DELETE SET NULL ON UPDATE CASCADE)
ERROR - 2026-03-01 00:45:24 --> mysqli_sql_exception: Cannot add or update a child row: a foreign key constraint fails (`nexfile`.`user_refresh_token`, CONSTRAINT `FK_user_refresh_token_IdLastUserUpdate` FOREIGN KEY (`IdLastUserUpdate`) REFERENCES `user` (`Id`) ON DELETE SET NULL ON UPDATE CASCADE) in D:\Developer\singleFile\Nexus_SingleFile_BE\BE\vendor\codeigniter4\framework\system\Database\MySQLi\Connection.php:327
Stack trace:
#0 D:\Developer\singleFile\Nexus_SingleFile_BE\BE\vendor\codeigniter4\framework\system\Database\MySQLi\Connection.php(327): mysqli->query('INSERT INTO `us...', 0)
#1 D:\Developer\singleFile\Nexus_SingleFile_BE\BE\vendor\codeigniter4\framework\system\Database\BaseConnection.php(729): CodeIgniter\Database\MySQLi\Connection->execute('INSERT INTO `us...')
#2 D:\Developer\singleFile\Nexus_SingleFile_BE\BE\vendor\codeigniter4\framework\system\Database\BaseConnection.php(646): CodeIgniter\Database\BaseConnection->simpleQuery('INSERT INTO `us...')
#3 D:\Developer\singleFile\Nexus_SingleFile_BE\BE\vendor\codeigniter4\framework\system\Database\BaseBuilder.php(2345): CodeIgniter\Database\BaseConnection->query('INSERT INTO `us...', Array, false)
#4 D:\Developer\singleFile\Nexus_SingleFile_BE\BE\app\Models\AuthModel.php(223): CodeIgniter\Database\BaseBuilder->insert(Array)
#5 D:\Developer\singleFile\Nexus_SingleFile_BE\BE\app\Models\AuthModel.php(92): App\Models\AuthModel->saveRefreshToken('1', 'eyJ0eXAiOiJKV1Q...')
#6 D:\Developer\singleFile\Nexus_SingleFile_BE\BE\app\Controllers\Api\Auth.php(41): App\Models\AuthModel->authenticate('admin@nexusqtec...', 'admin123')
#7 D:\Developer\singleFile\Nexus_SingleFile_BE\BE\vendor\codeigniter4\framework\system\CodeIgniter.php(933): App\Controllers\Api\Auth->login()
#8 D:\Developer\singleFile\Nexus_SingleFile_BE\BE\vendor\codeigniter4\framework\system\CodeIgniter.php(507): CodeIgniter\CodeIgniter->runController(Object(App\Controllers\Api\Auth))
#9 D:\Developer\singleFile\Nexus_SingleFile_BE\BE\vendor\codeigniter4\framework\system\CodeIgniter.php(354): CodeIgniter\CodeIgniter->handleRequest(NULL, Object(Config\Cache), false)
#10 D:\Developer\singleFile\Nexus_SingleFile_BE\BE\vendor\codeigniter4\framework\system\Boot.php(363): CodeIgniter\CodeIgniter->run()
#11 D:\Developer\singleFile\Nexus_SingleFile_BE\BE\vendor\codeigniter4\framework\system\Boot.php(68): CodeIgniter\Boot::runCodeIgniter(Object(CodeIgniter\CodeIgniter))
#12 D:\Developer\singleFile\Nexus_SingleFile_BE\BE\public\index.php(60): CodeIgniter\Boot::bootWeb(Object(Config\Paths))
#13 D:\Developer\singleFile\Nexus_SingleFile_BE\BE\vendor\codeigniter4\framework\system\rewrite.php(44): require_once('D:\\Developer\\si...')
#14 {main}
ERROR - 2026-03-01 00:45:24 --> Error guardando refresh token: Cannot add or update a child row: a foreign key constraint fails (`nexfile`.`user_refresh_token`, CONSTRAINT `FK_user_refresh_token_IdLastUserUpdate` FOREIGN KEY (`IdLastUserUpdate`) REFERENCES `user` (`Id`) ON DELETE SET NULL ON UPDATE CASCADE)
ERROR - 2026-03-01 00:45:32 --> mysqli_sql_exception: Cannot add or update a child row: a foreign key constraint fails (`nexfile`.`user_refresh_token`, CONSTRAINT `FK_user_refresh_token_IdLastUserUpdate` FOREIGN KEY (`IdLastUserUpdate`) REFERENCES `user` (`Id`) ON DELETE SET NULL ON UPDATE CASCADE) in D:\Developer\singleFile\Nexus_SingleFile_BE\BE\vendor\codeigniter4\framework\system\Database\MySQLi\Connection.php:327
Stack trace:
#0 D:\Developer\singleFile\Nexus_SingleFile_BE\BE\vendor\codeigniter4\framework\system\Database\MySQLi\Connection.php(327): mysqli->query('INSERT INTO `us...', 0)
#1 D:\Developer\singleFile\Nexus_SingleFile_BE\BE\vendor\codeigniter4\framework\system\Database\BaseConnection.php(729): CodeIgniter\Database\MySQLi\Connection->execute('INSERT INTO `us...')
#2 D:\Developer\singleFile\Nexus_SingleFile_BE\BE\vendor\codeigniter4\framework\system\Database\BaseConnection.php(646): CodeIgniter\Database\BaseConnection->simpleQuery('INSERT INTO `us...')
#3 D:\Developer\singleFile\Nexus_SingleFile_BE\BE\vendor\codeigniter4\framework\system\Database\BaseBuilder.php(2345): CodeIgniter\Database\BaseConnection->query('INSERT INTO `us...', Array, false)
#4 D:\Developer\singleFile\Nexus_SingleFile_BE\BE\app\Models\AuthModel.php(223): CodeIgniter\Database\BaseBuilder->insert(Array)
#5 D:\Developer\singleFile\Nexus_SingleFile_BE\BE\app\Models\AuthModel.php(92): App\Models\AuthModel->saveRefreshToken('1', 'eyJ0eXAiOiJKV1Q...')
#6 D:\Developer\singleFile\Nexus_SingleFile_BE\BE\app\Controllers\Api\Auth.php(41): App\Models\AuthModel->authenticate('admin@nexusqtec...', 'admin123')
#7 D:\Developer\singleFile\Nexus_SingleFile_BE\BE\vendor\codeigniter4\framework\system\CodeIgniter.php(933): App\Controllers\Api\Auth->login()
#8 D:\Developer\singleFile\Nexus_SingleFile_BE\BE\vendor\codeigniter4\framework\system\CodeIgniter.php(507): CodeIgniter\CodeIgniter->runController(Object(App\Controllers\Api\Auth))
#9 D:\Developer\singleFile\Nexus_SingleFile_BE\BE\vendor\codeigniter4\framework\system\CodeIgniter.php(354): CodeIgniter\CodeIgniter->handleRequest(NULL, Object(Config\Cache), false)
#10 D:\Developer\singleFile\Nexus_SingleFile_BE\BE\vendor\codeigniter4\framework\system\Boot.php(363): CodeIgniter\CodeIgniter->run()
#11 D:\Developer\singleFile\Nexus_SingleFile_BE\BE\vendor\codeigniter4\framework\system\Boot.php(68): CodeIgniter\Boot::runCodeIgniter(Object(CodeIgniter\CodeIgniter))
#12 D:\Developer\singleFile\Nexus_SingleFile_BE\BE\public\index.php(60): CodeIgniter\Boot::bootWeb(Object(Config\Paths))
#13 D:\Developer\singleFile\Nexus_SingleFile_BE\BE\vendor\codeigniter4\framework\system\rewrite.php(44): require_once('D:\\Developer\\si...')
#14 {main}
ERROR - 2026-03-01 00:45:32 --> Error guardando refresh token: Cannot add or update a child row: a foreign key constraint fails (`nexfile`.`user_refresh_token`, CONSTRAINT `FK_user_refresh_token_IdLastUserUpdate` FOREIGN KEY (`IdLastUserUpdate`) REFERENCES `user` (`Id`) ON DELETE SET NULL ON UPDATE CASCADE)
ERROR - 2026-03-01 00:46:13 --> mysqli_sql_exception: Cannot add or update a child row: a foreign key constraint fails (`nexfile`.`user_refresh_token`, CONSTRAINT `FK_user_refresh_token_IdLastUserUpdate` FOREIGN KEY (`IdLastUserUpdate`) REFERENCES `user` (`Id`) ON DELETE SET NULL ON UPDATE CASCADE) in D:\Developer\singleFile\Nexus_SingleFile_BE\BE\vendor\codeigniter4\framework\system\Database\MySQLi\Connection.php:327
Stack trace:
#0 D:\Developer\singleFile\Nexus_SingleFile_BE\BE\vendor\codeigniter4\framework\system\Database\MySQLi\Connection.php(327): mysqli->query('INSERT INTO `us...', 0)
#1 D:\Developer\singleFile\Nexus_SingleFile_BE\BE\vendor\codeigniter4\framework\system\Database\BaseConnection.php(729): CodeIgniter\Database\MySQLi\Connection->execute('INSERT INTO `us...')
#2 D:\Developer\singleFile\Nexus_SingleFile_BE\BE\vendor\codeigniter4\framework\system\Database\BaseConnection.php(646): CodeIgniter\Database\BaseConnection->simpleQuery('INSERT INTO `us...')
#3 D:\Developer\singleFile\Nexus_SingleFile_BE\BE\vendor\codeigniter4\framework\system\Database\BaseBuilder.php(2345): CodeIgniter\Database\BaseConnection->query('INSERT INTO `us...', Array, false)
#4 D:\Developer\singleFile\Nexus_SingleFile_BE\BE\app\Models\AuthModel.php(223): CodeIgniter\Database\BaseBuilder->insert(Array)
#5 D:\Developer\singleFile\Nexus_SingleFile_BE\BE\app\Models\AuthModel.php(92): App\Models\AuthModel->saveRefreshToken('1', 'eyJ0eXAiOiJKV1Q...')
#6 D:\Developer\singleFile\Nexus_SingleFile_BE\BE\app\Controllers\Api\Auth.php(41): App\Models\AuthModel->authenticate('admin@nexusqtec...', 'admin123')
#7 D:\Developer\singleFile\Nexus_SingleFile_BE\BE\vendor\codeigniter4\framework\system\CodeIgniter.php(933): App\Controllers\Api\Auth->login()
#8 D:\Developer\singleFile\Nexus_SingleFile_BE\BE\vendor\codeigniter4\framework\system\CodeIgniter.php(507): CodeIgniter\CodeIgniter->runController(Object(App\Controllers\Api\Auth))
#9 D:\Developer\singleFile\Nexus_SingleFile_BE\BE\vendor\codeigniter4\framework\system\CodeIgniter.php(354): CodeIgniter\CodeIgniter->handleRequest(NULL, Object(Config\Cache), false)
#10 D:\Developer\singleFile\Nexus_SingleFile_BE\BE\vendor\codeigniter4\framework\system\Boot.php(363): CodeIgniter\CodeIgniter->run()
#11 D:\Developer\singleFile\Nexus_SingleFile_BE\BE\vendor\codeigniter4\framework\system\Boot.php(68): CodeIgniter\Boot::runCodeIgniter(Object(CodeIgniter\CodeIgniter))
#12 D:\Developer\singleFile\Nexus_SingleFile_BE\BE\public\index.php(60): CodeIgniter\Boot::bootWeb(Object(Config\Paths))
#13 D:\Developer\singleFile\Nexus_SingleFile_BE\BE\vendor\codeigniter4\framework\system\rewrite.php(44): require_once('D:\\Developer\\si...')
#14 {main}
ERROR - 2026-03-01 00:46:13 --> Error guardando refresh token: Cannot add or update a child row: a foreign key constraint fails (`nexfile`.`user_refresh_token`, CONSTRAINT `FK_user_refresh_token_IdLastUserUpdate` FOREIGN KEY (`IdLastUserUpdate`) REFERENCES `user` (`Id`) ON DELETE SET NULL ON UPDATE CASCADE)
ERROR - 2026-03-01 00:46:31 --> mysqli_sql_exception: Cannot add or update a child row: a foreign key constraint fails (`nexfile`.`user_refresh_token`, CONSTRAINT `FK_user_refresh_token_IdLastUserUpdate` FOREIGN KEY (`IdLastUserUpdate`) REFERENCES `user` (`Id`) ON DELETE SET NULL ON UPDATE CASCADE) in D:\Developer\singleFile\Nexus_SingleFile_BE\BE\vendor\codeigniter4\framework\system\Database\MySQLi\Connection.php:327
Stack trace:
#0 D:\Developer\singleFile\Nexus_SingleFile_BE\BE\vendor\codeigniter4\framework\system\Database\MySQLi\Connection.php(327): mysqli->query('INSERT INTO `us...', 0)
#1 D:\Developer\singleFile\Nexus_SingleFile_BE\BE\vendor\codeigniter4\framework\system\Database\BaseConnection.php(729): CodeIgniter\Database\MySQLi\Connection->execute('INSERT INTO `us...')
#2 D:\Developer\singleFile\Nexus_SingleFile_BE\BE\vendor\codeigniter4\framework\system\Database\BaseConnection.php(646): CodeIgniter\Database\BaseConnection->simpleQuery('INSERT INTO `us...')
#3 D:\Developer\singleFile\Nexus_SingleFile_BE\BE\vendor\codeigniter4\framework\system\Database\BaseBuilder.php(2345): CodeIgniter\Database\BaseConnection->query('INSERT INTO `us...', Array, false)
#4 D:\Developer\singleFile\Nexus_SingleFile_BE\BE\app\Models\AuthModel.php(223): CodeIgniter\Database\BaseBuilder->insert(Array)
#5 D:\Developer\singleFile\Nexus_SingleFile_BE\BE\app\Models\AuthModel.php(92): App\Models\AuthModel->saveRefreshToken('1', 'eyJ0eXAiOiJKV1Q...')
#6 D:\Developer\singleFile\Nexus_SingleFile_BE\BE\app\Controllers\Api\Auth.php(41): App\Models\AuthModel->authenticate('admin@nexusqtec...', 'admin123')
#7 D:\Developer\singleFile\Nexus_SingleFile_BE\BE\vendor\codeigniter4\framework\system\CodeIgniter.php(933): App\Controllers\Api\Auth->login()
#8 D:\Developer\singleFile\Nexus_SingleFile_BE\BE\vendor\codeigniter4\framework\system\CodeIgniter.php(507): CodeIgniter\CodeIgniter->runController(Object(App\Controllers\Api\Auth))
#9 D:\Developer\singleFile\Nexus_SingleFile_BE\BE\vendor\codeigniter4\framework\system\CodeIgniter.php(354): CodeIgniter\CodeIgniter->handleRequest(NULL, Object(Config\Cache), false)
#10 D:\Developer\singleFile\Nexus_SingleFile_BE\BE\vendor\codeigniter4\framework\system\Boot.php(363): CodeIgniter\CodeIgniter->run()
#11 D:\Developer\singleFile\Nexus_SingleFile_BE\BE\vendor\codeigniter4\framework\system\Boot.php(68): CodeIgniter\Boot::runCodeIgniter(Object(CodeIgniter\CodeIgniter))
#12 D:\Developer\singleFile\Nexus_SingleFile_BE\BE\public\index.php(60): CodeIgniter\Boot::bootWeb(Object(Config\Paths))
#13 D:\Developer\singleFile\Nexus_SingleFile_BE\BE\vendor\codeigniter4\framework\system\rewrite.php(44): require_once('D:\\Developer\\si...')
#14 {main}
ERROR - 2026-03-01 00:46:31 --> Error guardando refresh token: Cannot add or update a child row: a foreign key constraint fails (`nexfile`.`user_refresh_token`, CONSTRAINT `FK_user_refresh_token_IdLastUserUpdate` FOREIGN KEY (`IdLastUserUpdate`) REFERENCES `user` (`Id`) ON DELETE SET NULL ON UPDATE CASCADE)
ERROR - 2026-03-01 00:46:36 --> mysqli_sql_exception: Cannot add or update a child row: a foreign key constraint fails (`nexfile`.`user_refresh_token`, CONSTRAINT `FK_user_refresh_token_IdLastUserUpdate` FOREIGN KEY (`IdLastUserUpdate`) REFERENCES `user` (`Id`) ON DELETE SET NULL ON UPDATE CASCADE) in D:\Developer\singleFile\Nexus_SingleFile_BE\BE\vendor\codeigniter4\framework\system\Database\MySQLi\Connection.php:327
Stack trace:
#0 D:\Developer\singleFile\Nexus_SingleFile_BE\BE\vendor\codeigniter4\framework\system\Database\MySQLi\Connection.php(327): mysqli->query('INSERT INTO `us...', 0)
#1 D:\Developer\singleFile\Nexus_SingleFile_BE\BE\vendor\codeigniter4\framework\system\Database\BaseConnection.php(729): CodeIgniter\Database\MySQLi\Connection->execute('INSERT INTO `us...')
#2 D:\Developer\singleFile\Nexus_SingleFile_BE\BE\vendor\codeigniter4\framework\system\Database\BaseConnection.php(646): CodeIgniter\Database\BaseConnection->simpleQuery('INSERT INTO `us...')
#3 D:\Developer\singleFile\Nexus_SingleFile_BE\BE\vendor\codeigniter4\framework\system\Database\BaseBuilder.php(2345): CodeIgniter\Database\BaseConnection->query('INSERT INTO `us...', Array, false)
#4 D:\Developer\singleFile\Nexus_SingleFile_BE\BE\app\Models\AuthModel.php(223): CodeIgniter\Database\BaseBuilder->insert(Array)
#5 D:\Developer\singleFile\Nexus_SingleFile_BE\BE\app\Models\AuthModel.php(92): App\Models\AuthModel->saveRefreshToken('1', 'eyJ0eXAiOiJKV1Q...')
#6 D:\Developer\singleFile\Nexus_SingleFile_BE\BE\app\Controllers\Api\Auth.php(41): App\Models\AuthModel->authenticate('admin@nexusqtec...', 'admin123')
#7 D:\Developer\singleFile\Nexus_SingleFile_BE\BE\vendor\codeigniter4\framework\system\CodeIgniter.php(933): App\Controllers\Api\Auth->login()
#8 D:\Developer\singleFile\Nexus_SingleFile_BE\BE\vendor\codeigniter4\framework\system\CodeIgniter.php(507): CodeIgniter\CodeIgniter->runController(Object(App\Controllers\Api\Auth))
#9 D:\Developer\singleFile\Nexus_SingleFile_BE\BE\vendor\codeigniter4\framework\system\CodeIgniter.php(354): CodeIgniter\CodeIgniter->handleRequest(NULL, Object(Config\Cache), false)
#10 D:\Developer\singleFile\Nexus_SingleFile_BE\BE\vendor\codeigniter4\framework\system\Boot.php(363): CodeIgniter\CodeIgniter->run()
#11 D:\Developer\singleFile\Nexus_SingleFile_BE\BE\vendor\codeigniter4\framework\system\Boot.php(68): CodeIgniter\Boot::runCodeIgniter(Object(CodeIgniter\CodeIgniter))
#12 D:\Developer\singleFile\Nexus_SingleFile_BE\BE\public\index.php(60): CodeIgniter\Boot::bootWeb(Object(Config\Paths))
#13 D:\Developer\singleFile\Nexus_SingleFile_BE\BE\vendor\codeigniter4\framework\system\rewrite.php(44): require_once('D:\\Developer\\si...')
#14 {main}
ERROR - 2026-03-01 00:46:36 --> Error guardando refresh token: Cannot add or update a child row: a foreign key constraint fails (`nexfile`.`user_refresh_token`, CONSTRAINT `FK_user_refresh_token_IdLastUserUpdate` FOREIGN KEY (`IdLastUserUpdate`) REFERENCES `user` (`Id`) ON DELETE SET NULL ON UPDATE CASCADE)
ERROR - 2026-03-01 00:46:41 --> mysqli_sql_exception: Cannot add or update a child row: a foreign key constraint fails (`nexfile`.`user_refresh_token`, CONSTRAINT `FK_user_refresh_token_IdLastUserUpdate` FOREIGN KEY (`IdLastUserUpdate`) REFERENCES `user` (`Id`) ON DELETE SET NULL ON UPDATE CASCADE) in D:\Developer\singleFile\Nexus_SingleFile_BE\BE\vendor\codeigniter4\framework\system\Database\MySQLi\Connection.php:327
Stack trace:
#0 D:\Developer\singleFile\Nexus_SingleFile_BE\BE\vendor\codeigniter4\framework\system\Database\MySQLi\Connection.php(327): mysqli->query('INSERT INTO `us...', 0)
#1 D:\Developer\singleFile\Nexus_SingleFile_BE\BE\vendor\codeigniter4\framework\system\Database\BaseConnection.php(729): CodeIgniter\Database\MySQLi\Connection->execute('INSERT INTO `us...')
#2 D:\Developer\singleFile\Nexus_SingleFile_BE\BE\vendor\codeigniter4\framework\system\Database\BaseConnection.php(646): CodeIgniter\Database\BaseConnection->simpleQuery('INSERT INTO `us...')
#3 D:\Developer\singleFile\Nexus_SingleFile_BE\BE\vendor\codeigniter4\framework\system\Database\BaseBuilder.php(2345): CodeIgniter\Database\BaseConnection->query('INSERT INTO `us...', Array, false)
#4 D:\Developer\singleFile\Nexus_SingleFile_BE\BE\app\Models\AuthModel.php(223): CodeIgniter\Database\BaseBuilder->insert(Array)
#5 D:\Developer\singleFile\Nexus_SingleFile_BE\BE\app\Models\AuthModel.php(92): App\Models\AuthModel->saveRefreshToken('1', 'eyJ0eXAiOiJKV1Q...')
#6 D:\Developer\singleFile\Nexus_SingleFile_BE\BE\app\Controllers\Api\Auth.php(41): App\Models\AuthModel->authenticate('admin@nexusqtec...', 'admin123')
#7 D:\Developer\singleFile\Nexus_SingleFile_BE\BE\vendor\codeigniter4\framework\system\CodeIgniter.php(933): App\Controllers\Api\Auth->login()
#8 D:\Developer\singleFile\Nexus_SingleFile_BE\BE\vendor\codeigniter4\framework\system\CodeIgniter.php(507): CodeIgniter\CodeIgniter->runController(Object(App\Controllers\Api\Auth))
#9 D:\Developer\singleFile\Nexus_SingleFile_BE\BE\vendor\codeigniter4\framework\system\CodeIgniter.php(354): CodeIgniter\CodeIgniter->handleRequest(NULL, Object(Config\Cache), false)
#10 D:\Developer\singleFile\Nexus_SingleFile_BE\BE\vendor\codeigniter4\framework\system\Boot.php(363): CodeIgniter\CodeIgniter->run()
#11 D:\Developer\singleFile\Nexus_SingleFile_BE\BE\vendor\codeigniter4\framework\system\Boot.php(68): CodeIgniter\Boot::runCodeIgniter(Object(CodeIgniter\CodeIgniter))
#12 D:\Developer\singleFile\Nexus_SingleFile_BE\BE\public\index.php(60): CodeIgniter\Boot::bootWeb(Object(Config\Paths))
#13 D:\Developer\singleFile\Nexus_SingleFile_BE\BE\vendor\codeigniter4\framework\system\rewrite.php(44): require_once('D:\\Developer\\si...')
#14 {main}
ERROR - 2026-03-01 00:46:41 --> Error guardando refresh token: Cannot add or update a child row: a foreign key constraint fails (`nexfile`.`user_refresh_token`, CONSTRAINT `FK_user_refresh_token_IdLastUserUpdate` FOREIGN KEY (`IdLastUserUpdate`) REFERENCES `user` (`Id`) ON DELETE SET NULL ON UPDATE CASCADE)
ERROR - 2026-03-01 00:46:50 --> mysqli_sql_exception: Cannot add or update a child row: a foreign key constraint fails (`nexfile`.`user_refresh_token`, CONSTRAINT `FK_user_refresh_token_IdLastUserUpdate` FOREIGN KEY (`IdLastUserUpdate`) REFERENCES `user` (`Id`) ON DELETE SET NULL ON UPDATE CASCADE) in D:\Developer\singleFile\Nexus_SingleFile_BE\BE\vendor\codeigniter4\framework\system\Database\MySQLi\Connection.php:327
Stack trace:
#0 D:\Developer\singleFile\Nexus_SingleFile_BE\BE\vendor\codeigniter4\framework\system\Database\MySQLi\Connection.php(327): mysqli->query('INSERT INTO `us...', 0)
#1 D:\Developer\singleFile\Nexus_SingleFile_BE\BE\vendor\codeigniter4\framework\system\Database\BaseConnection.php(729): CodeIgniter\Database\MySQLi\Connection->execute('INSERT INTO `us...')
#2 D:\Developer\singleFile\Nexus_SingleFile_BE\BE\vendor\codeigniter4\framework\system\Database\BaseConnection.php(646): CodeIgniter\Database\BaseConnection->simpleQuery('INSERT INTO `us...')
#3 D:\Developer\singleFile\Nexus_SingleFile_BE\BE\vendor\codeigniter4\framework\system\Database\BaseBuilder.php(2345): CodeIgniter\Database\BaseConnection->query('INSERT INTO `us...', Array, false)
#4 D:\Developer\singleFile\Nexus_SingleFile_BE\BE\app\Models\AuthModel.php(223): CodeIgniter\Database\BaseBuilder->insert(Array)
#5 D:\Developer\singleFile\Nexus_SingleFile_BE\BE\app\Models\AuthModel.php(92): App\Models\AuthModel->saveRefreshToken('1', 'eyJ0eXAiOiJKV1Q...')
#6 D:\Developer\singleFile\Nexus_SingleFile_BE\BE\app\Controllers\Api\Auth.php(41): App\Models\AuthModel->authenticate('admin@nexusqtec...', 'admin123')
#7 D:\Developer\singleFile\Nexus_SingleFile_BE\BE\vendor\codeigniter4\framework\system\CodeIgniter.php(933): App\Controllers\Api\Auth->login()
#8 D:\Developer\singleFile\Nexus_SingleFile_BE\BE\vendor\codeigniter4\framework\system\CodeIgniter.php(507): CodeIgniter\CodeIgniter->runController(Object(App\Controllers\Api\Auth))
#9 D:\Developer\singleFile\Nexus_SingleFile_BE\BE\vendor\codeigniter4\framework\system\CodeIgniter.php(354): CodeIgniter\CodeIgniter->handleRequest(NULL, Object(Config\Cache), false)
#10 D:\Developer\singleFile\Nexus_SingleFile_BE\BE\vendor\codeigniter4\framework\system\Boot.php(363): CodeIgniter\CodeIgniter->run()
#11 D:\Developer\singleFile\Nexus_SingleFile_BE\BE\vendor\codeigniter4\framework\system\Boot.php(68): CodeIgniter\Boot::runCodeIgniter(Object(CodeIgniter\CodeIgniter))
#12 D:\Developer\singleFile\Nexus_SingleFile_BE\BE\public\index.php(60): CodeIgniter\Boot::bootWeb(Object(Config\Paths))
#13 D:\Developer\singleFile\Nexus_SingleFile_BE\BE\vendor\codeigniter4\framework\system\rewrite.php(44): require_once('D:\\Developer\\si...')
#14 {main}
ERROR - 2026-03-01 00:46:50 --> Error guardando refresh token: Cannot add or update a child row: a foreign key constraint fails (`nexfile`.`user_refresh_token`, CONSTRAINT `FK_user_refresh_token_IdLastUserUpdate` FOREIGN KEY (`IdLastUserUpdate`) REFERENCES `user` (`Id`) ON DELETE SET NULL ON UPDATE CASCADE)
ERROR - 2026-03-01 00:46:57 --> mysqli_sql_exception: Cannot add or update a child row: a foreign key constraint fails (`nexfile`.`user_refresh_token`, CONSTRAINT `FK_user_refresh_token_IdLastUserUpdate` FOREIGN KEY (`IdLastUserUpdate`) REFERENCES `user` (`Id`) ON DELETE SET NULL ON UPDATE CASCADE) in D:\Developer\singleFile\Nexus_SingleFile_BE\BE\vendor\codeigniter4\framework\system\Database\MySQLi\Connection.php:327
Stack trace:
#0 D:\Developer\singleFile\Nexus_SingleFile_BE\BE\vendor\codeigniter4\framework\system\Database\MySQLi\Connection.php(327): mysqli->query('INSERT INTO `us...', 0)
#1 D:\Developer\singleFile\Nexus_SingleFile_BE\BE\vendor\codeigniter4\framework\system\Database\BaseConnection.php(729): CodeIgniter\Database\MySQLi\Connection->execute('INSERT INTO `us...')
#2 D:\Developer\singleFile\Nexus_SingleFile_BE\BE\vendor\codeigniter4\framework\system\Database\BaseConnection.php(646): CodeIgniter\Database\BaseConnection->simpleQuery('INSERT INTO `us...')
#3 D:\Developer\singleFile\Nexus_SingleFile_BE\BE\vendor\codeigniter4\framework\system\Database\BaseBuilder.php(2345): CodeIgniter\Database\BaseConnection->query('INSERT INTO `us...', Array, false)
#4 D:\Developer\singleFile\Nexus_SingleFile_BE\BE\app\Models\AuthModel.php(223): CodeIgniter\Database\BaseBuilder->insert(Array)
#5 D:\Developer\singleFile\Nexus_SingleFile_BE\BE\app\Models\AuthModel.php(92): App\Models\AuthModel->saveRefreshToken('1', 'eyJ0eXAiOiJKV1Q...')
#6 D:\Developer\singleFile\Nexus_SingleFile_BE\BE\app\Controllers\Api\Auth.php(41): App\Models\AuthModel->authenticate('admin@nexusqtec...', 'admin123')
#7 D:\Developer\singleFile\Nexus_SingleFile_BE\BE\vendor\codeigniter4\framework\system\CodeIgniter.php(933): App\Controllers\Api\Auth->login()
#8 D:\Developer\singleFile\Nexus_SingleFile_BE\BE\vendor\codeigniter4\framework\system\CodeIgniter.php(507): CodeIgniter\CodeIgniter->runController(Object(App\Controllers\Api\Auth))
#9 D:\Developer\singleFile\Nexus_SingleFile_BE\BE\vendor\codeigniter4\framework\system\CodeIgniter.php(354): CodeIgniter\CodeIgniter->handleRequest(NULL, Object(Config\Cache), false)
#10 D:\Developer\singleFile\Nexus_SingleFile_BE\BE\vendor\codeigniter4\framework\system\Boot.php(363): CodeIgniter\CodeIgniter->run()
#11 D:\Developer\singleFile\Nexus_SingleFile_BE\BE\vendor\codeigniter4\framework\system\Boot.php(68): CodeIgniter\Boot::runCodeIgniter(Object(CodeIgniter\CodeIgniter))
#12 D:\Developer\singleFile\Nexus_SingleFile_BE\BE\public\index.php(60): CodeIgniter\Boot::bootWeb(Object(Config\Paths))
#13 D:\Developer\singleFile\Nexus_SingleFile_BE\BE\vendor\codeigniter4\framework\system\rewrite.php(44): require_once('D:\\Developer\\si...')
#14 {main}
ERROR - 2026-03-01 00:46:57 --> Error guardando refresh token: Cannot add or update a child row: a foreign key constraint fails (`nexfile`.`user_refresh_token`, CONSTRAINT `FK_user_refresh_token_IdLastUserUpdate` FOREIGN KEY (`IdLastUserUpdate`) REFERENCES `user` (`Id`) ON DELETE SET NULL ON UPDATE CASCADE)
ERROR - 2026-03-01 00:47:15 --> mysqli_sql_exception: Cannot add or update a child row: a foreign key constraint fails (`nexfile`.`user_refresh_token`, CONSTRAINT `FK_user_refresh_token_IdLastUserUpdate` FOREIGN KEY (`IdLastUserUpdate`) REFERENCES `user` (`Id`) ON DELETE SET NULL ON UPDATE CASCADE) in D:\Developer\singleFile\Nexus_SingleFile_BE\BE\vendor\codeigniter4\framework\system\Database\MySQLi\Connection.php:327
Stack trace:
#0 D:\Developer\singleFile\Nexus_SingleFile_BE\BE\vendor\codeigniter4\framework\system\Database\MySQLi\Connection.php(327): mysqli->query('INSERT INTO `us...', 0)
#1 D:\Developer\singleFile\Nexus_SingleFile_BE\BE\vendor\codeigniter4\framework\system\Database\BaseConnection.php(729): CodeIgniter\Database\MySQLi\Connection->execute('INSERT INTO `us...')
#2 D:\Developer\singleFile\Nexus_SingleFile_BE\BE\vendor\codeigniter4\framework\system\Database\BaseConnection.php(646): CodeIgniter\Database\BaseConnection->simpleQuery('INSERT INTO `us...')
#3 D:\Developer\singleFile\Nexus_SingleFile_BE\BE\vendor\codeigniter4\framework\system\Database\BaseBuilder.php(2345): CodeIgniter\Database\BaseConnection->query('INSERT INTO `us...', Array, false)
#4 D:\Developer\singleFile\Nexus_SingleFile_BE\BE\app\Models\AuthModel.php(223): CodeIgniter\Database\BaseBuilder->insert(Array)
#5 D:\Developer\singleFile\Nexus_SingleFile_BE\BE\app\Models\AuthModel.php(92): App\Models\AuthModel->saveRefreshToken('1', 'eyJ0eXAiOiJKV1Q...')
#6 D:\Developer\singleFile\Nexus_SingleFile_BE\BE\app\Controllers\Api\Auth.php(41): App\Models\AuthModel->authenticate('admin@nexusqtec...', 'admin123')
#7 D:\Developer\singleFile\Nexus_SingleFile_BE\BE\vendor\codeigniter4\framework\system\CodeIgniter.php(933): App\Controllers\Api\Auth->login()
#8 D:\Developer\singleFile\Nexus_SingleFile_BE\BE\vendor\codeigniter4\framework\system\CodeIgniter.php(507): CodeIgniter\CodeIgniter->runController(Object(App\Controllers\Api\Auth))
#9 D:\Developer\singleFile\Nexus_SingleFile_BE\BE\vendor\codeigniter4\framework\system\CodeIgniter.php(354): CodeIgniter\CodeIgniter->handleRequest(NULL, Object(Config\Cache), false)
#10 D:\Developer\singleFile\Nexus_SingleFile_BE\BE\vendor\codeigniter4\framework\system\Boot.php(363): CodeIgniter\CodeIgniter->run()
#11 D:\Developer\singleFile\Nexus_SingleFile_BE\BE\vendor\codeigniter4\framework\system\Boot.php(68): CodeIgniter\Boot::runCodeIgniter(Object(CodeIgniter\CodeIgniter))
#12 D:\Developer\singleFile\Nexus_SingleFile_BE\BE\public\index.php(60): CodeIgniter\Boot::bootWeb(Object(Config\Paths))
#13 D:\Developer\singleFile\Nexus_SingleFile_BE\BE\vendor\codeigniter4\framework\system\rewrite.php(44): require_once('D:\\Developer\\si...')
#14 {main}
ERROR - 2026-03-01 00:47:15 --> Error guardando refresh token: Cannot add or update a child row: a foreign key constraint fails (`nexfile`.`user_refresh_token`, CONSTRAINT `FK_user_refresh_token_IdLastUserUpdate` FOREIGN KEY (`IdLastUserUpdate`) REFERENCES `user` (`Id`) ON DELETE SET NULL ON UPDATE CASCADE)
ERROR - 2026-03-01 00:47:17 --> mysqli_sql_exception: Cannot add or update a child row: a foreign key constraint fails (`nexfile`.`user_refresh_token`, CONSTRAINT `FK_user_refresh_token_IdLastUserUpdate` FOREIGN KEY (`IdLastUserUpdate`) REFERENCES `user` (`Id`) ON DELETE SET NULL ON UPDATE CASCADE) in D:\Developer\singleFile\Nexus_SingleFile_BE\BE\vendor\codeigniter4\framework\system\Database\MySQLi\Connection.php:327
Stack trace:
#0 D:\Developer\singleFile\Nexus_SingleFile_BE\BE\vendor\codeigniter4\framework\system\Database\MySQLi\Connection.php(327): mysqli->query('INSERT INTO `us...', 0)
#1 D:\Developer\singleFile\Nexus_SingleFile_BE\BE\vendor\codeigniter4\framework\system\Database\BaseConnection.php(729): CodeIgniter\Database\MySQLi\Connection->execute('INSERT INTO `us...')
#2 D:\Developer\singleFile\Nexus_SingleFile_BE\BE\vendor\codeigniter4\framework\system\Database\BaseConnection.php(646): CodeIgniter\Database\BaseConnection->simpleQuery('INSERT INTO `us...')
#3 D:\Developer\singleFile\Nexus_SingleFile_BE\BE\vendor\codeigniter4\framework\system\Database\BaseBuilder.php(2345): CodeIgniter\Database\BaseConnection->query('INSERT INTO `us...', Array, false)
#4 D:\Developer\singleFile\Nexus_SingleFile_BE\BE\app\Models\AuthModel.php(223): CodeIgniter\Database\BaseBuilder->insert(Array)
#5 D:\Developer\singleFile\Nexus_SingleFile_BE\BE\app\Models\AuthModel.php(92): App\Models\AuthModel->saveRefreshToken('1', 'eyJ0eXAiOiJKV1Q...')
#6 D:\Developer\singleFile\Nexus_SingleFile_BE\BE\app\Controllers\Api\Auth.php(41): App\Models\AuthModel->authenticate('admin@nexusqtec...', 'admin123')
#7 D:\Developer\singleFile\Nexus_SingleFile_BE\BE\vendor\codeigniter4\framework\system\CodeIgniter.php(933): App\Controllers\Api\Auth->login()
#8 D:\Developer\singleFile\Nexus_SingleFile_BE\BE\vendor\codeigniter4\framework\system\CodeIgniter.php(507): CodeIgniter\CodeIgniter->runController(Object(App\Controllers\Api\Auth))
#9 D:\Developer\singleFile\Nexus_SingleFile_BE\BE\vendor\codeigniter4\framework\system\CodeIgniter.php(354): CodeIgniter\CodeIgniter->handleRequest(NULL, Object(Config\Cache), false)
#10 D:\Developer\singleFile\Nexus_SingleFile_BE\BE\vendor\codeigniter4\framework\system\Boot.php(363): CodeIgniter\CodeIgniter->run()
#11 D:\Developer\singleFile\Nexus_SingleFile_BE\BE\vendor\codeigniter4\framework\system\Boot.php(68): CodeIgniter\Boot::runCodeIgniter(Object(CodeIgniter\CodeIgniter))
#12 D:\Developer\singleFile\Nexus_SingleFile_BE\BE\public\index.php(60): CodeIgniter\Boot::bootWeb(Object(Config\Paths))
#13 D:\Developer\singleFile\Nexus_SingleFile_BE\BE\vendor\codeigniter4\framework\system\rewrite.php(44): require_once('D:\\Developer\\si...')
#14 {main}
ERROR - 2026-03-01 00:47:17 --> Error guardando refresh token: Cannot add or update a child row: a foreign key constraint fails (`nexfile`.`user_refresh_token`, CONSTRAINT `FK_user_refresh_token_IdLastUserUpdate` FOREIGN KEY (`IdLastUserUpdate`) REFERENCES `user` (`Id`) ON DELETE SET NULL ON UPDATE CASCADE)
ERROR - 2026-03-01 00:47:39 --> mysqli_sql_exception: Cannot add or update a child row: a foreign key constraint fails (`nexfile`.`user_refresh_token`, CONSTRAINT `FK_user_refresh_token_IdLastUserUpdate` FOREIGN KEY (`IdLastUserUpdate`) REFERENCES `user` (`Id`) ON DELETE SET NULL ON UPDATE CASCADE) in D:\Developer\singleFile\Nexus_SingleFile_BE\BE\vendor\codeigniter4\framework\system\Database\MySQLi\Connection.php:327
Stack trace:
#0 D:\Developer\singleFile\Nexus_SingleFile_BE\BE\vendor\codeigniter4\framework\system\Database\MySQLi\Connection.php(327): mysqli->query('INSERT INTO `us...', 0)
#1 D:\Developer\singleFile\Nexus_SingleFile_BE\BE\vendor\codeigniter4\framework\system\Database\BaseConnection.php(729): CodeIgniter\Database\MySQLi\Connection->execute('INSERT INTO `us...')
#2 D:\Developer\singleFile\Nexus_SingleFile_BE\BE\vendor\codeigniter4\framework\system\Database\BaseConnection.php(646): CodeIgniter\Database\BaseConnection->simpleQuery('INSERT INTO `us...')
#3 D:\Developer\singleFile\Nexus_SingleFile_BE\BE\vendor\codeigniter4\framework\system\Database\BaseBuilder.php(2345): CodeIgniter\Database\BaseConnection->query('INSERT INTO `us...', Array, false)
#4 D:\Developer\singleFile\Nexus_SingleFile_BE\BE\app\Models\AuthModel.php(223): CodeIgniter\Database\BaseBuilder->insert(Array)
#5 D:\Developer\singleFile\Nexus_SingleFile_BE\BE\app\Models\AuthModel.php(92): App\Models\AuthModel->saveRefreshToken('1', 'eyJ0eXAiOiJKV1Q...')
#6 D:\Developer\singleFile\Nexus_SingleFile_BE\BE\app\Controllers\Api\Auth.php(41): App\Models\AuthModel->authenticate('admin@nexusqtec...', 'admin123')
#7 D:\Developer\singleFile\Nexus_SingleFile_BE\BE\vendor\codeigniter4\framework\system\CodeIgniter.php(933): App\Controllers\Api\Auth->login()
#8 D:\Developer\singleFile\Nexus_SingleFile_BE\BE\vendor\codeigniter4\framework\system\CodeIgniter.php(507): CodeIgniter\CodeIgniter->runController(Object(App\Controllers\Api\Auth))
#9 D:\Developer\singleFile\Nexus_SingleFile_BE\BE\vendor\codeigniter4\framework\system\CodeIgniter.php(354): CodeIgniter\CodeIgniter->handleRequest(NULL, Object(Config\Cache), false)
#10 D:\Developer\singleFile\Nexus_SingleFile_BE\BE\vendor\codeigniter4\framework\system\Boot.php(363): CodeIgniter\CodeIgniter->run()
#11 D:\Developer\singleFile\Nexus_SingleFile_BE\BE\vendor\codeigniter4\framework\system\Boot.php(68): CodeIgniter\Boot::runCodeIgniter(Object(CodeIgniter\CodeIgniter))
#12 D:\Developer\singleFile\Nexus_SingleFile_BE\BE\public\index.php(60): CodeIgniter\Boot::bootWeb(Object(Config\Paths))
#13 D:\Developer\singleFile\Nexus_SingleFile_BE\BE\vendor\codeigniter4\framework\system\rewrite.php(44): require_once('D:\\Developer\\si...')
#14 {main}
ERROR - 2026-03-01 00:47:39 --> Error guardando refresh token: Cannot add or update a child row: a foreign key constraint fails (`nexfile`.`user_refresh_token`, CONSTRAINT `FK_user_refresh_token_IdLastUserUpdate` FOREIGN KEY (`IdLastUserUpdate`) REFERENCES `user` (`Id`) ON DELETE SET NULL ON UPDATE CASCADE)
ERROR - 2026-03-01 00:47:41 --> mysqli_sql_exception: Cannot add or update a child row: a foreign key constraint fails (`nexfile`.`user_refresh_token`, CONSTRAINT `FK_user_refresh_token_IdLastUserUpdate` FOREIGN KEY (`IdLastUserUpdate`) REFERENCES `user` (`Id`) ON DELETE SET NULL ON UPDATE CASCADE) in D:\Developer\singleFile\Nexus_SingleFile_BE\BE\vendor\codeigniter4\framework\system\Database\MySQLi\Connection.php:327
Stack trace:
#0 D:\Developer\singleFile\Nexus_SingleFile_BE\BE\vendor\codeigniter4\framework\system\Database\MySQLi\Connection.php(327): mysqli->query('INSERT INTO `us...', 0)
#1 D:\Developer\singleFile\Nexus_SingleFile_BE\BE\vendor\codeigniter4\framework\system\Database\BaseConnection.php(729): CodeIgniter\Database\MySQLi\Connection->execute('INSERT INTO `us...')
#2 D:\Developer\singleFile\Nexus_SingleFile_BE\BE\vendor\codeigniter4\framework\system\Database\BaseConnection.php(646): CodeIgniter\Database\BaseConnection->simpleQuery('INSERT INTO `us...')
#3 D:\Developer\singleFile\Nexus_SingleFile_BE\BE\vendor\codeigniter4\framework\system\Database\BaseBuilder.php(2345): CodeIgniter\Database\BaseConnection->query('INSERT INTO `us...', Array, false)
#4 D:\Developer\singleFile\Nexus_SingleFile_BE\BE\app\Models\AuthModel.php(223): CodeIgniter\Database\BaseBuilder->insert(Array)
#5 D:\Developer\singleFile\Nexus_SingleFile_BE\BE\app\Models\AuthModel.php(92): App\Models\AuthModel->saveRefreshToken('1', 'eyJ0eXAiOiJKV1Q...')
#6 D:\Developer\singleFile\Nexus_SingleFile_BE\BE\app\Controllers\Api\Auth.php(41): App\Models\AuthModel->authenticate('admin@nexusqtec...', 'admin123')
#7 D:\Developer\singleFile\Nexus_SingleFile_BE\BE\vendor\codeigniter4\framework\system\CodeIgniter.php(933): App\Controllers\Api\Auth->login()
#8 D:\Developer\singleFile\Nexus_SingleFile_BE\BE\vendor\codeigniter4\framework\system\CodeIgniter.php(507): CodeIgniter\CodeIgniter->runController(Object(App\Controllers\Api\Auth))
#9 D:\Developer\singleFile\Nexus_SingleFile_BE\BE\vendor\codeigniter4\framework\system\CodeIgniter.php(354): CodeIgniter\CodeIgniter->handleRequest(NULL, Object(Config\Cache), false)
#10 D:\Developer\singleFile\Nexus_SingleFile_BE\BE\vendor\codeigniter4\framework\system\Boot.php(363): CodeIgniter\CodeIgniter->run()
#11 D:\Developer\singleFile\Nexus_SingleFile_BE\BE\vendor\codeigniter4\framework\system\Boot.php(68): CodeIgniter\Boot::runCodeIgniter(Object(CodeIgniter\CodeIgniter))
#12 D:\Developer\singleFile\Nexus_SingleFile_BE\BE\public\index.php(60): CodeIgniter\Boot::bootWeb(Object(Config\Paths))
#13 D:\Developer\singleFile\Nexus_SingleFile_BE\BE\vendor\codeigniter4\framework\system\rewrite.php(44): require_once('D:\\Developer\\si...')
#14 {main}
ERROR - 2026-03-01 00:47:41 --> Error guardando refresh token: Cannot add or update a child row: a foreign key constraint fails (`nexfile`.`user_refresh_token`, CONSTRAINT `FK_user_refresh_token_IdLastUserUpdate` FOREIGN KEY (`IdLastUserUpdate`) REFERENCES `user` (`Id`) ON DELETE SET NULL ON UPDATE CASCADE)
ERROR - 2026-03-01 00:47:52 --> mysqli_sql_exception: Cannot add or update a child row: a foreign key constraint fails (`nexfile`.`user_refresh_token`, CONSTRAINT `FK_user_refresh_token_IdLastUserUpdate` FOREIGN KEY (`IdLastUserUpdate`) REFERENCES `user` (`Id`) ON DELETE SET NULL ON UPDATE CASCADE) in D:\Developer\singleFile\Nexus_SingleFile_BE\BE\vendor\codeigniter4\framework\system\Database\MySQLi\Connection.php:327
Stack trace:
#0 D:\Developer\singleFile\Nexus_SingleFile_BE\BE\vendor\codeigniter4\framework\system\Database\MySQLi\Connection.php(327): mysqli->query('INSERT INTO `us...', 0)
#1 D:\Developer\singleFile\Nexus_SingleFile_BE\BE\vendor\codeigniter4\framework\system\Database\BaseConnection.php(729): CodeIgniter\Database\MySQLi\Connection->execute('INSERT INTO `us...')
#2 D:\Developer\singleFile\Nexus_SingleFile_BE\BE\vendor\codeigniter4\framework\system\Database\BaseConnection.php(646): CodeIgniter\Database\BaseConnection->simpleQuery('INSERT INTO `us...')
#3 D:\Developer\singleFile\Nexus_SingleFile_BE\BE\vendor\codeigniter4\framework\system\Database\BaseBuilder.php(2345): CodeIgniter\Database\BaseConnection->query('INSERT INTO `us...', Array, false)
#4 D:\Developer\singleFile\Nexus_SingleFile_BE\BE\app\Models\AuthModel.php(223): CodeIgniter\Database\BaseBuilder->insert(Array)
#5 D:\Developer\singleFile\Nexus_SingleFile_BE\BE\app\Models\AuthModel.php(92): App\Models\AuthModel->saveRefreshToken('1', 'eyJ0eXAiOiJKV1Q...')
#6 D:\Developer\singleFile\Nexus_SingleFile_BE\BE\app\Controllers\Api\Auth.php(41): App\Models\AuthModel->authenticate('admin@nexusqtec...', 'admin123')
#7 D:\Developer\singleFile\Nexus_SingleFile_BE\BE\vendor\codeigniter4\framework\system\CodeIgniter.php(933): App\Controllers\Api\Auth->login()
#8 D:\Developer\singleFile\Nexus_SingleFile_BE\BE\vendor\codeigniter4\framework\system\CodeIgniter.php(507): CodeIgniter\CodeIgniter->runController(Object(App\Controllers\Api\Auth))
#9 D:\Developer\singleFile\Nexus_SingleFile_BE\BE\vendor\codeigniter4\framework\system\CodeIgniter.php(354): CodeIgniter\CodeIgniter->handleRequest(NULL, Object(Config\Cache), false)
#10 D:\Developer\singleFile\Nexus_SingleFile_BE\BE\vendor\codeigniter4\framework\system\Boot.php(363): CodeIgniter\CodeIgniter->run()
#11 D:\Developer\singleFile\Nexus_SingleFile_BE\BE\vendor\codeigniter4\framework\system\Boot.php(68): CodeIgniter\Boot::runCodeIgniter(Object(CodeIgniter\CodeIgniter))
#12 D:\Developer\singleFile\Nexus_SingleFile_BE\BE\public\index.php(60): CodeIgniter\Boot::bootWeb(Object(Config\Paths))
#13 D:\Developer\singleFile\Nexus_SingleFile_BE\BE\vendor\codeigniter4\framework\system\rewrite.php(44): require_once('D:\\Developer\\si...')
#14 {main}
ERROR - 2026-03-01 00:47:52 --> Error guardando refresh token: Cannot add or update a child row: a foreign key constraint fails (`nexfile`.`user_refresh_token`, CONSTRAINT `FK_user_refresh_token_IdLastUserUpdate` FOREIGN KEY (`IdLastUserUpdate`) REFERENCES `user` (`Id`) ON DELETE SET NULL ON UPDATE CASCADE)
ERROR - 2026-03-01 00:47:58 --> mysqli_sql_exception: Cannot add or update a child row: a foreign key constraint fails (`nexfile`.`user_refresh_token`, CONSTRAINT `FK_user_refresh_token_IdLastUserUpdate` FOREIGN KEY (`IdLastUserUpdate`) REFERENCES `user` (`Id`) ON DELETE SET NULL ON UPDATE CASCADE) in D:\Developer\singleFile\Nexus_SingleFile_BE\BE\vendor\codeigniter4\framework\system\Database\MySQLi\Connection.php:327
Stack trace:
#0 D:\Developer\singleFile\Nexus_SingleFile_BE\BE\vendor\codeigniter4\framework\system\Database\MySQLi\Connection.php(327): mysqli->query('INSERT INTO `us...', 0)
#1 D:\Developer\singleFile\Nexus_SingleFile_BE\BE\vendor\codeigniter4\framework\system\Database\BaseConnection.php(729): CodeIgniter\Database\MySQLi\Connection->execute('INSERT INTO `us...')
#2 D:\Developer\singleFile\Nexus_SingleFile_BE\BE\vendor\codeigniter4\framework\system\Database\BaseConnection.php(646): CodeIgniter\Database\BaseConnection->simpleQuery('INSERT INTO `us...')
#3 D:\Developer\singleFile\Nexus_SingleFile_BE\BE\vendor\codeigniter4\framework\system\Database\BaseBuilder.php(2345): CodeIgniter\Database\BaseConnection->query('INSERT INTO `us...', Array, false)
#4 D:\Developer\singleFile\Nexus_SingleFile_BE\BE\app\Models\AuthModel.php(223): CodeIgniter\Database\BaseBuilder->insert(Array)
#5 D:\Developer\singleFile\Nexus_SingleFile_BE\BE\app\Models\AuthModel.php(92): App\Models\AuthModel->saveRefreshToken('1', 'eyJ0eXAiOiJKV1Q...')
#6 D:\Developer\singleFile\Nexus_SingleFile_BE\BE\app\Controllers\Api\Auth.php(41): App\Models\AuthModel->authenticate('admin@nexusqtec...', 'admin123')
#7 D:\Developer\singleFile\Nexus_SingleFile_BE\BE\vendor\codeigniter4\framework\system\CodeIgniter.php(933): App\Controllers\Api\Auth->login()
#8 D:\Developer\singleFile\Nexus_SingleFile_BE\BE\vendor\codeigniter4\framework\system\CodeIgniter.php(507): CodeIgniter\CodeIgniter->runController(Object(App\Controllers\Api\Auth))
#9 D:\Developer\singleFile\Nexus_SingleFile_BE\BE\vendor\codeigniter4\framework\system\CodeIgniter.php(354): CodeIgniter\CodeIgniter->handleRequest(NULL, Object(Config\Cache), false)
#10 D:\Developer\singleFile\Nexus_SingleFile_BE\BE\vendor\codeigniter4\framework\system\Boot.php(363): CodeIgniter\CodeIgniter->run()
#11 D:\Developer\singleFile\Nexus_SingleFile_BE\BE\vendor\codeigniter4\framework\system\Boot.php(68): CodeIgniter\Boot::runCodeIgniter(Object(CodeIgniter\CodeIgniter))
#12 D:\Developer\singleFile\Nexus_SingleFile_BE\BE\public\index.php(60): CodeIgniter\Boot::bootWeb(Object(Config\Paths))
#13 D:\Developer\singleFile\Nexus_SingleFile_BE\BE\vendor\codeigniter4\framework\system\rewrite.php(44): require_once('D:\\Developer\\si...')
#14 {main}
ERROR - 2026-03-01 00:47:58 --> Error guardando refresh token: Cannot add or update a child row: a foreign key constraint fails (`nexfile`.`user_refresh_token`, CONSTRAINT `FK_user_refresh_token_IdLastUserUpdate` FOREIGN KEY (`IdLastUserUpdate`) REFERENCES `user` (`Id`) ON DELETE SET NULL ON UPDATE CASCADE)
ERROR - 2026-03-01 00:48:09 --> mysqli_sql_exception: Cannot add or update a child row: a foreign key constraint fails (`nexfile`.`user_refresh_token`, CONSTRAINT `FK_user_refresh_token_IdLastUserUpdate` FOREIGN KEY (`IdLastUserUpdate`) REFERENCES `user` (`Id`) ON DELETE SET NULL ON UPDATE CASCADE) in D:\Developer\singleFile\Nexus_SingleFile_BE\BE\vendor\codeigniter4\framework\system\Database\MySQLi\Connection.php:327
Stack trace:
#0 D:\Developer\singleFile\Nexus_SingleFile_BE\BE\vendor\codeigniter4\framework\system\Database\MySQLi\Connection.php(327): mysqli->query('INSERT INTO `us...', 0)
#1 D:\Developer\singleFile\Nexus_SingleFile_BE\BE\vendor\codeigniter4\framework\system\Database\BaseConnection.php(729): CodeIgniter\Database\MySQLi\Connection->execute('INSERT INTO `us...')
#2 D:\Developer\singleFile\Nexus_SingleFile_BE\BE\vendor\codeigniter4\framework\system\Database\BaseConnection.php(646): CodeIgniter\Database\BaseConnection->simpleQuery('INSERT INTO `us...')
#3 D:\Developer\singleFile\Nexus_SingleFile_BE\BE\vendor\codeigniter4\framework\system\Database\BaseBuilder.php(2345): CodeIgniter\Database\BaseConnection->query('INSERT INTO `us...', Array, false)
#4 D:\Developer\singleFile\Nexus_SingleFile_BE\BE\app\Models\AuthModel.php(223): CodeIgniter\Database\BaseBuilder->insert(Array)
#5 D:\Developer\singleFile\Nexus_SingleFile_BE\BE\app\Models\AuthModel.php(92): App\Models\AuthModel->saveRefreshToken('1', 'eyJ0eXAiOiJKV1Q...')
#6 D:\Developer\singleFile\Nexus_SingleFile_BE\BE\app\Controllers\Api\Auth.php(41): App\Models\AuthModel->authenticate('admin@nexusqtec...', 'admin123')
#7 D:\Developer\singleFile\Nexus_SingleFile_BE\BE\vendor\codeigniter4\framework\system\CodeIgniter.php(933): App\Controllers\Api\Auth->login()
#8 D:\Developer\singleFile\Nexus_SingleFile_BE\BE\vendor\codeigniter4\framework\system\CodeIgniter.php(507): CodeIgniter\CodeIgniter->runController(Object(App\Controllers\Api\Auth))
#9 D:\Developer\singleFile\Nexus_SingleFile_BE\BE\vendor\codeigniter4\framework\system\CodeIgniter.php(354): CodeIgniter\CodeIgniter->handleRequest(NULL, Object(Config\Cache), false)
#10 D:\Developer\singleFile\Nexus_SingleFile_BE\BE\vendor\codeigniter4\framework\system\Boot.php(363): CodeIgniter\CodeIgniter->run()
#11 D:\Developer\singleFile\Nexus_SingleFile_BE\BE\vendor\codeigniter4\framework\system\Boot.php(68): CodeIgniter\Boot::runCodeIgniter(Object(CodeIgniter\CodeIgniter))
#12 D:\Developer\singleFile\Nexus_SingleFile_BE\BE\public\index.php(60): CodeIgniter\Boot::bootWeb(Object(Config\Paths))
#13 D:\Developer\singleFile\Nexus_SingleFile_BE\BE\vendor\codeigniter4\framework\system\rewrite.php(44): require_once('D:\\Developer\\si...')
#14 {main}
ERROR - 2026-03-01 00:48:09 --> Error guardando refresh token: Cannot add or update a child row: a foreign key constraint fails (`nexfile`.`user_refresh_token`, CONSTRAINT `FK_user_refresh_token_IdLastUserUpdate` FOREIGN KEY (`IdLastUserUpdate`) REFERENCES `user` (`Id`) ON DELETE SET NULL ON UPDATE CASCADE)
CRITICAL - 2026-03-01 00:48:10 --> ErrorException: Cannot use isset() on the result of an expression (you can use "null !== expression" instead)
[Method: GET, Route: api/user]
in APPPATH\Controllers\Api\User.php on line 277.
 1 [internal function]: CodeIgniter\Debug\Exceptions->shutdownHandler()
ERROR - 2026-03-01 00:48:12 --> mysqli_sql_exception: Cannot add or update a child row: a foreign key constraint fails (`nexfile`.`user_refresh_token`, CONSTRAINT `FK_user_refresh_token_IdLastUserUpdate` FOREIGN KEY (`IdLastUserUpdate`) REFERENCES `user` (`Id`) ON DELETE SET NULL ON UPDATE CASCADE) in D:\Developer\singleFile\Nexus_SingleFile_BE\BE\vendor\codeigniter4\framework\system\Database\MySQLi\Connection.php:327
Stack trace:
#0 D:\Developer\singleFile\Nexus_SingleFile_BE\BE\vendor\codeigniter4\framework\system\Database\MySQLi\Connection.php(327): mysqli->query('INSERT INTO `us...', 0)
#1 D:\Developer\singleFile\Nexus_SingleFile_BE\BE\vendor\codeigniter4\framework\system\Database\BaseConnection.php(729): CodeIgniter\Database\MySQLi\Connection->execute('INSERT INTO `us...')
#2 D:\Developer\singleFile\Nexus_SingleFile_BE\BE\vendor\codeigniter4\framework\system\Database\BaseConnection.php(646): CodeIgniter\Database\BaseConnection->simpleQuery('INSERT INTO `us...')
#3 D:\Developer\singleFile\Nexus_SingleFile_BE\BE\vendor\codeigniter4\framework\system\Database\BaseBuilder.php(2345): CodeIgniter\Database\BaseConnection->query('INSERT INTO `us...', Array, false)
#4 D:\Developer\singleFile\Nexus_SingleFile_BE\BE\app\Models\AuthModel.php(223): CodeIgniter\Database\BaseBuilder->insert(Array)
#5 D:\Developer\singleFile\Nexus_SingleFile_BE\BE\app\Models\AuthModel.php(92): App\Models\AuthModel->saveRefreshToken('1', 'eyJ0eXAiOiJKV1Q...')
#6 D:\Developer\singleFile\Nexus_SingleFile_BE\BE\app\Controllers\Api\Auth.php(41): App\Models\AuthModel->authenticate('admin@nexusqtec...', 'admin123')
#7 D:\Developer\singleFile\Nexus_SingleFile_BE\BE\vendor\codeigniter4\framework\system\CodeIgniter.php(933): App\Controllers\Api\Auth->login()
#8 D:\Developer\singleFile\Nexus_SingleFile_BE\BE\vendor\codeigniter4\framework\system\CodeIgniter.php(507): CodeIgniter\CodeIgniter->runController(Object(App\Controllers\Api\Auth))
#9 D:\Developer\singleFile\Nexus_SingleFile_BE\BE\vendor\codeigniter4\framework\system\CodeIgniter.php(354): CodeIgniter\CodeIgniter->handleRequest(NULL, Object(Config\Cache), false)
#10 D:\Developer\singleFile\Nexus_SingleFile_BE\BE\vendor\codeigniter4\framework\system\Boot.php(363): CodeIgniter\CodeIgniter->run()
#11 D:\Developer\singleFile\Nexus_SingleFile_BE\BE\vendor\codeigniter4\framework\system\Boot.php(68): CodeIgniter\Boot::runCodeIgniter(Object(CodeIgniter\CodeIgniter))
#12 D:\Developer\singleFile\Nexus_SingleFile_BE\BE\public\index.php(60): CodeIgniter\Boot::bootWeb(Object(Config\Paths))
#13 D:\Developer\singleFile\Nexus_SingleFile_BE\BE\vendor\codeigniter4\framework\system\rewrite.php(44): require_once('D:\\Developer\\si...')
#14 {main}
ERROR - 2026-03-01 00:48:12 --> Error guardando refresh token: Cannot add or update a child row: a foreign key constraint fails (`nexfile`.`user_refresh_token`, CONSTRAINT `FK_user_refresh_token_IdLastUserUpdate` FOREIGN KEY (`IdLastUserUpdate`) REFERENCES `user` (`Id`) ON DELETE SET NULL ON UPDATE CASCADE)
CRITICAL - 2026-03-01 00:48:14 --> ErrorException: Cannot use isset() on the result of an expression (you can use "null !== expression" instead)
[Method: GET, Route: api/user]
in APPPATH\Controllers\Api\User.php on line 277.
 1 [internal function]: CodeIgniter\Debug\Exceptions->shutdownHandler()
ERROR - 2026-03-01 00:48:18 --> mysqli_sql_exception: Cannot add or update a child row: a foreign key constraint fails (`nexfile`.`user_refresh_token`, CONSTRAINT `FK_user_refresh_token_IdLastUserUpdate` FOREIGN KEY (`IdLastUserUpdate`) REFERENCES `user` (`Id`) ON DELETE SET NULL ON UPDATE CASCADE) in D:\Developer\singleFile\Nexus_SingleFile_BE\BE\vendor\codeigniter4\framework\system\Database\MySQLi\Connection.php:327
Stack trace:
#0 D:\Developer\singleFile\Nexus_SingleFile_BE\BE\vendor\codeigniter4\framework\system\Database\MySQLi\Connection.php(327): mysqli->query('INSERT INTO `us...', 0)
#1 D:\Developer\singleFile\Nexus_SingleFile_BE\BE\vendor\codeigniter4\framework\system\Database\BaseConnection.php(729): CodeIgniter\Database\MySQLi\Connection->execute('INSERT INTO `us...')
#2 D:\Developer\singleFile\Nexus_SingleFile_BE\BE\vendor\codeigniter4\framework\system\Database\BaseConnection.php(646): CodeIgniter\Database\BaseConnection->simpleQuery('INSERT INTO `us...')
#3 D:\Developer\singleFile\Nexus_SingleFile_BE\BE\vendor\codeigniter4\framework\system\Database\BaseBuilder.php(2345): CodeIgniter\Database\BaseConnection->query('INSERT INTO `us...', Array, false)
#4 D:\Developer\singleFile\Nexus_SingleFile_BE\BE\app\Models\AuthModel.php(223): CodeIgniter\Database\BaseBuilder->insert(Array)
#5 D:\Developer\singleFile\Nexus_SingleFile_BE\BE\app\Models\AuthModel.php(92): App\Models\AuthModel->saveRefreshToken('1', 'eyJ0eXAiOiJKV1Q...')
#6 D:\Developer\singleFile\Nexus_SingleFile_BE\BE\app\Controllers\Api\Auth.php(41): App\Models\AuthModel->authenticate('admin@nexusqtec...', 'admin123')
#7 D:\Developer\singleFile\Nexus_SingleFile_BE\BE\vendor\codeigniter4\framework\system\CodeIgniter.php(933): App\Controllers\Api\Auth->login()
#8 D:\Developer\singleFile\Nexus_SingleFile_BE\BE\vendor\codeigniter4\framework\system\CodeIgniter.php(507): CodeIgniter\CodeIgniter->runController(Object(App\Controllers\Api\Auth))
#9 D:\Developer\singleFile\Nexus_SingleFile_BE\BE\vendor\codeigniter4\framework\system\CodeIgniter.php(354): CodeIgniter\CodeIgniter->handleRequest(NULL, Object(Config\Cache), false)
#10 D:\Developer\singleFile\Nexus_SingleFile_BE\BE\vendor\codeigniter4\framework\system\Boot.php(363): CodeIgniter\CodeIgniter->run()
#11 D:\Developer\singleFile\Nexus_SingleFile_BE\BE\vendor\codeigniter4\framework\system\Boot.php(68): CodeIgniter\Boot::runCodeIgniter(Object(CodeIgniter\CodeIgniter))
#12 D:\Developer\singleFile\Nexus_SingleFile_BE\BE\public\index.php(60): CodeIgniter\Boot::bootWeb(Object(Config\Paths))
#13 D:\Developer\singleFile\Nexus_SingleFile_BE\BE\vendor\codeigniter4\framework\system\rewrite.php(44): require_once('D:\\Developer\\si...')
#14 {main}
ERROR - 2026-03-01 00:48:18 --> Error guardando refresh token: Cannot add or update a child row: a foreign key constraint fails (`nexfile`.`user_refresh_token`, CONSTRAINT `FK_user_refresh_token_IdLastUserUpdate` FOREIGN KEY (`IdLastUserUpdate`) REFERENCES `user` (`Id`) ON DELETE SET NULL ON UPDATE CASCADE)
ERROR - 2026-03-01 00:48:20 --> mysqli_sql_exception: Cannot add or update a child row: a foreign key constraint fails (`nexfile`.`user_refresh_token`, CONSTRAINT `FK_user_refresh_token_IdLastUserUpdate` FOREIGN KEY (`IdLastUserUpdate`) REFERENCES `user` (`Id`) ON DELETE SET NULL ON UPDATE CASCADE) in D:\Developer\singleFile\Nexus_SingleFile_BE\BE\vendor\codeigniter4\framework\system\Database\MySQLi\Connection.php:327
Stack trace:
#0 D:\Developer\singleFile\Nexus_SingleFile_BE\BE\vendor\codeigniter4\framework\system\Database\MySQLi\Connection.php(327): mysqli->query('INSERT INTO `us...', 0)
#1 D:\Developer\singleFile\Nexus_SingleFile_BE\BE\vendor\codeigniter4\framework\system\Database\BaseConnection.php(729): CodeIgniter\Database\MySQLi\Connection->execute('INSERT INTO `us...')
#2 D:\Developer\singleFile\Nexus_SingleFile_BE\BE\vendor\codeigniter4\framework\system\Database\BaseConnection.php(646): CodeIgniter\Database\BaseConnection->simpleQuery('INSERT INTO `us...')
#3 D:\Developer\singleFile\Nexus_SingleFile_BE\BE\vendor\codeigniter4\framework\system\Database\BaseBuilder.php(2345): CodeIgniter\Database\BaseConnection->query('INSERT INTO `us...', Array, false)
#4 D:\Developer\singleFile\Nexus_SingleFile_BE\BE\app\Models\AuthModel.php(223): CodeIgniter\Database\BaseBuilder->insert(Array)
#5 D:\Developer\singleFile\Nexus_SingleFile_BE\BE\app\Models\AuthModel.php(92): App\Models\AuthModel->saveRefreshToken('1', 'eyJ0eXAiOiJKV1Q...')
#6 D:\Developer\singleFile\Nexus_SingleFile_BE\BE\app\Controllers\Api\Auth.php(41): App\Models\AuthModel->authenticate('admin@nexusqtec...', 'admin123')
#7 D:\Developer\singleFile\Nexus_SingleFile_BE\BE\vendor\codeigniter4\framework\system\CodeIgniter.php(933): App\Controllers\Api\Auth->login()
#8 D:\Developer\singleFile\Nexus_SingleFile_BE\BE\vendor\codeigniter4\framework\system\CodeIgniter.php(507): CodeIgniter\CodeIgniter->runController(Object(App\Controllers\Api\Auth))
#9 D:\Developer\singleFile\Nexus_SingleFile_BE\BE\vendor\codeigniter4\framework\system\CodeIgniter.php(354): CodeIgniter\CodeIgniter->handleRequest(NULL, Object(Config\Cache), false)
#10 D:\Developer\singleFile\Nexus_SingleFile_BE\BE\vendor\codeigniter4\framework\system\Boot.php(363): CodeIgniter\CodeIgniter->run()
#11 D:\Developer\singleFile\Nexus_SingleFile_BE\BE\vendor\codeigniter4\framework\system\Boot.php(68): CodeIgniter\Boot::runCodeIgniter(Object(CodeIgniter\CodeIgniter))
#12 D:\Developer\singleFile\Nexus_SingleFile_BE\BE\public\index.php(60): CodeIgniter\Boot::bootWeb(Object(Config\Paths))
#13 D:\Developer\singleFile\Nexus_SingleFile_BE\BE\vendor\codeigniter4\framework\system\rewrite.php(44): require_once('D:\\Developer\\si...')
#14 {main}
ERROR - 2026-03-01 00:48:20 --> Error guardando refresh token: Cannot add or update a child row: a foreign key constraint fails (`nexfile`.`user_refresh_token`, CONSTRAINT `FK_user_refresh_token_IdLastUserUpdate` FOREIGN KEY (`IdLastUserUpdate`) REFERENCES `user` (`Id`) ON DELETE SET NULL ON UPDATE CASCADE)
CRITICAL - 2026-03-01 00:48:20 --> ErrorException: Cannot use isset() on the result of an expression (you can use "null !== expression" instead)
[Method: POST, Route: api/user]
in APPPATH\Controllers\Api\User.php on line 277.
 1 [internal function]: CodeIgniter\Debug\Exceptions->shutdownHandler()
CRITICAL - 2026-03-01 00:48:20 --> ErrorException: Cannot use isset() on the result of an expression (you can use "null !== expression" instead)
[Method: POST, Route: api/user]
in APPPATH\Controllers\Api\User.php on line 277.
 1 [internal function]: CodeIgniter\Debug\Exceptions->shutdownHandler()
ERROR - 2026-03-01 00:48:26 --> mysqli_sql_exception: Cannot add or update a child row: a foreign key constraint fails (`nexfile`.`user_refresh_token`, CONSTRAINT `FK_user_refresh_token_IdLastUserUpdate` FOREIGN KEY (`IdLastUserUpdate`) REFERENCES `user` (`Id`) ON DELETE SET NULL ON UPDATE CASCADE) in D:\Developer\singleFile\Nexus_SingleFile_BE\BE\vendor\codeigniter4\framework\system\Database\MySQLi\Connection.php:327
Stack trace:
#0 D:\Developer\singleFile\Nexus_SingleFile_BE\BE\vendor\codeigniter4\framework\system\Database\MySQLi\Connection.php(327): mysqli->query('INSERT INTO `us...', 0)
#1 D:\Developer\singleFile\Nexus_SingleFile_BE\BE\vendor\codeigniter4\framework\system\Database\BaseConnection.php(729): CodeIgniter\Database\MySQLi\Connection->execute('INSERT INTO `us...')
#2 D:\Developer\singleFile\Nexus_SingleFile_BE\BE\vendor\codeigniter4\framework\system\Database\BaseConnection.php(646): CodeIgniter\Database\BaseConnection->simpleQuery('INSERT INTO `us...')
#3 D:\Developer\singleFile\Nexus_SingleFile_BE\BE\vendor\codeigniter4\framework\system\Database\BaseBuilder.php(2345): CodeIgniter\Database\BaseConnection->query('INSERT INTO `us...', Array, false)
#4 D:\Developer\singleFile\Nexus_SingleFile_BE\BE\app\Models\AuthModel.php(223): CodeIgniter\Database\BaseBuilder->insert(Array)
#5 D:\Developer\singleFile\Nexus_SingleFile_BE\BE\app\Models\AuthModel.php(92): App\Models\AuthModel->saveRefreshToken('1', 'eyJ0eXAiOiJKV1Q...')
#6 D:\Developer\singleFile\Nexus_SingleFile_BE\BE\app\Controllers\Api\Auth.php(41): App\Models\AuthModel->authenticate('admin@nexusqtec...', 'admin123')
#7 D:\Developer\singleFile\Nexus_SingleFile_BE\BE\vendor\codeigniter4\framework\system\CodeIgniter.php(933): App\Controllers\Api\Auth->login()
#8 D:\Developer\singleFile\Nexus_SingleFile_BE\BE\vendor\codeigniter4\framework\system\CodeIgniter.php(507): CodeIgniter\CodeIgniter->runController(Object(App\Controllers\Api\Auth))
#9 D:\Developer\singleFile\Nexus_SingleFile_BE\BE\vendor\codeigniter4\framework\system\CodeIgniter.php(354): CodeIgniter\CodeIgniter->handleRequest(NULL, Object(Config\Cache), false)
#10 D:\Developer\singleFile\Nexus_SingleFile_BE\BE\vendor\codeigniter4\framework\system\Boot.php(363): CodeIgniter\CodeIgniter->run()
#11 D:\Developer\singleFile\Nexus_SingleFile_BE\BE\vendor\codeigniter4\framework\system\Boot.php(68): CodeIgniter\Boot::runCodeIgniter(Object(CodeIgniter\CodeIgniter))
#12 D:\Developer\singleFile\Nexus_SingleFile_BE\BE\public\index.php(60): CodeIgniter\Boot::bootWeb(Object(Config\Paths))
#13 D:\Developer\singleFile\Nexus_SingleFile_BE\BE\vendor\codeigniter4\framework\system\rewrite.php(44): require_once('D:\\Developer\\si...')
#14 {main}
ERROR - 2026-03-01 00:48:26 --> Error guardando refresh token: Cannot add or update a child row: a foreign key constraint fails (`nexfile`.`user_refresh_token`, CONSTRAINT `FK_user_refresh_token_IdLastUserUpdate` FOREIGN KEY (`IdLastUserUpdate`) REFERENCES `user` (`Id`) ON DELETE SET NULL ON UPDATE CASCADE)
ERROR - 2026-03-01 00:48:28 --> mysqli_sql_exception: Cannot add or update a child row: a foreign key constraint fails (`nexfile`.`user_refresh_token`, CONSTRAINT `FK_user_refresh_token_IdLastUserUpdate` FOREIGN KEY (`IdLastUserUpdate`) REFERENCES `user` (`Id`) ON DELETE SET NULL ON UPDATE CASCADE) in D:\Developer\singleFile\Nexus_SingleFile_BE\BE\vendor\codeigniter4\framework\system\Database\MySQLi\Connection.php:327
Stack trace:
#0 D:\Developer\singleFile\Nexus_SingleFile_BE\BE\vendor\codeigniter4\framework\system\Database\MySQLi\Connection.php(327): mysqli->query('INSERT INTO `us...', 0)
#1 D:\Developer\singleFile\Nexus_SingleFile_BE\BE\vendor\codeigniter4\framework\system\Database\BaseConnection.php(729): CodeIgniter\Database\MySQLi\Connection->execute('INSERT INTO `us...')
#2 D:\Developer\singleFile\Nexus_SingleFile_BE\BE\vendor\codeigniter4\framework\system\Database\BaseConnection.php(646): CodeIgniter\Database\BaseConnection->simpleQuery('INSERT INTO `us...')
#3 D:\Developer\singleFile\Nexus_SingleFile_BE\BE\vendor\codeigniter4\framework\system\Database\BaseBuilder.php(2345): CodeIgniter\Database\BaseConnection->query('INSERT INTO `us...', Array, false)
#4 D:\Developer\singleFile\Nexus_SingleFile_BE\BE\app\Models\AuthModel.php(223): CodeIgniter\Database\BaseBuilder->insert(Array)
#5 D:\Developer\singleFile\Nexus_SingleFile_BE\BE\app\Models\AuthModel.php(92): App\Models\AuthModel->saveRefreshToken('1', 'eyJ0eXAiOiJKV1Q...')
#6 D:\Developer\singleFile\Nexus_SingleFile_BE\BE\app\Controllers\Api\Auth.php(41): App\Models\AuthModel->authenticate('admin@nexusqtec...', 'admin123')
#7 D:\Developer\singleFile\Nexus_SingleFile_BE\BE\vendor\codeigniter4\framework\system\CodeIgniter.php(933): App\Controllers\Api\Auth->login()
#8 D:\Developer\singleFile\Nexus_SingleFile_BE\BE\vendor\codeigniter4\framework\system\CodeIgniter.php(507): CodeIgniter\CodeIgniter->runController(Object(App\Controllers\Api\Auth))
#9 D:\Developer\singleFile\Nexus_SingleFile_BE\BE\vendor\codeigniter4\framework\system\CodeIgniter.php(354): CodeIgniter\CodeIgniter->handleRequest(NULL, Object(Config\Cache), false)
#10 D:\Developer\singleFile\Nexus_SingleFile_BE\BE\vendor\codeigniter4\framework\system\Boot.php(363): CodeIgniter\CodeIgniter->run()
#11 D:\Developer\singleFile\Nexus_SingleFile_BE\BE\vendor\codeigniter4\framework\system\Boot.php(68): CodeIgniter\Boot::runCodeIgniter(Object(CodeIgniter\CodeIgniter))
#12 D:\Developer\singleFile\Nexus_SingleFile_BE\BE\public\index.php(60): CodeIgniter\Boot::bootWeb(Object(Config\Paths))
#13 D:\Developer\singleFile\Nexus_SingleFile_BE\BE\vendor\codeigniter4\framework\system\rewrite.php(44): require_once('D:\\Developer\\si...')
#14 {main}
ERROR - 2026-03-01 00:48:28 --> Error guardando refresh token: Cannot add or update a child row: a foreign key constraint fails (`nexfile`.`user_refresh_token`, CONSTRAINT `FK_user_refresh_token_IdLastUserUpdate` FOREIGN KEY (`IdLastUserUpdate`) REFERENCES `user` (`Id`) ON DELETE SET NULL ON UPDATE CASCADE)
CRITICAL - 2026-03-01 00:48:28 --> ErrorException: Cannot use isset() on the result of an expression (you can use "null !== expression" instead)
[Method: POST, Route: api/user]
in APPPATH\Controllers\Api\User.php on line 277.
 1 [internal function]: CodeIgniter\Debug\Exceptions->shutdownHandler()
CRITICAL - 2026-03-01 00:48:28 --> ErrorException: Cannot use isset() on the result of an expression (you can use "null !== expression" instead)
[Method: GET, Route: api/user/check-username]
in APPPATH\Controllers\Api\User.php on line 277.
 1 [internal function]: CodeIgniter\Debug\Exceptions->shutdownHandler()
ERROR - 2026-03-01 00:48:32 --> mysqli_sql_exception: Cannot add or update a child row: a foreign key constraint fails (`nexfile`.`user_refresh_token`, CONSTRAINT `FK_user_refresh_token_IdLastUserUpdate` FOREIGN KEY (`IdLastUserUpdate`) REFERENCES `user` (`Id`) ON DELETE SET NULL ON UPDATE CASCADE) in D:\Developer\singleFile\Nexus_SingleFile_BE\BE\vendor\codeigniter4\framework\system\Database\MySQLi\Connection.php:327
Stack trace:
#0 D:\Developer\singleFile\Nexus_SingleFile_BE\BE\vendor\codeigniter4\framework\system\Database\MySQLi\Connection.php(327): mysqli->query('INSERT INTO `us...', 0)
#1 D:\Developer\singleFile\Nexus_SingleFile_BE\BE\vendor\codeigniter4\framework\system\Database\BaseConnection.php(729): CodeIgniter\Database\MySQLi\Connection->execute('INSERT INTO `us...')
#2 D:\Developer\singleFile\Nexus_SingleFile_BE\BE\vendor\codeigniter4\framework\system\Database\BaseConnection.php(646): CodeIgniter\Database\BaseConnection->simpleQuery('INSERT INTO `us...')
#3 D:\Developer\singleFile\Nexus_SingleFile_BE\BE\vendor\codeigniter4\framework\system\Database\BaseBuilder.php(2345): CodeIgniter\Database\BaseConnection->query('INSERT INTO `us...', Array, false)
#4 D:\Developer\singleFile\Nexus_SingleFile_BE\BE\app\Models\AuthModel.php(223): CodeIgniter\Database\BaseBuilder->insert(Array)
#5 D:\Developer\singleFile\Nexus_SingleFile_BE\BE\app\Models\AuthModel.php(92): App\Models\AuthModel->saveRefreshToken('1', 'eyJ0eXAiOiJKV1Q...')
#6 D:\Developer\singleFile\Nexus_SingleFile_BE\BE\app\Controllers\Api\Auth.php(41): App\Models\AuthModel->authenticate('admin@nexusqtec...', 'admin123')
#7 D:\Developer\singleFile\Nexus_SingleFile_BE\BE\vendor\codeigniter4\framework\system\CodeIgniter.php(933): App\Controllers\Api\Auth->login()
#8 D:\Developer\singleFile\Nexus_SingleFile_BE\BE\vendor\codeigniter4\framework\system\CodeIgniter.php(507): CodeIgniter\CodeIgniter->runController(Object(App\Controllers\Api\Auth))
#9 D:\Developer\singleFile\Nexus_SingleFile_BE\BE\vendor\codeigniter4\framework\system\CodeIgniter.php(354): CodeIgniter\CodeIgniter->handleRequest(NULL, Object(Config\Cache), false)
#10 D:\Developer\singleFile\Nexus_SingleFile_BE\BE\vendor\codeigniter4\framework\system\Boot.php(363): CodeIgniter\CodeIgniter->run()
#11 D:\Developer\singleFile\Nexus_SingleFile_BE\BE\vendor\codeigniter4\framework\system\Boot.php(68): CodeIgniter\Boot::runCodeIgniter(Object(CodeIgniter\CodeIgniter))
#12 D:\Developer\singleFile\Nexus_SingleFile_BE\BE\public\index.php(60): CodeIgniter\Boot::bootWeb(Object(Config\Paths))
#13 D:\Developer\singleFile\Nexus_SingleFile_BE\BE\vendor\codeigniter4\framework\system\rewrite.php(44): require_once('D:\\Developer\\si...')
#14 {main}
ERROR - 2026-03-01 00:48:32 --> Error guardando refresh token: Cannot add or update a child row: a foreign key constraint fails (`nexfile`.`user_refresh_token`, CONSTRAINT `FK_user_refresh_token_IdLastUserUpdate` FOREIGN KEY (`IdLastUserUpdate`) REFERENCES `user` (`Id`) ON DELETE SET NULL ON UPDATE CASCADE)
CRITICAL - 2026-03-01 00:48:33 --> ErrorException: Cannot use isset() on the result of an expression (you can use "null !== expression" instead)
[Method: GET, Route: api/user/check-email]
in APPPATH\Controllers\Api\User.php on line 277.
 1 [internal function]: CodeIgniter\Debug\Exceptions->shutdownHandler()
ERROR - 2026-03-01 00:49:01 --> mysqli_sql_exception: Cannot add or update a child row: a foreign key constraint fails (`nexfile`.`user_refresh_token`, CONSTRAINT `FK_user_refresh_token_IdLastUserUpdate` FOREIGN KEY (`IdLastUserUpdate`) REFERENCES `user` (`Id`) ON DELETE SET NULL ON UPDATE CASCADE) in D:\Developer\singleFile\Nexus_SingleFile_BE\BE\vendor\codeigniter4\framework\system\Database\MySQLi\Connection.php:327
Stack trace:
#0 D:\Developer\singleFile\Nexus_SingleFile_BE\BE\vendor\codeigniter4\framework\system\Database\MySQLi\Connection.php(327): mysqli->query('INSERT INTO `us...', 0)
#1 D:\Developer\singleFile\Nexus_SingleFile_BE\BE\vendor\codeigniter4\framework\system\Database\BaseConnection.php(729): CodeIgniter\Database\MySQLi\Connection->execute('INSERT INTO `us...')
#2 D:\Developer\singleFile\Nexus_SingleFile_BE\BE\vendor\codeigniter4\framework\system\Database\BaseConnection.php(646): CodeIgniter\Database\BaseConnection->simpleQuery('INSERT INTO `us...')
#3 D:\Developer\singleFile\Nexus_SingleFile_BE\BE\vendor\codeigniter4\framework\system\Database\BaseBuilder.php(2345): CodeIgniter\Database\BaseConnection->query('INSERT INTO `us...', Array, false)
#4 D:\Developer\singleFile\Nexus_SingleFile_BE\BE\app\Models\AuthModel.php(223): CodeIgniter\Database\BaseBuilder->insert(Array)
#5 D:\Developer\singleFile\Nexus_SingleFile_BE\BE\app\Models\AuthModel.php(92): App\Models\AuthModel->saveRefreshToken('1', 'eyJ0eXAiOiJKV1Q...')
#6 D:\Developer\singleFile\Nexus_SingleFile_BE\BE\app\Controllers\Api\Auth.php(41): App\Models\AuthModel->authenticate('admin@nexusqtec...', 'admin123')
#7 D:\Developer\singleFile\Nexus_SingleFile_BE\BE\vendor\codeigniter4\framework\system\CodeIgniter.php(933): App\Controllers\Api\Auth->login()
#8 D:\Developer\singleFile\Nexus_SingleFile_BE\BE\vendor\codeigniter4\framework\system\CodeIgniter.php(507): CodeIgniter\CodeIgniter->runController(Object(App\Controllers\Api\Auth))
#9 D:\Developer\singleFile\Nexus_SingleFile_BE\BE\vendor\codeigniter4\framework\system\CodeIgniter.php(354): CodeIgniter\CodeIgniter->handleRequest(NULL, Object(Config\Cache), false)
#10 D:\Developer\singleFile\Nexus_SingleFile_BE\BE\vendor\codeigniter4\framework\system\Boot.php(363): CodeIgniter\CodeIgniter->run()
#11 D:\Developer\singleFile\Nexus_SingleFile_BE\BE\vendor\codeigniter4\framework\system\Boot.php(68): CodeIgniter\Boot::runCodeIgniter(Object(CodeIgniter\CodeIgniter))
#12 D:\Developer\singleFile\Nexus_SingleFile_BE\BE\public\index.php(60): CodeIgniter\Boot::bootWeb(Object(Config\Paths))
#13 D:\Developer\singleFile\Nexus_SingleFile_BE\BE\vendor\codeigniter4\framework\system\rewrite.php(44): require_once('D:\\Developer\\si...')
#14 {main}
ERROR - 2026-03-01 00:49:01 --> Error guardando refresh token: Cannot add or update a child row: a foreign key constraint fails (`nexfile`.`user_refresh_token`, CONSTRAINT `FK_user_refresh_token_IdLastUserUpdate` FOREIGN KEY (`IdLastUserUpdate`) REFERENCES `user` (`Id`) ON DELETE SET NULL ON UPDATE CASCADE)
CRITICAL - 2026-03-01 00:49:01 --> ErrorException: Cannot use isset() on the result of an expression (you can use "null !== expression" instead)
[Method: GET, Route: api/user]
in APPPATH\Controllers\Api\User.php on line 277.
 1 [internal function]: CodeIgniter\Debug\Exceptions->shutdownHandler()
ERROR - 2026-03-01 00:49:06 --> mysqli_sql_exception: Cannot add or update a child row: a foreign key constraint fails (`nexfile`.`user_refresh_token`, CONSTRAINT `FK_user_refresh_token_IdLastUserUpdate` FOREIGN KEY (`IdLastUserUpdate`) REFERENCES `user` (`Id`) ON DELETE SET NULL ON UPDATE CASCADE) in D:\Developer\singleFile\Nexus_SingleFile_BE\BE\vendor\codeigniter4\framework\system\Database\MySQLi\Connection.php:327
Stack trace:
#0 D:\Developer\singleFile\Nexus_SingleFile_BE\BE\vendor\codeigniter4\framework\system\Database\MySQLi\Connection.php(327): mysqli->query('INSERT INTO `us...', 0)
#1 D:\Developer\singleFile\Nexus_SingleFile_BE\BE\vendor\codeigniter4\framework\system\Database\BaseConnection.php(729): CodeIgniter\Database\MySQLi\Connection->execute('INSERT INTO `us...')
#2 D:\Developer\singleFile\Nexus_SingleFile_BE\BE\vendor\codeigniter4\framework\system\Database\BaseConnection.php(646): CodeIgniter\Database\BaseConnection->simpleQuery('INSERT INTO `us...')
#3 D:\Developer\singleFile\Nexus_SingleFile_BE\BE\vendor\codeigniter4\framework\system\Database\BaseBuilder.php(2345): CodeIgniter\Database\BaseConnection->query('INSERT INTO `us...', Array, false)
#4 D:\Developer\singleFile\Nexus_SingleFile_BE\BE\app\Models\AuthModel.php(223): CodeIgniter\Database\BaseBuilder->insert(Array)
#5 D:\Developer\singleFile\Nexus_SingleFile_BE\BE\app\Models\AuthModel.php(92): App\Models\AuthModel->saveRefreshToken('1', 'eyJ0eXAiOiJKV1Q...')
#6 D:\Developer\singleFile\Nexus_SingleFile_BE\BE\app\Controllers\Api\Auth.php(41): App\Models\AuthModel->authenticate('admin@nexusqtec...', 'admin123')
#7 D:\Developer\singleFile\Nexus_SingleFile_BE\BE\vendor\codeigniter4\framework\system\CodeIgniter.php(933): App\Controllers\Api\Auth->login()
#8 D:\Developer\singleFile\Nexus_SingleFile_BE\BE\vendor\codeigniter4\framework\system\CodeIgniter.php(507): CodeIgniter\CodeIgniter->runController(Object(App\Controllers\Api\Auth))
#9 D:\Developer\singleFile\Nexus_SingleFile_BE\BE\vendor\codeigniter4\framework\system\CodeIgniter.php(354): CodeIgniter\CodeIgniter->handleRequest(NULL, Object(Config\Cache), false)
#10 D:\Developer\singleFile\Nexus_SingleFile_BE\BE\vendor\codeigniter4\framework\system\Boot.php(363): CodeIgniter\CodeIgniter->run()
#11 D:\Developer\singleFile\Nexus_SingleFile_BE\BE\vendor\codeigniter4\framework\system\Boot.php(68): CodeIgniter\Boot::runCodeIgniter(Object(CodeIgniter\CodeIgniter))
#12 D:\Developer\singleFile\Nexus_SingleFile_BE\BE\public\index.php(60): CodeIgniter\Boot::bootWeb(Object(Config\Paths))
#13 D:\Developer\singleFile\Nexus_SingleFile_BE\BE\vendor\codeigniter4\framework\system\rewrite.php(44): require_once('D:\\Developer\\si...')
#14 {main}
ERROR - 2026-03-01 00:49:06 --> Error guardando refresh token: Cannot add or update a child row: a foreign key constraint fails (`nexfile`.`user_refresh_token`, CONSTRAINT `FK_user_refresh_token_IdLastUserUpdate` FOREIGN KEY (`IdLastUserUpdate`) REFERENCES `user` (`Id`) ON DELETE SET NULL ON UPDATE CASCADE)
CRITICAL - 2026-03-01 00:49:06 --> ErrorException: Cannot use isset() on the result of an expression (you can use "null !== expression" instead)
[Method: GET, Route: api/user]
in APPPATH\Controllers\Api\User.php on line 277.
 1 [internal function]: CodeIgniter\Debug\Exceptions->shutdownHandler()
ERROR - 2026-03-01 00:49:23 --> mysqli_sql_exception: Cannot add or update a child row: a foreign key constraint fails (`nexfile`.`user_refresh_token`, CONSTRAINT `FK_user_refresh_token_IdLastUserUpdate` FOREIGN KEY (`IdLastUserUpdate`) REFERENCES `user` (`Id`) ON DELETE SET NULL ON UPDATE CASCADE) in D:\Developer\singleFile\Nexus_SingleFile_BE\BE\vendor\codeigniter4\framework\system\Database\MySQLi\Connection.php:327
Stack trace:
#0 D:\Developer\singleFile\Nexus_SingleFile_BE\BE\vendor\codeigniter4\framework\system\Database\MySQLi\Connection.php(327): mysqli->query('INSERT INTO `us...', 0)
#1 D:\Developer\singleFile\Nexus_SingleFile_BE\BE\vendor\codeigniter4\framework\system\Database\BaseConnection.php(729): CodeIgniter\Database\MySQLi\Connection->execute('INSERT INTO `us...')
#2 D:\Developer\singleFile\Nexus_SingleFile_BE\BE\vendor\codeigniter4\framework\system\Database\BaseConnection.php(646): CodeIgniter\Database\BaseConnection->simpleQuery('INSERT INTO `us...')
#3 D:\Developer\singleFile\Nexus_SingleFile_BE\BE\vendor\codeigniter4\framework\system\Database\BaseBuilder.php(2345): CodeIgniter\Database\BaseConnection->query('INSERT INTO `us...', Array, false)
#4 D:\Developer\singleFile\Nexus_SingleFile_BE\BE\app\Models\AuthModel.php(223): CodeIgniter\Database\BaseBuilder->insert(Array)
#5 D:\Developer\singleFile\Nexus_SingleFile_BE\BE\app\Models\AuthModel.php(92): App\Models\AuthModel->saveRefreshToken('1', 'eyJ0eXAiOiJKV1Q...')
#6 D:\Developer\singleFile\Nexus_SingleFile_BE\BE\app\Controllers\Api\Auth.php(41): App\Models\AuthModel->authenticate('admin@nexusqtec...', 'admin123')
#7 D:\Developer\singleFile\Nexus_SingleFile_BE\BE\vendor\codeigniter4\framework\system\CodeIgniter.php(933): App\Controllers\Api\Auth->login()
#8 D:\Developer\singleFile\Nexus_SingleFile_BE\BE\vendor\codeigniter4\framework\system\CodeIgniter.php(507): CodeIgniter\CodeIgniter->runController(Object(App\Controllers\Api\Auth))
#9 D:\Developer\singleFile\Nexus_SingleFile_BE\BE\vendor\codeigniter4\framework\system\CodeIgniter.php(354): CodeIgniter\CodeIgniter->handleRequest(NULL, Object(Config\Cache), false)
#10 D:\Developer\singleFile\Nexus_SingleFile_BE\BE\vendor\codeigniter4\framework\system\Boot.php(363): CodeIgniter\CodeIgniter->run()
#11 D:\Developer\singleFile\Nexus_SingleFile_BE\BE\vendor\codeigniter4\framework\system\Boot.php(68): CodeIgniter\Boot::runCodeIgniter(Object(CodeIgniter\CodeIgniter))
#12 D:\Developer\singleFile\Nexus_SingleFile_BE\BE\public\index.php(60): CodeIgniter\Boot::bootWeb(Object(Config\Paths))
#13 D:\Developer\singleFile\Nexus_SingleFile_BE\BE\vendor\codeigniter4\framework\system\rewrite.php(44): require_once('D:\\Developer\\si...')
#14 {main}
ERROR - 2026-03-01 00:49:23 --> Error guardando refresh token: Cannot add or update a child row: a foreign key constraint fails (`nexfile`.`user_refresh_token`, CONSTRAINT `FK_user_refresh_token_IdLastUserUpdate` FOREIGN KEY (`IdLastUserUpdate`) REFERENCES `user` (`Id`) ON DELETE SET NULL ON UPDATE CASCADE)
CRITICAL - 2026-03-01 00:49:23 --> ErrorException: Cannot use isset() on the result of an expression (you can use "null !== expression" instead)
[Method: GET, Route: api/user]
in APPPATH\Controllers\Api\User.php on line 382.
 1 [internal function]: CodeIgniter\Debug\Exceptions->shutdownHandler()
ERROR - 2026-03-01 00:50:02 --> mysqli_sql_exception: Cannot add or update a child row: a foreign key constraint fails (`nexfile`.`user_refresh_token`, CONSTRAINT `FK_user_refresh_token_IdLastUserUpdate` FOREIGN KEY (`IdLastUserUpdate`) REFERENCES `user` (`Id`) ON DELETE SET NULL ON UPDATE CASCADE) in D:\Developer\singleFile\Nexus_SingleFile_BE\BE\vendor\codeigniter4\framework\system\Database\MySQLi\Connection.php:327
Stack trace:
#0 D:\Developer\singleFile\Nexus_SingleFile_BE\BE\vendor\codeigniter4\framework\system\Database\MySQLi\Connection.php(327): mysqli->query('INSERT INTO `us...', 0)
#1 D:\Developer\singleFile\Nexus_SingleFile_BE\BE\vendor\codeigniter4\framework\system\Database\BaseConnection.php(729): CodeIgniter\Database\MySQLi\Connection->execute('INSERT INTO `us...')
#2 D:\Developer\singleFile\Nexus_SingleFile_BE\BE\vendor\codeigniter4\framework\system\Database\BaseConnection.php(646): CodeIgniter\Database\BaseConnection->simpleQuery('INSERT INTO `us...')
#3 D:\Developer\singleFile\Nexus_SingleFile_BE\BE\vendor\codeigniter4\framework\system\Database\BaseBuilder.php(2345): CodeIgniter\Database\BaseConnection->query('INSERT INTO `us...', Array, false)
#4 D:\Developer\singleFile\Nexus_SingleFile_BE\BE\app\Models\AuthModel.php(223): CodeIgniter\Database\BaseBuilder->insert(Array)
#5 D:\Developer\singleFile\Nexus_SingleFile_BE\BE\app\Models\AuthModel.php(92): App\Models\AuthModel->saveRefreshToken('1', 'eyJ0eXAiOiJKV1Q...')
#6 D:\Developer\singleFile\Nexus_SingleFile_BE\BE\app\Controllers\Api\Auth.php(41): App\Models\AuthModel->authenticate('admin@nexusqtec...', 'admin123')
#7 D:\Developer\singleFile\Nexus_SingleFile_BE\BE\vendor\codeigniter4\framework\system\CodeIgniter.php(933): App\Controllers\Api\Auth->login()
#8 D:\Developer\singleFile\Nexus_SingleFile_BE\BE\vendor\codeigniter4\framework\system\CodeIgniter.php(507): CodeIgniter\CodeIgniter->runController(Object(App\Controllers\Api\Auth))
#9 D:\Developer\singleFile\Nexus_SingleFile_BE\BE\vendor\codeigniter4\framework\system\CodeIgniter.php(354): CodeIgniter\CodeIgniter->handleRequest(NULL, Object(Config\Cache), false)
#10 D:\Developer\singleFile\Nexus_SingleFile_BE\BE\vendor\codeigniter4\framework\system\Boot.php(363): CodeIgniter\CodeIgniter->run()
#11 D:\Developer\singleFile\Nexus_SingleFile_BE\BE\vendor\codeigniter4\framework\system\Boot.php(68): CodeIgniter\Boot::runCodeIgniter(Object(CodeIgniter\CodeIgniter))
#12 D:\Developer\singleFile\Nexus_SingleFile_BE\BE\public\index.php(60): CodeIgniter\Boot::bootWeb(Object(Config\Paths))
#13 D:\Developer\singleFile\Nexus_SingleFile_BE\BE\vendor\codeigniter4\framework\system\rewrite.php(44): require_once('D:\\Developer\\si...')
#14 {main}
ERROR - 2026-03-01 00:50:02 --> Error guardando refresh token: Cannot add or update a child row: a foreign key constraint fails (`nexfile`.`user_refresh_token`, CONSTRAINT `FK_user_refresh_token_IdLastUserUpdate` FOREIGN KEY (`IdLastUserUpdate`) REFERENCES `user` (`Id`) ON DELETE SET NULL ON UPDATE CASCADE)
CRITICAL - 2026-03-01 00:50:02 --> ErrorException: Cannot use isset() on the result of an expression (you can use "null !== expression" instead)
[Method: GET, Route: api/user]
in APPPATH\Controllers\Api\User.php on line 389.
 1 [internal function]: CodeIgniter\Debug\Exceptions->shutdownHandler()
ERROR - 2026-03-01 00:50:19 --> mysqli_sql_exception: Cannot add or update a child row: a foreign key constraint fails (`nexfile`.`user_refresh_token`, CONSTRAINT `FK_user_refresh_token_IdLastUserUpdate` FOREIGN KEY (`IdLastUserUpdate`) REFERENCES `user` (`Id`) ON DELETE SET NULL ON UPDATE CASCADE) in D:\Developer\singleFile\Nexus_SingleFile_BE\BE\vendor\codeigniter4\framework\system\Database\MySQLi\Connection.php:327
Stack trace:
#0 D:\Developer\singleFile\Nexus_SingleFile_BE\BE\vendor\codeigniter4\framework\system\Database\MySQLi\Connection.php(327): mysqli->query('INSERT INTO `us...', 0)
#1 D:\Developer\singleFile\Nexus_SingleFile_BE\BE\vendor\codeigniter4\framework\system\Database\BaseConnection.php(729): CodeIgniter\Database\MySQLi\Connection->execute('INSERT INTO `us...')
#2 D:\Developer\singleFile\Nexus_SingleFile_BE\BE\vendor\codeigniter4\framework\system\Database\BaseConnection.php(646): CodeIgniter\Database\BaseConnection->simpleQuery('INSERT INTO `us...')
#3 D:\Developer\singleFile\Nexus_SingleFile_BE\BE\vendor\codeigniter4\framework\system\Database\BaseBuilder.php(2345): CodeIgniter\Database\BaseConnection->query('INSERT INTO `us...', Array, false)
#4 D:\Developer\singleFile\Nexus_SingleFile_BE\BE\app\Models\AuthModel.php(223): CodeIgniter\Database\BaseBuilder->insert(Array)
#5 D:\Developer\singleFile\Nexus_SingleFile_BE\BE\app\Models\AuthModel.php(92): App\Models\AuthModel->saveRefreshToken('1', 'eyJ0eXAiOiJKV1Q...')
#6 D:\Developer\singleFile\Nexus_SingleFile_BE\BE\app\Controllers\Api\Auth.php(41): App\Models\AuthModel->authenticate('admin@nexusqtec...', 'admin123')
#7 D:\Developer\singleFile\Nexus_SingleFile_BE\BE\vendor\codeigniter4\framework\system\CodeIgniter.php(933): App\Controllers\Api\Auth->login()
#8 D:\Developer\singleFile\Nexus_SingleFile_BE\BE\vendor\codeigniter4\framework\system\CodeIgniter.php(507): CodeIgniter\CodeIgniter->runController(Object(App\Controllers\Api\Auth))
#9 D:\Developer\singleFile\Nexus_SingleFile_BE\BE\vendor\codeigniter4\framework\system\CodeIgniter.php(354): CodeIgniter\CodeIgniter->handleRequest(NULL, Object(Config\Cache), false)
#10 D:\Developer\singleFile\Nexus_SingleFile_BE\BE\vendor\codeigniter4\framework\system\Boot.php(363): CodeIgniter\CodeIgniter->run()
#11 D:\Developer\singleFile\Nexus_SingleFile_BE\BE\vendor\codeigniter4\framework\system\Boot.php(68): CodeIgniter\Boot::runCodeIgniter(Object(CodeIgniter\CodeIgniter))
#12 D:\Developer\singleFile\Nexus_SingleFile_BE\BE\public\index.php(60): CodeIgniter\Boot::bootWeb(Object(Config\Paths))
#13 D:\Developer\singleFile\Nexus_SingleFile_BE\BE\vendor\codeigniter4\framework\system\rewrite.php(44): require_once('D:\\Developer\\si...')
#14 {main}
ERROR - 2026-03-01 00:50:19 --> Error guardando refresh token: Cannot add or update a child row: a foreign key constraint fails (`nexfile`.`user_refresh_token`, CONSTRAINT `FK_user_refresh_token_IdLastUserUpdate` FOREIGN KEY (`IdLastUserUpdate`) REFERENCES `user` (`Id`) ON DELETE SET NULL ON UPDATE CASCADE)
CRITICAL - 2026-03-01 00:50:19 --> ErrorException: Cannot use isset() on the result of an expression (you can use "null !== expression" instead)
[Method: GET, Route: api/user]
in APPPATH\Controllers\Api\User.php on line 390.
 1 [internal function]: CodeIgniter\Debug\Exceptions->shutdownHandler()
ERROR - 2026-03-01 00:50:58 --> mysqli_sql_exception: Cannot add or update a child row: a foreign key constraint fails (`nexfile`.`user_refresh_token`, CONSTRAINT `FK_user_refresh_token_IdLastUserUpdate` FOREIGN KEY (`IdLastUserUpdate`) REFERENCES `user` (`Id`) ON DELETE SET NULL ON UPDATE CASCADE) in D:\Developer\singleFile\Nexus_SingleFile_BE\BE\vendor\codeigniter4\framework\system\Database\MySQLi\Connection.php:327
Stack trace:
#0 D:\Developer\singleFile\Nexus_SingleFile_BE\BE\vendor\codeigniter4\framework\system\Database\MySQLi\Connection.php(327): mysqli->query('INSERT INTO `us...', 0)
#1 D:\Developer\singleFile\Nexus_SingleFile_BE\BE\vendor\codeigniter4\framework\system\Database\BaseConnection.php(729): CodeIgniter\Database\MySQLi\Connection->execute('INSERT INTO `us...')
#2 D:\Developer\singleFile\Nexus_SingleFile_BE\BE\vendor\codeigniter4\framework\system\Database\BaseConnection.php(646): CodeIgniter\Database\BaseConnection->simpleQuery('INSERT INTO `us...')
#3 D:\Developer\singleFile\Nexus_SingleFile_BE\BE\vendor\codeigniter4\framework\system\Database\BaseBuilder.php(2345): CodeIgniter\Database\BaseConnection->query('INSERT INTO `us...', Array, false)
#4 D:\Developer\singleFile\Nexus_SingleFile_BE\BE\app\Models\AuthModel.php(223): CodeIgniter\Database\BaseBuilder->insert(Array)
#5 D:\Developer\singleFile\Nexus_SingleFile_BE\BE\app\Models\AuthModel.php(92): App\Models\AuthModel->saveRefreshToken('1', 'eyJ0eXAiOiJKV1Q...')
#6 D:\Developer\singleFile\Nexus_SingleFile_BE\BE\app\Controllers\Api\Auth.php(41): App\Models\AuthModel->authenticate('admin@nexusqtec...', 'admin123')
#7 D:\Developer\singleFile\Nexus_SingleFile_BE\BE\vendor\codeigniter4\framework\system\CodeIgniter.php(933): App\Controllers\Api\Auth->login()
#8 D:\Developer\singleFile\Nexus_SingleFile_BE\BE\vendor\codeigniter4\framework\system\CodeIgniter.php(507): CodeIgniter\CodeIgniter->runController(Object(App\Controllers\Api\Auth))
#9 D:\Developer\singleFile\Nexus_SingleFile_BE\BE\vendor\codeigniter4\framework\system\CodeIgniter.php(354): CodeIgniter\CodeIgniter->handleRequest(NULL, Object(Config\Cache), false)
#10 D:\Developer\singleFile\Nexus_SingleFile_BE\BE\vendor\codeigniter4\framework\system\Boot.php(363): CodeIgniter\CodeIgniter->run()
#11 D:\Developer\singleFile\Nexus_SingleFile_BE\BE\vendor\codeigniter4\framework\system\Boot.php(68): CodeIgniter\Boot::runCodeIgniter(Object(CodeIgniter\CodeIgniter))
#12 D:\Developer\singleFile\Nexus_SingleFile_BE\BE\public\index.php(60): CodeIgniter\Boot::bootWeb(Object(Config\Paths))
#13 D:\Developer\singleFile\Nexus_SingleFile_BE\BE\vendor\codeigniter4\framework\system\rewrite.php(44): require_once('D:\\Developer\\si...')
#14 {main}
ERROR - 2026-03-01 00:50:58 --> Error guardando refresh token: Cannot add or update a child row: a foreign key constraint fails (`nexfile`.`user_refresh_token`, CONSTRAINT `FK_user_refresh_token_IdLastUserUpdate` FOREIGN KEY (`IdLastUserUpdate`) REFERENCES `user` (`Id`) ON DELETE SET NULL ON UPDATE CASCADE)
CRITICAL - 2026-03-01 00:50:58 --> ErrorException: Cannot use isset() on the result of an expression (you can use "null !== expression" instead)
[Method: GET, Route: api/user]
in APPPATH\Controllers\Api\User.php on line 408.
 1 [internal function]: CodeIgniter\Debug\Exceptions->shutdownHandler()
ERROR - 2026-03-01 06:23:59 --> mysqli_sql_exception: Cannot add or update a child row: a foreign key constraint fails (`nexfile`.`user_refresh_token`, CONSTRAINT `FK_user_refresh_token_IdLastUserUpdate` FOREIGN KEY (`IdLastUserUpdate`) REFERENCES `user` (`Id`) ON DELETE SET NULL ON UPDATE CASCADE) in D:\Developer\singleFile\Nexus_SingleFile_BE\BE\vendor\codeigniter4\framework\system\Database\MySQLi\Connection.php:327
Stack trace:
#0 D:\Developer\singleFile\Nexus_SingleFile_BE\BE\vendor\codeigniter4\framework\system\Database\MySQLi\Connection.php(327): mysqli->query('INSERT INTO `us...', 0)
#1 D:\Developer\singleFile\Nexus_SingleFile_BE\BE\vendor\codeigniter4\framework\system\Database\BaseConnection.php(729): CodeIgniter\Database\MySQLi\Connection->execute('INSERT INTO `us...')
#2 D:\Developer\singleFile\Nexus_SingleFile_BE\BE\vendor\codeigniter4\framework\system\Database\BaseConnection.php(646): CodeIgniter\Database\BaseConnection->simpleQuery('INSERT INTO `us...')
#3 D:\Developer\singleFile\Nexus_SingleFile_BE\BE\vendor\codeigniter4\framework\system\Database\BaseBuilder.php(2345): CodeIgniter\Database\BaseConnection->query('INSERT INTO `us...', Array, false)
#4 D:\Developer\singleFile\Nexus_SingleFile_BE\BE\app\Models\AuthModel.php(223): CodeIgniter\Database\BaseBuilder->insert(Array)
#5 D:\Developer\singleFile\Nexus_SingleFile_BE\BE\app\Models\AuthModel.php(92): App\Models\AuthModel->saveRefreshToken('1', 'eyJ0eXAiOiJKV1Q...')
#6 D:\Developer\singleFile\Nexus_SingleFile_BE\BE\app\Controllers\Api\Auth.php(41): App\Models\AuthModel->authenticate('admin@nexusqtec...', '$2y$10$RWcmMG80...')
#7 D:\Developer\singleFile\Nexus_SingleFile_BE\BE\vendor\codeigniter4\framework\system\CodeIgniter.php(933): App\Controllers\Api\Auth->login()
#8 D:\Developer\singleFile\Nexus_SingleFile_BE\BE\vendor\codeigniter4\framework\system\CodeIgniter.php(507): CodeIgniter\CodeIgniter->runController(Object(App\Controllers\Api\Auth))
#9 D:\Developer\singleFile\Nexus_SingleFile_BE\BE\vendor\codeigniter4\framework\system\CodeIgniter.php(354): CodeIgniter\CodeIgniter->handleRequest(NULL, Object(Config\Cache), false)
#10 D:\Developer\singleFile\Nexus_SingleFile_BE\BE\vendor\codeigniter4\framework\system\Boot.php(363): CodeIgniter\CodeIgniter->run()
#11 D:\Developer\singleFile\Nexus_SingleFile_BE\BE\vendor\codeigniter4\framework\system\Boot.php(68): CodeIgniter\Boot::runCodeIgniter(Object(CodeIgniter\CodeIgniter))
#12 D:\Developer\singleFile\Nexus_SingleFile_BE\BE\public\index.php(60): CodeIgniter\Boot::bootWeb(Object(Config\Paths))
#13 D:\Developer\singleFile\Nexus_SingleFile_BE\BE\vendor\codeigniter4\framework\system\rewrite.php(44): require_once('D:\\Developer\\si...')
#14 {main}
ERROR - 2026-03-01 06:23:59 --> Error guardando refresh token: Cannot add or update a child row: a foreign key constraint fails (`nexfile`.`user_refresh_token`, CONSTRAINT `FK_user_refresh_token_IdLastUserUpdate` FOREIGN KEY (`IdLastUserUpdate`) REFERENCES `user` (`Id`) ON DELETE SET NULL ON UPDATE CASCADE)
ERROR - 2026-03-01 06:24:04 --> mysqli_sql_exception: Unknown column 'd.IdDocumentType' in 'on clause' in D:\Developer\singleFile\Nexus_SingleFile_BE\BE\vendor\codeigniter4\framework\system\Database\MySQLi\Connection.php:327
Stack trace:
#0 D:\Developer\singleFile\Nexus_SingleFile_BE\BE\vendor\codeigniter4\framework\system\Database\MySQLi\Connection.php(327): mysqli->query('SELECT `dt`.`Na...', 0)
#1 D:\Developer\singleFile\Nexus_SingleFile_BE\BE\vendor\codeigniter4\framework\system\Database\BaseConnection.php(729): CodeIgniter\Database\MySQLi\Connection->execute('SELECT `dt`.`Na...')
#2 D:\Developer\singleFile\Nexus_SingleFile_BE\BE\vendor\codeigniter4\framework\system\Database\BaseConnection.php(646): CodeIgniter\Database\BaseConnection->simpleQuery('SELECT `dt`.`Na...')
#3 D:\Developer\singleFile\Nexus_SingleFile_BE\BE\vendor\codeigniter4\framework\system\Database\BaseBuilder.php(1649): CodeIgniter\Database\BaseConnection->query('SELECT `dt`.`Na...', Array, false)
#4 D:\Developer\singleFile\Nexus_SingleFile_BE\BE\app\Controllers\Api\Analytics.php(131): CodeIgniter\Database\BaseBuilder->get()
#5 D:\Developer\singleFile\Nexus_SingleFile_BE\BE\vendor\codeigniter4\framework\system\CodeIgniter.php(933): App\Controllers\Api\Analytics->getDocumentStats()
#6 D:\Developer\singleFile\Nexus_SingleFile_BE\BE\vendor\codeigniter4\framework\system\CodeIgniter.php(507): CodeIgniter\CodeIgniter->runController(Object(App\Controllers\Api\Analytics))
#7 D:\Developer\singleFile\Nexus_SingleFile_BE\BE\vendor\codeigniter4\framework\system\CodeIgniter.php(354): CodeIgniter\CodeIgniter->handleRequest(NULL, Object(Config\Cache), false)
#8 D:\Developer\singleFile\Nexus_SingleFile_BE\BE\vendor\codeigniter4\framework\system\Boot.php(363): CodeIgniter\CodeIgniter->run()
#9 D:\Developer\singleFile\Nexus_SingleFile_BE\BE\vendor\codeigniter4\framework\system\Boot.php(68): CodeIgniter\Boot::runCodeIgniter(Object(CodeIgniter\CodeIgniter))
#10 D:\Developer\singleFile\Nexus_SingleFile_BE\BE\public\index.php(60): CodeIgniter\Boot::bootWeb(Object(Config\Paths))
#11 D:\Developer\singleFile\Nexus_SingleFile_BE\BE\vendor\codeigniter4\framework\system\rewrite.php(44): require_once('D:\\Developer\\si...')
#12 {main}
ERROR - 2026-03-01 06:24:04 --> Error en Analytics::getDocumentStats: Unknown column 'd.IdDocumentType' in 'on clause'
ERROR - 2026-03-01 06:24:05 --> mysqli_sql_exception: Unknown column 'process.RegistrationDate' in 'field list' in D:\Developer\singleFile\Nexus_SingleFile_BE\BE\vendor\codeigniter4\framework\system\Database\MySQLi\Connection.php:327
Stack trace:
#0 D:\Developer\singleFile\Nexus_SingleFile_BE\BE\vendor\codeigniter4\framework\system\Database\MySQLi\Connection.php(327): mysqli->query('SELECT DATE_FOR...', 0)
#1 D:\Developer\singleFile\Nexus_SingleFile_BE\BE\vendor\codeigniter4\framework\system\Database\BaseConnection.php(729): CodeIgniter\Database\MySQLi\Connection->execute('SELECT DATE_FOR...')
#2 D:\Developer\singleFile\Nexus_SingleFile_BE\BE\vendor\codeigniter4\framework\system\Database\BaseConnection.php(646): CodeIgniter\Database\BaseConnection->simpleQuery('SELECT DATE_FOR...')
#3 D:\Developer\singleFile\Nexus_SingleFile_BE\BE\vendor\codeigniter4\framework\system\Database\BaseBuilder.php(1649): CodeIgniter\Database\BaseConnection->query('SELECT DATE_FOR...', Array, false)
#4 D:\Developer\singleFile\Nexus_SingleFile_BE\BE\app\Controllers\Api\Analytics.php(272): CodeIgniter\Database\BaseBuilder->get()
#5 D:\Developer\singleFile\Nexus_SingleFile_BE\BE\vendor\codeigniter4\framework\system\CodeIgniter.php(933): App\Controllers\Api\Analytics->getProcessStats()
#6 D:\Developer\singleFile\Nexus_SingleFile_BE\BE\vendor\codeigniter4\framework\system\CodeIgniter.php(507): CodeIgniter\CodeIgniter->runController(Object(App\Controllers\Api\Analytics))
#7 D:\Developer\singleFile\Nexus_SingleFile_BE\BE\vendor\codeigniter4\framework\system\CodeIgniter.php(354): CodeIgniter\CodeIgniter->handleRequest(NULL, Object(Config\Cache), false)
#8 D:\Developer\singleFile\Nexus_SingleFile_BE\BE\vendor\codeigniter4\framework\system\Boot.php(363): CodeIgniter\CodeIgniter->run()
#9 D:\Developer\singleFile\Nexus_SingleFile_BE\BE\vendor\codeigniter4\framework\system\Boot.php(68): CodeIgniter\Boot::runCodeIgniter(Object(CodeIgniter\CodeIgniter))
#10 D:\Developer\singleFile\Nexus_SingleFile_BE\BE\public\index.php(60): CodeIgniter\Boot::bootWeb(Object(Config\Paths))
#11 D:\Developer\singleFile\Nexus_SingleFile_BE\BE\vendor\codeigniter4\framework\system\rewrite.php(44): require_once('D:\\Developer\\si...')
#12 {main}
ERROR - 2026-03-01 06:24:05 --> Error en Analytics::getProcessStats: Unknown column 'process.RegistrationDate' in 'field list'
ERROR - 2026-03-01 06:24:05 --> Trace: #0 D:\Developer\singleFile\Nexus_SingleFile_BE\BE\vendor\codeigniter4\framework\system\Database\BaseBuilder.php(1649): CodeIgniter\Database\BaseConnection->query('SELECT DATE_FOR...', Array, false)
#1 D:\Developer\singleFile\Nexus_SingleFile_BE\BE\app\Controllers\Api\Analytics.php(272): CodeIgniter\Database\BaseBuilder->get()
#2 D:\Developer\singleFile\Nexus_SingleFile_BE\BE\vendor\codeigniter4\framework\system\CodeIgniter.php(933): App\Controllers\Api\Analytics->getProcessStats()
#3 D:\Developer\singleFile\Nexus_SingleFile_BE\BE\vendor\codeigniter4\framework\system\CodeIgniter.php(507): CodeIgniter\CodeIgniter->runController(Object(App\Controllers\Api\Analytics))
#4 D:\Developer\singleFile\Nexus_SingleFile_BE\BE\vendor\codeigniter4\framework\system\CodeIgniter.php(354): CodeIgniter\CodeIgniter->handleRequest(NULL, Object(Config\Cache), false)
#5 D:\Developer\singleFile\Nexus_SingleFile_BE\BE\vendor\codeigniter4\framework\system\Boot.php(363): CodeIgniter\CodeIgniter->run()
#6 D:\Developer\singleFile\Nexus_SingleFile_BE\BE\vendor\codeigniter4\framework\system\Boot.php(68): CodeIgniter\Boot::runCodeIgniter(Object(CodeIgniter\CodeIgniter))
#7 D:\Developer\singleFile\Nexus_SingleFile_BE\BE\public\index.php(60): CodeIgniter\Boot::bootWeb(Object(Config\Paths))
#8 D:\Developer\singleFile\Nexus_SingleFile_BE\BE\vendor\codeigniter4\framework\system\rewrite.php(44): require_once('D:\\Developer\\si...')
#9 {main}
ERROR - 2026-03-01 06:24:11 --> mysqli_sql_exception: Unknown column 'd.IdDocumentType' in 'on clause' in D:\Developer\singleFile\Nexus_SingleFile_BE\BE\vendor\codeigniter4\framework\system\Database\MySQLi\Connection.php:327
Stack trace:
#0 D:\Developer\singleFile\Nexus_SingleFile_BE\BE\vendor\codeigniter4\framework\system\Database\MySQLi\Connection.php(327): mysqli->query('SELECT `dt`.`Na...', 0)
#1 D:\Developer\singleFile\Nexus_SingleFile_BE\BE\vendor\codeigniter4\framework\system\Database\BaseConnection.php(729): CodeIgniter\Database\MySQLi\Connection->execute('SELECT `dt`.`Na...')
#2 D:\Developer\singleFile\Nexus_SingleFile_BE\BE\vendor\codeigniter4\framework\system\Database\BaseConnection.php(646): CodeIgniter\Database\BaseConnection->simpleQuery('SELECT `dt`.`Na...')
#3 D:\Developer\singleFile\Nexus_SingleFile_BE\BE\vendor\codeigniter4\framework\system\Database\BaseBuilder.php(1649): CodeIgniter\Database\BaseConnection->query('SELECT `dt`.`Na...', Array, false)
#4 D:\Developer\singleFile\Nexus_SingleFile_BE\BE\app\Controllers\Api\Analytics.php(131): CodeIgniter\Database\BaseBuilder->get()
#5 D:\Developer\singleFile\Nexus_SingleFile_BE\BE\vendor\codeigniter4\framework\system\CodeIgniter.php(933): App\Controllers\Api\Analytics->getDocumentStats()
#6 D:\Developer\singleFile\Nexus_SingleFile_BE\BE\vendor\codeigniter4\framework\system\CodeIgniter.php(507): CodeIgniter\CodeIgniter->runController(Object(App\Controllers\Api\Analytics))
#7 D:\Developer\singleFile\Nexus_SingleFile_BE\BE\vendor\codeigniter4\framework\system\CodeIgniter.php(354): CodeIgniter\CodeIgniter->handleRequest(NULL, Object(Config\Cache), false)
#8 D:\Developer\singleFile\Nexus_SingleFile_BE\BE\vendor\codeigniter4\framework\system\Boot.php(363): CodeIgniter\CodeIgniter->run()
#9 D:\Developer\singleFile\Nexus_SingleFile_BE\BE\vendor\codeigniter4\framework\system\Boot.php(68): CodeIgniter\Boot::runCodeIgniter(Object(CodeIgniter\CodeIgniter))
#10 D:\Developer\singleFile\Nexus_SingleFile_BE\BE\public\index.php(60): CodeIgniter\Boot::bootWeb(Object(Config\Paths))
#11 D:\Developer\singleFile\Nexus_SingleFile_BE\BE\vendor\codeigniter4\framework\system\rewrite.php(44): require_once('D:\\Developer\\si...')
#12 {main}
ERROR - 2026-03-01 06:24:11 --> Error en Analytics::getDocumentStats: Unknown column 'd.IdDocumentType' in 'on clause'
ERROR - 2026-03-01 06:24:13 --> mysqli_sql_exception: Unknown column 'process.RegistrationDate' in 'field list' in D:\Developer\singleFile\Nexus_SingleFile_BE\BE\vendor\codeigniter4\framework\system\Database\MySQLi\Connection.php:327
Stack trace:
#0 D:\Developer\singleFile\Nexus_SingleFile_BE\BE\vendor\codeigniter4\framework\system\Database\MySQLi\Connection.php(327): mysqli->query('SELECT DATE_FOR...', 0)
#1 D:\Developer\singleFile\Nexus_SingleFile_BE\BE\vendor\codeigniter4\framework\system\Database\BaseConnection.php(729): CodeIgniter\Database\MySQLi\Connection->execute('SELECT DATE_FOR...')
#2 D:\Developer\singleFile\Nexus_SingleFile_BE\BE\vendor\codeigniter4\framework\system\Database\BaseConnection.php(646): CodeIgniter\Database\BaseConnection->simpleQuery('SELECT DATE_FOR...')
#3 D:\Developer\singleFile\Nexus_SingleFile_BE\BE\vendor\codeigniter4\framework\system\Database\BaseBuilder.php(1649): CodeIgniter\Database\BaseConnection->query('SELECT DATE_FOR...', Array, false)
#4 D:\Developer\singleFile\Nexus_SingleFile_BE\BE\app\Controllers\Api\Analytics.php(272): CodeIgniter\Database\BaseBuilder->get()
#5 D:\Developer\singleFile\Nexus_SingleFile_BE\BE\vendor\codeigniter4\framework\system\CodeIgniter.php(933): App\Controllers\Api\Analytics->getProcessStats()
#6 D:\Developer\singleFile\Nexus_SingleFile_BE\BE\vendor\codeigniter4\framework\system\CodeIgniter.php(507): CodeIgniter\CodeIgniter->runController(Object(App\Controllers\Api\Analytics))
#7 D:\Developer\singleFile\Nexus_SingleFile_BE\BE\vendor\codeigniter4\framework\system\CodeIgniter.php(354): CodeIgniter\CodeIgniter->handleRequest(NULL, Object(Config\Cache), false)
#8 D:\Developer\singleFile\Nexus_SingleFile_BE\BE\vendor\codeigniter4\framework\system\Boot.php(363): CodeIgniter\CodeIgniter->run()
#9 D:\Developer\singleFile\Nexus_SingleFile_BE\BE\vendor\codeigniter4\framework\system\Boot.php(68): CodeIgniter\Boot::runCodeIgniter(Object(CodeIgniter\CodeIgniter))
#10 D:\Developer\singleFile\Nexus_SingleFile_BE\BE\public\index.php(60): CodeIgniter\Boot::bootWeb(Object(Config\Paths))
#11 D:\Developer\singleFile\Nexus_SingleFile_BE\BE\vendor\codeigniter4\framework\system\rewrite.php(44): require_once('D:\\Developer\\si...')
#12 {main}
ERROR - 2026-03-01 06:24:13 --> Error en Analytics::getProcessStats: Unknown column 'process.RegistrationDate' in 'field list'
ERROR - 2026-03-01 06:24:13 --> Trace: #0 D:\Developer\singleFile\Nexus_SingleFile_BE\BE\vendor\codeigniter4\framework\system\Database\BaseBuilder.php(1649): CodeIgniter\Database\BaseConnection->query('SELECT DATE_FOR...', Array, false)
#1 D:\Developer\singleFile\Nexus_SingleFile_BE\BE\app\Controllers\Api\Analytics.php(272): CodeIgniter\Database\BaseBuilder->get()
#2 D:\Developer\singleFile\Nexus_SingleFile_BE\BE\vendor\codeigniter4\framework\system\CodeIgniter.php(933): App\Controllers\Api\Analytics->getProcessStats()
#3 D:\Developer\singleFile\Nexus_SingleFile_BE\BE\vendor\codeigniter4\framework\system\CodeIgniter.php(507): CodeIgniter\CodeIgniter->runController(Object(App\Controllers\Api\Analytics))
#4 D:\Developer\singleFile\Nexus_SingleFile_BE\BE\vendor\codeigniter4\framework\system\CodeIgniter.php(354): CodeIgniter\CodeIgniter->handleRequest(NULL, Object(Config\Cache), false)
#5 D:\Developer\singleFile\Nexus_SingleFile_BE\BE\vendor\codeigniter4\framework\system\Boot.php(363): CodeIgniter\CodeIgniter->run()
#6 D:\Developer\singleFile\Nexus_SingleFile_BE\BE\vendor\codeigniter4\framework\system\Boot.php(68): CodeIgniter\Boot::runCodeIgniter(Object(CodeIgniter\CodeIgniter))
#7 D:\Developer\singleFile\Nexus_SingleFile_BE\BE\public\index.php(60): CodeIgniter\Boot::bootWeb(Object(Config\Paths))
#8 D:\Developer\singleFile\Nexus_SingleFile_BE\BE\vendor\codeigniter4\framework\system\rewrite.php(44): require_once('D:\\Developer\\si...')
#9 {main}
CRITICAL - 2026-03-01 06:24:16 --> ErrorException: Cannot use isset() on the result of an expression (you can use "null !== expression" instead)
[Method: GET, Route: api/user]
in APPPATH\Controllers\Api\User.php on line 408.
 1 [internal function]: CodeIgniter\Debug\Exceptions->shutdownHandler()
ERROR - 2026-03-01 06:24:26 --> mysqli_sql_exception: Unknown column 'ct.IdLastUserUpdate' in 'on clause' in D:\Developer\singleFile\Nexus_SingleFile_BE\BE\vendor\codeigniter4\framework\system\Database\MySQLi\Connection.php:327
Stack trace:
#0 D:\Developer\singleFile\Nexus_SingleFile_BE\BE\vendor\codeigniter4\framework\system\Database\MySQLi\Connection.php(327): mysqli->query('SELECT COUNT(*)...', 0)
#1 D:\Developer\singleFile\Nexus_SingleFile_BE\BE\vendor\codeigniter4\framework\system\Database\BaseConnection.php(729): CodeIgniter\Database\MySQLi\Connection->execute('SELECT COUNT(*)...')
#2 D:\Developer\singleFile\Nexus_SingleFile_BE\BE\vendor\codeigniter4\framework\system\Database\BaseConnection.php(646): CodeIgniter\Database\BaseConnection->simpleQuery('SELECT COUNT(*)...')
#3 D:\Developer\singleFile\Nexus_SingleFile_BE\BE\vendor\codeigniter4\framework\system\Database\BaseBuilder.php(1733): CodeIgniter\Database\BaseConnection->query('SELECT COUNT(*)...', Array, false)
#4 D:\Developer\singleFile\Nexus_SingleFile_BE\BE\app\Controllers\Api\CustomerType.php(71): CodeIgniter\Database\BaseBuilder->countAllResults(false)
#5 D:\Developer\singleFile\Nexus_SingleFile_BE\BE\vendor\codeigniter4\framework\system\CodeIgniter.php(933): App\Controllers\Api\CustomerType->index()
#6 D:\Developer\singleFile\Nexus_SingleFile_BE\BE\vendor\codeigniter4\framework\system\CodeIgniter.php(507): CodeIgniter\CodeIgniter->runController(Object(App\Controllers\Api\CustomerType))
#7 D:\Developer\singleFile\Nexus_SingleFile_BE\BE\vendor\codeigniter4\framework\system\CodeIgniter.php(354): CodeIgniter\CodeIgniter->handleRequest(NULL, Object(Config\Cache), false)
#8 D:\Developer\singleFile\Nexus_SingleFile_BE\BE\vendor\codeigniter4\framework\system\Boot.php(363): CodeIgniter\CodeIgniter->run()
#9 D:\Developer\singleFile\Nexus_SingleFile_BE\BE\vendor\codeigniter4\framework\system\Boot.php(68): CodeIgniter\Boot::runCodeIgniter(Object(CodeIgniter\CodeIgniter))
#10 D:\Developer\singleFile\Nexus_SingleFile_BE\BE\public\index.php(60): CodeIgniter\Boot::bootWeb(Object(Config\Paths))
#11 D:\Developer\singleFile\Nexus_SingleFile_BE\BE\vendor\codeigniter4\framework\system\rewrite.php(44): require_once('D:\\Developer\\si...')
#12 {main}
ERROR - 2026-03-01 06:24:26 --> Error en CustomerType::index: Unknown column 'ct.IdLastUserUpdate' in 'on clause'
ERROR - 2026-03-01 06:24:27 --> mysqli_sql_exception: Unknown column 'operation_type.IdLastUserUpdate' in 'on clause' in D:\Developer\singleFile\Nexus_SingleFile_BE\BE\vendor\codeigniter4\framework\system\Database\MySQLi\Connection.php:327
Stack trace:
#0 D:\Developer\singleFile\Nexus_SingleFile_BE\BE\vendor\codeigniter4\framework\system\Database\MySQLi\Connection.php(327): mysqli->query('SELECT `operati...', 0)
#1 D:\Developer\singleFile\Nexus_SingleFile_BE\BE\vendor\codeigniter4\framework\system\Database\BaseConnection.php(729): CodeIgniter\Database\MySQLi\Connection->execute('SELECT `operati...')
#2 D:\Developer\singleFile\Nexus_SingleFile_BE\BE\vendor\codeigniter4\framework\system\Database\BaseConnection.php(646): CodeIgniter\Database\BaseConnection->simpleQuery('SELECT `operati...')
#3 D:\Developer\singleFile\Nexus_SingleFile_BE\BE\vendor\codeigniter4\framework\system\Database\BaseBuilder.php(1649): CodeIgniter\Database\BaseConnection->query('SELECT `operati...', Array, false)
#4 D:\Developer\singleFile\Nexus_SingleFile_BE\BE\vendor\codeigniter4\framework\system\Model.php(286): CodeIgniter\Database\BaseBuilder->get()
#5 D:\Developer\singleFile\Nexus_SingleFile_BE\BE\vendor\codeigniter4\framework\system\BaseModel.php(677): CodeIgniter\Model->doFindAll(0, 0)
#6 D:\Developer\singleFile\Nexus_SingleFile_BE\BE\app\Models\OperationTypeModel.php(80): CodeIgniter\BaseModel->findAll()
#7 D:\Developer\singleFile\Nexus_SingleFile_BE\BE\app\Controllers\Api\OperationType.php(53): App\Models\OperationTypeModel->getAllOperationTypesWithUser('Name', 'ASC')
#8 D:\Developer\singleFile\Nexus_SingleFile_BE\BE\vendor\codeigniter4\framework\system\CodeIgniter.php(933): App\Controllers\Api\OperationType->index()
#9 D:\Developer\singleFile\Nexus_SingleFile_BE\BE\vendor\codeigniter4\framework\system\CodeIgniter.php(507): CodeIgniter\CodeIgniter->runController(Object(App\Controllers\Api\OperationType))
#10 D:\Developer\singleFile\Nexus_SingleFile_BE\BE\vendor\codeigniter4\framework\system\CodeIgniter.php(354): CodeIgniter\CodeIgniter->handleRequest(NULL, Object(Config\Cache), false)
#11 D:\Developer\singleFile\Nexus_SingleFile_BE\BE\vendor\codeigniter4\framework\system\Boot.php(363): CodeIgniter\CodeIgniter->run()
#12 D:\Developer\singleFile\Nexus_SingleFile_BE\BE\vendor\codeigniter4\framework\system\Boot.php(68): CodeIgniter\Boot::runCodeIgniter(Object(CodeIgniter\CodeIgniter))
#13 D:\Developer\singleFile\Nexus_SingleFile_BE\BE\public\index.php(60): CodeIgniter\Boot::bootWeb(Object(Config\Paths))
#14 D:\Developer\singleFile\Nexus_SingleFile_BE\BE\vendor\codeigniter4\framework\system\rewrite.php(44): require_once('D:\\Developer\\si...')
#15 {main}
ERROR - 2026-03-01 07:05:58 --> mysqli_sql_exception: Unknown column 'ct.IdLastUserUpdate' in 'on clause' in D:\Developer\singleFile\Nexus_SingleFile_BE\BE\vendor\codeigniter4\framework\system\Database\MySQLi\Connection.php:327
Stack trace:
#0 D:\Developer\singleFile\Nexus_SingleFile_BE\BE\vendor\codeigniter4\framework\system\Database\MySQLi\Connection.php(327): mysqli->query('SELECT COUNT(*)...', 0)
#1 D:\Developer\singleFile\Nexus_SingleFile_BE\BE\vendor\codeigniter4\framework\system\Database\BaseConnection.php(729): CodeIgniter\Database\MySQLi\Connection->execute('SELECT COUNT(*)...')
#2 D:\Developer\singleFile\Nexus_SingleFile_BE\BE\vendor\codeigniter4\framework\system\Database\BaseConnection.php(646): CodeIgniter\Database\BaseConnection->simpleQuery('SELECT COUNT(*)...')
#3 D:\Developer\singleFile\Nexus_SingleFile_BE\BE\vendor\codeigniter4\framework\system\Database\BaseBuilder.php(1733): CodeIgniter\Database\BaseConnection->query('SELECT COUNT(*)...', Array, false)
#4 D:\Developer\singleFile\Nexus_SingleFile_BE\BE\app\Controllers\Api\CustomerType.php(71): CodeIgniter\Database\BaseBuilder->countAllResults(false)
#5 D:\Developer\singleFile\Nexus_SingleFile_BE\BE\vendor\codeigniter4\framework\system\CodeIgniter.php(933): App\Controllers\Api\CustomerType->index()
#6 D:\Developer\singleFile\Nexus_SingleFile_BE\BE\vendor\codeigniter4\framework\system\CodeIgniter.php(507): CodeIgniter\CodeIgniter->runController(Object(App\Controllers\Api\CustomerType))
#7 D:\Developer\singleFile\Nexus_SingleFile_BE\BE\vendor\codeigniter4\framework\system\CodeIgniter.php(354): CodeIgniter\CodeIgniter->handleRequest(NULL, Object(Config\Cache), false)
#8 D:\Developer\singleFile\Nexus_SingleFile_BE\BE\vendor\codeigniter4\framework\system\Boot.php(363): CodeIgniter\CodeIgniter->run()
#9 D:\Developer\singleFile\Nexus_SingleFile_BE\BE\vendor\codeigniter4\framework\system\Boot.php(68): CodeIgniter\Boot::runCodeIgniter(Object(CodeIgniter\CodeIgniter))
#10 D:\Developer\singleFile\Nexus_SingleFile_BE\BE\public\index.php(60): CodeIgniter\Boot::bootWeb(Object(Config\Paths))
#11 D:\Developer\singleFile\Nexus_SingleFile_BE\BE\vendor\codeigniter4\framework\system\rewrite.php(44): require_once('D:\\Developer\\si...')
#12 {main}
ERROR - 2026-03-01 07:05:58 --> Error en CustomerType::index: Unknown column 'ct.IdLastUserUpdate' in 'on clause'
ERROR - 2026-03-01 07:06:00 --> mysqli_sql_exception: Unknown column 'operation_type.IdLastUserUpdate' in 'on clause' in D:\Developer\singleFile\Nexus_SingleFile_BE\BE\vendor\codeigniter4\framework\system\Database\MySQLi\Connection.php:327
Stack trace:
#0 D:\Developer\singleFile\Nexus_SingleFile_BE\BE\vendor\codeigniter4\framework\system\Database\MySQLi\Connection.php(327): mysqli->query('SELECT `operati...', 0)
#1 D:\Developer\singleFile\Nexus_SingleFile_BE\BE\vendor\codeigniter4\framework\system\Database\BaseConnection.php(729): CodeIgniter\Database\MySQLi\Connection->execute('SELECT `operati...')
#2 D:\Developer\singleFile\Nexus_SingleFile_BE\BE\vendor\codeigniter4\framework\system\Database\BaseConnection.php(646): CodeIgniter\Database\BaseConnection->simpleQuery('SELECT `operati...')
#3 D:\Developer\singleFile\Nexus_SingleFile_BE\BE\vendor\codeigniter4\framework\system\Database\BaseBuilder.php(1649): CodeIgniter\Database\BaseConnection->query('SELECT `operati...', Array, false)
#4 D:\Developer\singleFile\Nexus_SingleFile_BE\BE\vendor\codeigniter4\framework\system\Model.php(286): CodeIgniter\Database\BaseBuilder->get()
#5 D:\Developer\singleFile\Nexus_SingleFile_BE\BE\vendor\codeigniter4\framework\system\BaseModel.php(677): CodeIgniter\Model->doFindAll(0, 0)
#6 D:\Developer\singleFile\Nexus_SingleFile_BE\BE\app\Models\OperationTypeModel.php(80): CodeIgniter\BaseModel->findAll()
#7 D:\Developer\singleFile\Nexus_SingleFile_BE\BE\app\Controllers\Api\OperationType.php(53): App\Models\OperationTypeModel->getAllOperationTypesWithUser('Name', 'ASC')
#8 D:\Developer\singleFile\Nexus_SingleFile_BE\BE\vendor\codeigniter4\framework\system\CodeIgniter.php(933): App\Controllers\Api\OperationType->index()
#9 D:\Developer\singleFile\Nexus_SingleFile_BE\BE\vendor\codeigniter4\framework\system\CodeIgniter.php(507): CodeIgniter\CodeIgniter->runController(Object(App\Controllers\Api\OperationType))
#10 D:\Developer\singleFile\Nexus_SingleFile_BE\BE\vendor\codeigniter4\framework\system\CodeIgniter.php(354): CodeIgniter\CodeIgniter->handleRequest(NULL, Object(Config\Cache), false)
#11 D:\Developer\singleFile\Nexus_SingleFile_BE\BE\vendor\codeigniter4\framework\system\Boot.php(363): CodeIgniter\CodeIgniter->run()
#12 D:\Developer\singleFile\Nexus_SingleFile_BE\BE\vendor\codeigniter4\framework\system\Boot.php(68): CodeIgniter\Boot::runCodeIgniter(Object(CodeIgniter\CodeIgniter))
#13 D:\Developer\singleFile\Nexus_SingleFile_BE\BE\public\index.php(60): CodeIgniter\Boot::bootWeb(Object(Config\Paths))
#14 D:\Developer\singleFile\Nexus_SingleFile_BE\BE\vendor\codeigniter4\framework\system\rewrite.php(44): require_once('D:\\Developer\\si...')
#15 {main}
ERROR - 2026-03-01 07:07:14 --> mysqli_sql_exception: Unknown column 'operation_type.IdLastUserUpdate' in 'on clause' in D:\Developer\singleFile\Nexus_SingleFile_BE\BE\vendor\codeigniter4\framework\system\Database\MySQLi\Connection.php:327
Stack trace:
#0 D:\Developer\singleFile\Nexus_SingleFile_BE\BE\vendor\codeigniter4\framework\system\Database\MySQLi\Connection.php(327): mysqli->query('SELECT `operati...', 0)
#1 D:\Developer\singleFile\Nexus_SingleFile_BE\BE\vendor\codeigniter4\framework\system\Database\BaseConnection.php(729): CodeIgniter\Database\MySQLi\Connection->execute('SELECT `operati...')
#2 D:\Developer\singleFile\Nexus_SingleFile_BE\BE\vendor\codeigniter4\framework\system\Database\BaseConnection.php(646): CodeIgniter\Database\BaseConnection->simpleQuery('SELECT `operati...')
#3 D:\Developer\singleFile\Nexus_SingleFile_BE\BE\vendor\codeigniter4\framework\system\Database\BaseBuilder.php(1649): CodeIgniter\Database\BaseConnection->query('SELECT `operati...', Array, false)
#4 D:\Developer\singleFile\Nexus_SingleFile_BE\BE\vendor\codeigniter4\framework\system\Model.php(286): CodeIgniter\Database\BaseBuilder->get()
#5 D:\Developer\singleFile\Nexus_SingleFile_BE\BE\vendor\codeigniter4\framework\system\BaseModel.php(677): CodeIgniter\Model->doFindAll(0, 0)
#6 D:\Developer\singleFile\Nexus_SingleFile_BE\BE\app\Models\OperationTypeModel.php(80): CodeIgniter\BaseModel->findAll()
#7 D:\Developer\singleFile\Nexus_SingleFile_BE\BE\app\Controllers\Api\OperationType.php(53): App\Models\OperationTypeModel->getAllOperationTypesWithUser('Name', 'ASC')
#8 D:\Developer\singleFile\Nexus_SingleFile_BE\BE\vendor\codeigniter4\framework\system\CodeIgniter.php(933): App\Controllers\Api\OperationType->index()
#9 D:\Developer\singleFile\Nexus_SingleFile_BE\BE\vendor\codeigniter4\framework\system\CodeIgniter.php(507): CodeIgniter\CodeIgniter->runController(Object(App\Controllers\Api\OperationType))
#10 D:\Developer\singleFile\Nexus_SingleFile_BE\BE\vendor\codeigniter4\framework\system\CodeIgniter.php(354): CodeIgniter\CodeIgniter->handleRequest(NULL, Object(Config\Cache), false)
#11 D:\Developer\singleFile\Nexus_SingleFile_BE\BE\vendor\codeigniter4\framework\system\Boot.php(363): CodeIgniter\CodeIgniter->run()
#12 D:\Developer\singleFile\Nexus_SingleFile_BE\BE\vendor\codeigniter4\framework\system\Boot.php(68): CodeIgniter\Boot::runCodeIgniter(Object(CodeIgniter\CodeIgniter))
#13 D:\Developer\singleFile\Nexus_SingleFile_BE\BE\public\index.php(60): CodeIgniter\Boot::bootWeb(Object(Config\Paths))
#14 D:\Developer\singleFile\Nexus_SingleFile_BE\BE\vendor\codeigniter4\framework\system\rewrite.php(44): require_once('D:\\Developer\\si...')
#15 {main}
ERROR - 2026-03-01 07:07:18 --> mysqli_sql_exception: Unknown column 'ct.IdLastUserUpdate' in 'on clause' in D:\Developer\singleFile\Nexus_SingleFile_BE\BE\vendor\codeigniter4\framework\system\Database\MySQLi\Connection.php:327
Stack trace:
#0 D:\Developer\singleFile\Nexus_SingleFile_BE\BE\vendor\codeigniter4\framework\system\Database\MySQLi\Connection.php(327): mysqli->query('SELECT COUNT(*)...', 0)
#1 D:\Developer\singleFile\Nexus_SingleFile_BE\BE\vendor\codeigniter4\framework\system\Database\BaseConnection.php(729): CodeIgniter\Database\MySQLi\Connection->execute('SELECT COUNT(*)...')
#2 D:\Developer\singleFile\Nexus_SingleFile_BE\BE\vendor\codeigniter4\framework\system\Database\BaseConnection.php(646): CodeIgniter\Database\BaseConnection->simpleQuery('SELECT COUNT(*)...')
#3 D:\Developer\singleFile\Nexus_SingleFile_BE\BE\vendor\codeigniter4\framework\system\Database\BaseBuilder.php(1733): CodeIgniter\Database\BaseConnection->query('SELECT COUNT(*)...', Array, false)
#4 D:\Developer\singleFile\Nexus_SingleFile_BE\BE\app\Controllers\Api\CustomerType.php(71): CodeIgniter\Database\BaseBuilder->countAllResults(false)
#5 D:\Developer\singleFile\Nexus_SingleFile_BE\BE\vendor\codeigniter4\framework\system\CodeIgniter.php(933): App\Controllers\Api\CustomerType->index()
#6 D:\Developer\singleFile\Nexus_SingleFile_BE\BE\vendor\codeigniter4\framework\system\CodeIgniter.php(507): CodeIgniter\CodeIgniter->runController(Object(App\Controllers\Api\CustomerType))
#7 D:\Developer\singleFile\Nexus_SingleFile_BE\BE\vendor\codeigniter4\framework\system\CodeIgniter.php(354): CodeIgniter\CodeIgniter->handleRequest(NULL, Object(Config\Cache), false)
#8 D:\Developer\singleFile\Nexus_SingleFile_BE\BE\vendor\codeigniter4\framework\system\Boot.php(363): CodeIgniter\CodeIgniter->run()
#9 D:\Developer\singleFile\Nexus_SingleFile_BE\BE\vendor\codeigniter4\framework\system\Boot.php(68): CodeIgniter\Boot::runCodeIgniter(Object(CodeIgniter\CodeIgniter))
#10 D:\Developer\singleFile\Nexus_SingleFile_BE\BE\public\index.php(60): CodeIgniter\Boot::bootWeb(Object(Config\Paths))
#11 D:\Developer\singleFile\Nexus_SingleFile_BE\BE\vendor\codeigniter4\framework\system\rewrite.php(44): require_once('D:\\Developer\\si...')
#12 {main}
ERROR - 2026-03-01 07:07:18 --> Error en CustomerType::index: Unknown column 'ct.IdLastUserUpdate' in 'on clause'
ERROR - 2026-03-01 07:08:17 --> mysqli_sql_exception: Cannot add or update a child row: a foreign key constraint fails (`nexfile`.`user_refresh_token`, CONSTRAINT `FK_user_refresh_token_IdLastUserUpdate` FOREIGN KEY (`id_last_user_update`) REFERENCES `user` (`id`) ON DELETE SET NULL ON UPDATE CASCADE) in D:\Developer\singleFile\Nexus_SingleFile_BE\BE\vendor\codeigniter4\framework\system\Database\MySQLi\Connection.php:327
Stack trace:
#0 D:\Developer\singleFile\Nexus_SingleFile_BE\BE\vendor\codeigniter4\framework\system\Database\MySQLi\Connection.php(327): mysqli->query('INSERT INTO `us...', 0)
#1 D:\Developer\singleFile\Nexus_SingleFile_BE\BE\vendor\codeigniter4\framework\system\Database\BaseConnection.php(729): CodeIgniter\Database\MySQLi\Connection->execute('INSERT INTO `us...')
#2 D:\Developer\singleFile\Nexus_SingleFile_BE\BE\vendor\codeigniter4\framework\system\Database\BaseConnection.php(646): CodeIgniter\Database\BaseConnection->simpleQuery('INSERT INTO `us...')
#3 D:\Developer\singleFile\Nexus_SingleFile_BE\BE\vendor\codeigniter4\framework\system\Database\BaseBuilder.php(2345): CodeIgniter\Database\BaseConnection->query('INSERT INTO `us...', Array, false)
#4 D:\Developer\singleFile\Nexus_SingleFile_BE\BE\app\Models\AuthModel.php(223): CodeIgniter\Database\BaseBuilder->insert(Array)
#5 D:\Developer\singleFile\Nexus_SingleFile_BE\BE\app\Models\AuthModel.php(92): App\Models\AuthModel->saveRefreshToken('1', 'eyJ0eXAiOiJKV1Q...')
#6 D:\Developer\singleFile\Nexus_SingleFile_BE\BE\app\Controllers\Api\Auth.php(41): App\Models\AuthModel->authenticate('admin@nexusqtec...', 'admin123')
#7 D:\Developer\singleFile\Nexus_SingleFile_BE\BE\vendor\codeigniter4\framework\system\CodeIgniter.php(933): App\Controllers\Api\Auth->login()
#8 D:\Developer\singleFile\Nexus_SingleFile_BE\BE\vendor\codeigniter4\framework\system\CodeIgniter.php(507): CodeIgniter\CodeIgniter->runController(Object(App\Controllers\Api\Auth))
#9 D:\Developer\singleFile\Nexus_SingleFile_BE\BE\vendor\codeigniter4\framework\system\CodeIgniter.php(354): CodeIgniter\CodeIgniter->handleRequest(NULL, Object(Config\Cache), false)
#10 D:\Developer\singleFile\Nexus_SingleFile_BE\BE\vendor\codeigniter4\framework\system\Boot.php(363): CodeIgniter\CodeIgniter->run()
#11 D:\Developer\singleFile\Nexus_SingleFile_BE\BE\vendor\codeigniter4\framework\system\Boot.php(68): CodeIgniter\Boot::runCodeIgniter(Object(CodeIgniter\CodeIgniter))
#12 D:\Developer\singleFile\Nexus_SingleFile_BE\BE\public\index.php(60): CodeIgniter\Boot::bootWeb(Object(Config\Paths))
#13 D:\Developer\singleFile\Nexus_SingleFile_BE\BE\vendor\codeigniter4\framework\system\rewrite.php(44): require_once('D:\\Developer\\si...')
#14 {main}
ERROR - 2026-03-01 07:08:17 --> Error guardando refresh token: Cannot add or update a child row: a foreign key constraint fails (`nexfile`.`user_refresh_token`, CONSTRAINT `FK_user_refresh_token_IdLastUserUpdate` FOREIGN KEY (`id_last_user_update`) REFERENCES `user` (`id`) ON DELETE SET NULL ON UPDATE CASCADE)
ERROR - 2026-03-01 07:08:21 --> mysqli_sql_exception: Unknown column 'd.IdDocumentType' in 'on clause' in D:\Developer\singleFile\Nexus_SingleFile_BE\BE\vendor\codeigniter4\framework\system\Database\MySQLi\Connection.php:327
Stack trace:
#0 D:\Developer\singleFile\Nexus_SingleFile_BE\BE\vendor\codeigniter4\framework\system\Database\MySQLi\Connection.php(327): mysqli->query('SELECT `dt`.`Na...', 0)
#1 D:\Developer\singleFile\Nexus_SingleFile_BE\BE\vendor\codeigniter4\framework\system\Database\BaseConnection.php(729): CodeIgniter\Database\MySQLi\Connection->execute('SELECT `dt`.`Na...')
#2 D:\Developer\singleFile\Nexus_SingleFile_BE\BE\vendor\codeigniter4\framework\system\Database\BaseConnection.php(646): CodeIgniter\Database\BaseConnection->simpleQuery('SELECT `dt`.`Na...')
#3 D:\Developer\singleFile\Nexus_SingleFile_BE\BE\vendor\codeigniter4\framework\system\Database\BaseBuilder.php(1649): CodeIgniter\Database\BaseConnection->query('SELECT `dt`.`Na...', Array, false)
#4 D:\Developer\singleFile\Nexus_SingleFile_BE\BE\app\Controllers\Api\Analytics.php(131): CodeIgniter\Database\BaseBuilder->get()
#5 D:\Developer\singleFile\Nexus_SingleFile_BE\BE\app\Controllers\Api\Analytics.php(66): App\Controllers\Api\Analytics->getDocumentStats(Array)
#6 D:\Developer\singleFile\Nexus_SingleFile_BE\BE\vendor\codeigniter4\framework\system\CodeIgniter.php(933): App\Controllers\Api\Analytics->getDashboardData()
#7 D:\Developer\singleFile\Nexus_SingleFile_BE\BE\vendor\codeigniter4\framework\system\CodeIgniter.php(507): CodeIgniter\CodeIgniter->runController(Object(App\Controllers\Api\Analytics))
#8 D:\Developer\singleFile\Nexus_SingleFile_BE\BE\vendor\codeigniter4\framework\system\CodeIgniter.php(354): CodeIgniter\CodeIgniter->handleRequest(NULL, Object(Config\Cache), false)
#9 D:\Developer\singleFile\Nexus_SingleFile_BE\BE\vendor\codeigniter4\framework\system\Boot.php(363): CodeIgniter\CodeIgniter->run()
#10 D:\Developer\singleFile\Nexus_SingleFile_BE\BE\vendor\codeigniter4\framework\system\Boot.php(68): CodeIgniter\Boot::runCodeIgniter(Object(CodeIgniter\CodeIgniter))
#11 D:\Developer\singleFile\Nexus_SingleFile_BE\BE\public\index.php(60): CodeIgniter\Boot::bootWeb(Object(Config\Paths))
#12 D:\Developer\singleFile\Nexus_SingleFile_BE\BE\vendor\codeigniter4\framework\system\rewrite.php(44): require_once('D:\\Developer\\si...')
#13 {main}
ERROR - 2026-03-01 07:08:21 --> Error en Analytics::getDocumentStats: Unknown column 'd.IdDocumentType' in 'on clause'
ERROR - 2026-03-01 07:08:22 --> mysqli_sql_exception: Unknown column 'process.RegistrationDate' in 'field list' in D:\Developer\singleFile\Nexus_SingleFile_BE\BE\vendor\codeigniter4\framework\system\Database\MySQLi\Connection.php:327
Stack trace:
#0 D:\Developer\singleFile\Nexus_SingleFile_BE\BE\vendor\codeigniter4\framework\system\Database\MySQLi\Connection.php(327): mysqli->query('SELECT DATE_FOR...', 0)
#1 D:\Developer\singleFile\Nexus_SingleFile_BE\BE\vendor\codeigniter4\framework\system\Database\BaseConnection.php(729): CodeIgniter\Database\MySQLi\Connection->execute('SELECT DATE_FOR...')
#2 D:\Developer\singleFile\Nexus_SingleFile_BE\BE\vendor\codeigniter4\framework\system\Database\BaseConnection.php(646): CodeIgniter\Database\BaseConnection->simpleQuery('SELECT DATE_FOR...')
#3 D:\Developer\singleFile\Nexus_SingleFile_BE\BE\vendor\codeigniter4\framework\system\Database\BaseBuilder.php(1649): CodeIgniter\Database\BaseConnection->query('SELECT DATE_FOR...', Array, false)
#4 D:\Developer\singleFile\Nexus_SingleFile_BE\BE\app\Controllers\Api\Analytics.php(272): CodeIgniter\Database\BaseBuilder->get()
#5 D:\Developer\singleFile\Nexus_SingleFile_BE\BE\app\Controllers\Api\Analytics.php(67): App\Controllers\Api\Analytics->getProcessStats(Array)
#6 D:\Developer\singleFile\Nexus_SingleFile_BE\BE\vendor\codeigniter4\framework\system\CodeIgniter.php(933): App\Controllers\Api\Analytics->getDashboardData()
#7 D:\Developer\singleFile\Nexus_SingleFile_BE\BE\vendor\codeigniter4\framework\system\CodeIgniter.php(507): CodeIgniter\CodeIgniter->runController(Object(App\Controllers\Api\Analytics))
#8 D:\Developer\singleFile\Nexus_SingleFile_BE\BE\vendor\codeigniter4\framework\system\CodeIgniter.php(354): CodeIgniter\CodeIgniter->handleRequest(NULL, Object(Config\Cache), false)
#9 D:\Developer\singleFile\Nexus_SingleFile_BE\BE\vendor\codeigniter4\framework\system\Boot.php(363): CodeIgniter\CodeIgniter->run()
#10 D:\Developer\singleFile\Nexus_SingleFile_BE\BE\vendor\codeigniter4\framework\system\Boot.php(68): CodeIgniter\Boot::runCodeIgniter(Object(CodeIgniter\CodeIgniter))
#11 D:\Developer\singleFile\Nexus_SingleFile_BE\BE\public\index.php(60): CodeIgniter\Boot::bootWeb(Object(Config\Paths))
#12 D:\Developer\singleFile\Nexus_SingleFile_BE\BE\vendor\codeigniter4\framework\system\rewrite.php(44): require_once('D:\\Developer\\si...')
#13 {main}
ERROR - 2026-03-01 07:08:22 --> Error en Analytics::getProcessStats: Unknown column 'process.RegistrationDate' in 'field list'
ERROR - 2026-03-01 07:08:22 --> Trace: #0 D:\Developer\singleFile\Nexus_SingleFile_BE\BE\vendor\codeigniter4\framework\system\Database\BaseBuilder.php(1649): CodeIgniter\Database\BaseConnection->query('SELECT DATE_FOR...', Array, false)
#1 D:\Developer\singleFile\Nexus_SingleFile_BE\BE\app\Controllers\Api\Analytics.php(272): CodeIgniter\Database\BaseBuilder->get()
#2 D:\Developer\singleFile\Nexus_SingleFile_BE\BE\app\Controllers\Api\Analytics.php(67): App\Controllers\Api\Analytics->getProcessStats(Array)
#3 D:\Developer\singleFile\Nexus_SingleFile_BE\BE\vendor\codeigniter4\framework\system\CodeIgniter.php(933): App\Controllers\Api\Analytics->getDashboardData()
#4 D:\Developer\singleFile\Nexus_SingleFile_BE\BE\vendor\codeigniter4\framework\system\CodeIgniter.php(507): CodeIgniter\CodeIgniter->runController(Object(App\Controllers\Api\Analytics))
#5 D:\Developer\singleFile\Nexus_SingleFile_BE\BE\vendor\codeigniter4\framework\system\CodeIgniter.php(354): CodeIgniter\CodeIgniter->handleRequest(NULL, Object(Config\Cache), false)
#6 D:\Developer\singleFile\Nexus_SingleFile_BE\BE\vendor\codeigniter4\framework\system\Boot.php(363): CodeIgniter\CodeIgniter->run()
#7 D:\Developer\singleFile\Nexus_SingleFile_BE\BE\vendor\codeigniter4\framework\system\Boot.php(68): CodeIgniter\Boot::runCodeIgniter(Object(CodeIgniter\CodeIgniter))
#8 D:\Developer\singleFile\Nexus_SingleFile_BE\BE\public\index.php(60): CodeIgniter\Boot::bootWeb(Object(Config\Paths))
#9 D:\Developer\singleFile\Nexus_SingleFile_BE\BE\vendor\codeigniter4\framework\system\rewrite.php(44): require_once('D:\\Developer\\si...')
#10 {main}
ERROR - 2026-03-01 07:08:25 --> mysqli_sql_exception: Cannot add or update a child row: a foreign key constraint fails (`nexfile`.`user_refresh_token`, CONSTRAINT `FK_user_refresh_token_IdLastUserUpdate` FOREIGN KEY (`id_last_user_update`) REFERENCES `user` (`id`) ON DELETE SET NULL ON UPDATE CASCADE) in D:\Developer\singleFile\Nexus_SingleFile_BE\BE\vendor\codeigniter4\framework\system\Database\MySQLi\Connection.php:327
Stack trace:
#0 D:\Developer\singleFile\Nexus_SingleFile_BE\BE\vendor\codeigniter4\framework\system\Database\MySQLi\Connection.php(327): mysqli->query('INSERT INTO `us...', 0)
#1 D:\Developer\singleFile\Nexus_SingleFile_BE\BE\vendor\codeigniter4\framework\system\Database\BaseConnection.php(729): CodeIgniter\Database\MySQLi\Connection->execute('INSERT INTO `us...')
#2 D:\Developer\singleFile\Nexus_SingleFile_BE\BE\vendor\codeigniter4\framework\system\Database\BaseConnection.php(646): CodeIgniter\Database\BaseConnection->simpleQuery('INSERT INTO `us...')
#3 D:\Developer\singleFile\Nexus_SingleFile_BE\BE\vendor\codeigniter4\framework\system\Database\BaseBuilder.php(2345): CodeIgniter\Database\BaseConnection->query('INSERT INTO `us...', Array, false)
#4 D:\Developer\singleFile\Nexus_SingleFile_BE\BE\app\Models\AuthModel.php(223): CodeIgniter\Database\BaseBuilder->insert(Array)
#5 D:\Developer\singleFile\Nexus_SingleFile_BE\BE\app\Models\AuthModel.php(92): App\Models\AuthModel->saveRefreshToken('1', 'eyJ0eXAiOiJKV1Q...')
#6 D:\Developer\singleFile\Nexus_SingleFile_BE\BE\app\Controllers\Api\Auth.php(41): App\Models\AuthModel->authenticate('admin@nexusqtec...', 'admin123')
#7 D:\Developer\singleFile\Nexus_SingleFile_BE\BE\vendor\codeigniter4\framework\system\CodeIgniter.php(933): App\Controllers\Api\Auth->login()
#8 D:\Developer\singleFile\Nexus_SingleFile_BE\BE\vendor\codeigniter4\framework\system\CodeIgniter.php(507): CodeIgniter\CodeIgniter->runController(Object(App\Controllers\Api\Auth))
#9 D:\Developer\singleFile\Nexus_SingleFile_BE\BE\vendor\codeigniter4\framework\system\CodeIgniter.php(354): CodeIgniter\CodeIgniter->handleRequest(NULL, Object(Config\Cache), false)
#10 D:\Developer\singleFile\Nexus_SingleFile_BE\BE\vendor\codeigniter4\framework\system\Boot.php(363): CodeIgniter\CodeIgniter->run()
#11 D:\Developer\singleFile\Nexus_SingleFile_BE\BE\vendor\codeigniter4\framework\system\Boot.php(68): CodeIgniter\Boot::runCodeIgniter(Object(CodeIgniter\CodeIgniter))
#12 D:\Developer\singleFile\Nexus_SingleFile_BE\BE\public\index.php(60): CodeIgniter\Boot::bootWeb(Object(Config\Paths))
#13 D:\Developer\singleFile\Nexus_SingleFile_BE\BE\vendor\codeigniter4\framework\system\rewrite.php(44): require_once('D:\\Developer\\si...')
#14 {main}
ERROR - 2026-03-01 07:08:25 --> Error guardando refresh token: Cannot add or update a child row: a foreign key constraint fails (`nexfile`.`user_refresh_token`, CONSTRAINT `FK_user_refresh_token_IdLastUserUpdate` FOREIGN KEY (`id_last_user_update`) REFERENCES `user` (`id`) ON DELETE SET NULL ON UPDATE CASCADE)
ERROR - 2026-03-01 07:08:30 --> mysqli_sql_exception: Cannot add or update a child row: a foreign key constraint fails (`nexfile`.`user_refresh_token`, CONSTRAINT `FK_user_refresh_token_IdLastUserUpdate` FOREIGN KEY (`id_last_user_update`) REFERENCES `user` (`id`) ON DELETE SET NULL ON UPDATE CASCADE) in D:\Developer\singleFile\Nexus_SingleFile_BE\BE\vendor\codeigniter4\framework\system\Database\MySQLi\Connection.php:327
Stack trace:
#0 D:\Developer\singleFile\Nexus_SingleFile_BE\BE\vendor\codeigniter4\framework\system\Database\MySQLi\Connection.php(327): mysqli->query('INSERT INTO `us...', 0)
#1 D:\Developer\singleFile\Nexus_SingleFile_BE\BE\vendor\codeigniter4\framework\system\Database\BaseConnection.php(729): CodeIgniter\Database\MySQLi\Connection->execute('INSERT INTO `us...')
#2 D:\Developer\singleFile\Nexus_SingleFile_BE\BE\vendor\codeigniter4\framework\system\Database\BaseConnection.php(646): CodeIgniter\Database\BaseConnection->simpleQuery('INSERT INTO `us...')
#3 D:\Developer\singleFile\Nexus_SingleFile_BE\BE\vendor\codeigniter4\framework\system\Database\BaseBuilder.php(2345): CodeIgniter\Database\BaseConnection->query('INSERT INTO `us...', Array, false)
#4 D:\Developer\singleFile\Nexus_SingleFile_BE\BE\app\Models\AuthModel.php(223): CodeIgniter\Database\BaseBuilder->insert(Array)
#5 D:\Developer\singleFile\Nexus_SingleFile_BE\BE\app\Models\AuthModel.php(92): App\Models\AuthModel->saveRefreshToken('1', 'eyJ0eXAiOiJKV1Q...')
#6 D:\Developer\singleFile\Nexus_SingleFile_BE\BE\app\Controllers\Api\Auth.php(41): App\Models\AuthModel->authenticate('admin@nexusqtec...', 'admin123')
#7 D:\Developer\singleFile\Nexus_SingleFile_BE\BE\vendor\codeigniter4\framework\system\CodeIgniter.php(933): App\Controllers\Api\Auth->login()
#8 D:\Developer\singleFile\Nexus_SingleFile_BE\BE\vendor\codeigniter4\framework\system\CodeIgniter.php(507): CodeIgniter\CodeIgniter->runController(Object(App\Controllers\Api\Auth))
#9 D:\Developer\singleFile\Nexus_SingleFile_BE\BE\vendor\codeigniter4\framework\system\CodeIgniter.php(354): CodeIgniter\CodeIgniter->handleRequest(NULL, Object(Config\Cache), false)
#10 D:\Developer\singleFile\Nexus_SingleFile_BE\BE\vendor\codeigniter4\framework\system\Boot.php(363): CodeIgniter\CodeIgniter->run()
#11 D:\Developer\singleFile\Nexus_SingleFile_BE\BE\vendor\codeigniter4\framework\system\Boot.php(68): CodeIgniter\Boot::runCodeIgniter(Object(CodeIgniter\CodeIgniter))
#12 D:\Developer\singleFile\Nexus_SingleFile_BE\BE\public\index.php(60): CodeIgniter\Boot::bootWeb(Object(Config\Paths))
#13 D:\Developer\singleFile\Nexus_SingleFile_BE\BE\vendor\codeigniter4\framework\system\rewrite.php(44): require_once('D:\\Developer\\si...')
#14 {main}
ERROR - 2026-03-01 07:08:30 --> Error guardando refresh token: Cannot add or update a child row: a foreign key constraint fails (`nexfile`.`user_refresh_token`, CONSTRAINT `FK_user_refresh_token_IdLastUserUpdate` FOREIGN KEY (`id_last_user_update`) REFERENCES `user` (`id`) ON DELETE SET NULL ON UPDATE CASCADE)
ERROR - 2026-03-01 07:08:32 --> mysqli_sql_exception: Cannot add or update a child row: a foreign key constraint fails (`nexfile`.`user_refresh_token`, CONSTRAINT `FK_user_refresh_token_IdLastUserUpdate` FOREIGN KEY (`id_last_user_update`) REFERENCES `user` (`id`) ON DELETE SET NULL ON UPDATE CASCADE) in D:\Developer\singleFile\Nexus_SingleFile_BE\BE\vendor\codeigniter4\framework\system\Database\MySQLi\Connection.php:327
Stack trace:
#0 D:\Developer\singleFile\Nexus_SingleFile_BE\BE\vendor\codeigniter4\framework\system\Database\MySQLi\Connection.php(327): mysqli->query('INSERT INTO `us...', 0)
#1 D:\Developer\singleFile\Nexus_SingleFile_BE\BE\vendor\codeigniter4\framework\system\Database\BaseConnection.php(729): CodeIgniter\Database\MySQLi\Connection->execute('INSERT INTO `us...')
#2 D:\Developer\singleFile\Nexus_SingleFile_BE\BE\vendor\codeigniter4\framework\system\Database\BaseConnection.php(646): CodeIgniter\Database\BaseConnection->simpleQuery('INSERT INTO `us...')
#3 D:\Developer\singleFile\Nexus_SingleFile_BE\BE\vendor\codeigniter4\framework\system\Database\BaseBuilder.php(2345): CodeIgniter\Database\BaseConnection->query('INSERT INTO `us...', Array, false)
#4 D:\Developer\singleFile\Nexus_SingleFile_BE\BE\app\Models\AuthModel.php(223): CodeIgniter\Database\BaseBuilder->insert(Array)
#5 D:\Developer\singleFile\Nexus_SingleFile_BE\BE\app\Models\AuthModel.php(92): App\Models\AuthModel->saveRefreshToken('1', 'eyJ0eXAiOiJKV1Q...')
#6 D:\Developer\singleFile\Nexus_SingleFile_BE\BE\app\Controllers\Api\Auth.php(41): App\Models\AuthModel->authenticate('admin@nexusqtec...', 'admin123')
#7 D:\Developer\singleFile\Nexus_SingleFile_BE\BE\vendor\codeigniter4\framework\system\CodeIgniter.php(933): App\Controllers\Api\Auth->login()
#8 D:\Developer\singleFile\Nexus_SingleFile_BE\BE\vendor\codeigniter4\framework\system\CodeIgniter.php(507): CodeIgniter\CodeIgniter->runController(Object(App\Controllers\Api\Auth))
#9 D:\Developer\singleFile\Nexus_SingleFile_BE\BE\vendor\codeigniter4\framework\system\CodeIgniter.php(354): CodeIgniter\CodeIgniter->handleRequest(NULL, Object(Config\Cache), false)
#10 D:\Developer\singleFile\Nexus_SingleFile_BE\BE\vendor\codeigniter4\framework\system\Boot.php(363): CodeIgniter\CodeIgniter->run()
#11 D:\Developer\singleFile\Nexus_SingleFile_BE\BE\vendor\codeigniter4\framework\system\Boot.php(68): CodeIgniter\Boot::runCodeIgniter(Object(CodeIgniter\CodeIgniter))
#12 D:\Developer\singleFile\Nexus_SingleFile_BE\BE\public\index.php(60): CodeIgniter\Boot::bootWeb(Object(Config\Paths))
#13 D:\Developer\singleFile\Nexus_SingleFile_BE\BE\vendor\codeigniter4\framework\system\rewrite.php(44): require_once('D:\\Developer\\si...')
#14 {main}
ERROR - 2026-03-01 07:08:32 --> Error guardando refresh token: Cannot add or update a child row: a foreign key constraint fails (`nexfile`.`user_refresh_token`, CONSTRAINT `FK_user_refresh_token_IdLastUserUpdate` FOREIGN KEY (`id_last_user_update`) REFERENCES `user` (`id`) ON DELETE SET NULL ON UPDATE CASCADE)
ERROR - 2026-03-01 07:08:40 --> mysqli_sql_exception: Cannot add or update a child row: a foreign key constraint fails (`nexfile`.`user_refresh_token`, CONSTRAINT `FK_user_refresh_token_IdLastUserUpdate` FOREIGN KEY (`id_last_user_update`) REFERENCES `user` (`id`) ON DELETE SET NULL ON UPDATE CASCADE) in D:\Developer\singleFile\Nexus_SingleFile_BE\BE\vendor\codeigniter4\framework\system\Database\MySQLi\Connection.php:327
Stack trace:
#0 D:\Developer\singleFile\Nexus_SingleFile_BE\BE\vendor\codeigniter4\framework\system\Database\MySQLi\Connection.php(327): mysqli->query('INSERT INTO `us...', 0)
#1 D:\Developer\singleFile\Nexus_SingleFile_BE\BE\vendor\codeigniter4\framework\system\Database\BaseConnection.php(729): CodeIgniter\Database\MySQLi\Connection->execute('INSERT INTO `us...')
#2 D:\Developer\singleFile\Nexus_SingleFile_BE\BE\vendor\codeigniter4\framework\system\Database\BaseConnection.php(646): CodeIgniter\Database\BaseConnection->simpleQuery('INSERT INTO `us...')
#3 D:\Developer\singleFile\Nexus_SingleFile_BE\BE\vendor\codeigniter4\framework\system\Database\BaseBuilder.php(2345): CodeIgniter\Database\BaseConnection->query('INSERT INTO `us...', Array, false)
#4 D:\Developer\singleFile\Nexus_SingleFile_BE\BE\app\Models\AuthModel.php(223): CodeIgniter\Database\BaseBuilder->insert(Array)
#5 D:\Developer\singleFile\Nexus_SingleFile_BE\BE\app\Models\AuthModel.php(92): App\Models\AuthModel->saveRefreshToken('1', 'eyJ0eXAiOiJKV1Q...')
#6 D:\Developer\singleFile\Nexus_SingleFile_BE\BE\app\Controllers\Api\Auth.php(41): App\Models\AuthModel->authenticate('admin@nexusqtec...', 'admin123')
#7 D:\Developer\singleFile\Nexus_SingleFile_BE\BE\vendor\codeigniter4\framework\system\CodeIgniter.php(933): App\Controllers\Api\Auth->login()
#8 D:\Developer\singleFile\Nexus_SingleFile_BE\BE\vendor\codeigniter4\framework\system\CodeIgniter.php(507): CodeIgniter\CodeIgniter->runController(Object(App\Controllers\Api\Auth))
#9 D:\Developer\singleFile\Nexus_SingleFile_BE\BE\vendor\codeigniter4\framework\system\CodeIgniter.php(354): CodeIgniter\CodeIgniter->handleRequest(NULL, Object(Config\Cache), false)
#10 D:\Developer\singleFile\Nexus_SingleFile_BE\BE\vendor\codeigniter4\framework\system\Boot.php(363): CodeIgniter\CodeIgniter->run()
#11 D:\Developer\singleFile\Nexus_SingleFile_BE\BE\vendor\codeigniter4\framework\system\Boot.php(68): CodeIgniter\Boot::runCodeIgniter(Object(CodeIgniter\CodeIgniter))
#12 D:\Developer\singleFile\Nexus_SingleFile_BE\BE\public\index.php(60): CodeIgniter\Boot::bootWeb(Object(Config\Paths))
#13 D:\Developer\singleFile\Nexus_SingleFile_BE\BE\vendor\codeigniter4\framework\system\rewrite.php(44): require_once('D:\\Developer\\si...')
#14 {main}
ERROR - 2026-03-01 07:08:40 --> Error guardando refresh token: Cannot add or update a child row: a foreign key constraint fails (`nexfile`.`user_refresh_token`, CONSTRAINT `FK_user_refresh_token_IdLastUserUpdate` FOREIGN KEY (`id_last_user_update`) REFERENCES `user` (`id`) ON DELETE SET NULL ON UPDATE CASCADE)
ERROR - 2026-03-01 07:08:42 --> mysqli_sql_exception: Cannot add or update a child row: a foreign key constraint fails (`nexfile`.`user_refresh_token`, CONSTRAINT `FK_user_refresh_token_IdLastUserUpdate` FOREIGN KEY (`id_last_user_update`) REFERENCES `user` (`id`) ON DELETE SET NULL ON UPDATE CASCADE) in D:\Developer\singleFile\Nexus_SingleFile_BE\BE\vendor\codeigniter4\framework\system\Database\MySQLi\Connection.php:327
Stack trace:
#0 D:\Developer\singleFile\Nexus_SingleFile_BE\BE\vendor\codeigniter4\framework\system\Database\MySQLi\Connection.php(327): mysqli->query('INSERT INTO `us...', 0)
#1 D:\Developer\singleFile\Nexus_SingleFile_BE\BE\vendor\codeigniter4\framework\system\Database\BaseConnection.php(729): CodeIgniter\Database\MySQLi\Connection->execute('INSERT INTO `us...')
#2 D:\Developer\singleFile\Nexus_SingleFile_BE\BE\vendor\codeigniter4\framework\system\Database\BaseConnection.php(646): CodeIgniter\Database\BaseConnection->simpleQuery('INSERT INTO `us...')
#3 D:\Developer\singleFile\Nexus_SingleFile_BE\BE\vendor\codeigniter4\framework\system\Database\BaseBuilder.php(2345): CodeIgniter\Database\BaseConnection->query('INSERT INTO `us...', Array, false)
#4 D:\Developer\singleFile\Nexus_SingleFile_BE\BE\app\Models\AuthModel.php(223): CodeIgniter\Database\BaseBuilder->insert(Array)
#5 D:\Developer\singleFile\Nexus_SingleFile_BE\BE\app\Models\AuthModel.php(92): App\Models\AuthModel->saveRefreshToken('1', 'eyJ0eXAiOiJKV1Q...')
#6 D:\Developer\singleFile\Nexus_SingleFile_BE\BE\app\Controllers\Api\Auth.php(41): App\Models\AuthModel->authenticate('admin@nexusqtec...', 'admin123')
#7 D:\Developer\singleFile\Nexus_SingleFile_BE\BE\vendor\codeigniter4\framework\system\CodeIgniter.php(933): App\Controllers\Api\Auth->login()
#8 D:\Developer\singleFile\Nexus_SingleFile_BE\BE\vendor\codeigniter4\framework\system\CodeIgniter.php(507): CodeIgniter\CodeIgniter->runController(Object(App\Controllers\Api\Auth))
#9 D:\Developer\singleFile\Nexus_SingleFile_BE\BE\vendor\codeigniter4\framework\system\CodeIgniter.php(354): CodeIgniter\CodeIgniter->handleRequest(NULL, Object(Config\Cache), false)
#10 D:\Developer\singleFile\Nexus_SingleFile_BE\BE\vendor\codeigniter4\framework\system\Boot.php(363): CodeIgniter\CodeIgniter->run()
#11 D:\Developer\singleFile\Nexus_SingleFile_BE\BE\vendor\codeigniter4\framework\system\Boot.php(68): CodeIgniter\Boot::runCodeIgniter(Object(CodeIgniter\CodeIgniter))
#12 D:\Developer\singleFile\Nexus_SingleFile_BE\BE\public\index.php(60): CodeIgniter\Boot::bootWeb(Object(Config\Paths))
#13 D:\Developer\singleFile\Nexus_SingleFile_BE\BE\vendor\codeigniter4\framework\system\rewrite.php(44): require_once('D:\\Developer\\si...')
#14 {main}
ERROR - 2026-03-01 07:08:42 --> Error guardando refresh token: Cannot add or update a child row: a foreign key constraint fails (`nexfile`.`user_refresh_token`, CONSTRAINT `FK_user_refresh_token_IdLastUserUpdate` FOREIGN KEY (`id_last_user_update`) REFERENCES `user` (`id`) ON DELETE SET NULL ON UPDATE CASCADE)
ERROR - 2026-03-01 07:09:06 --> mysqli_sql_exception: Cannot add or update a child row: a foreign key constraint fails (`nexfile`.`user_refresh_token`, CONSTRAINT `FK_user_refresh_token_IdLastUserUpdate` FOREIGN KEY (`id_last_user_update`) REFERENCES `user` (`id`) ON DELETE SET NULL ON UPDATE CASCADE) in D:\Developer\singleFile\Nexus_SingleFile_BE\BE\vendor\codeigniter4\framework\system\Database\MySQLi\Connection.php:327
Stack trace:
#0 D:\Developer\singleFile\Nexus_SingleFile_BE\BE\vendor\codeigniter4\framework\system\Database\MySQLi\Connection.php(327): mysqli->query('INSERT INTO `us...', 0)
#1 D:\Developer\singleFile\Nexus_SingleFile_BE\BE\vendor\codeigniter4\framework\system\Database\BaseConnection.php(729): CodeIgniter\Database\MySQLi\Connection->execute('INSERT INTO `us...')
#2 D:\Developer\singleFile\Nexus_SingleFile_BE\BE\vendor\codeigniter4\framework\system\Database\BaseConnection.php(646): CodeIgniter\Database\BaseConnection->simpleQuery('INSERT INTO `us...')
#3 D:\Developer\singleFile\Nexus_SingleFile_BE\BE\vendor\codeigniter4\framework\system\Database\BaseBuilder.php(2345): CodeIgniter\Database\BaseConnection->query('INSERT INTO `us...', Array, false)
#4 D:\Developer\singleFile\Nexus_SingleFile_BE\BE\app\Models\AuthModel.php(223): CodeIgniter\Database\BaseBuilder->insert(Array)
#5 D:\Developer\singleFile\Nexus_SingleFile_BE\BE\app\Models\AuthModel.php(92): App\Models\AuthModel->saveRefreshToken('1', 'eyJ0eXAiOiJKV1Q...')
#6 D:\Developer\singleFile\Nexus_SingleFile_BE\BE\app\Controllers\Api\Auth.php(41): App\Models\AuthModel->authenticate('admin@nexusqtec...', 'admin123')
#7 D:\Developer\singleFile\Nexus_SingleFile_BE\BE\vendor\codeigniter4\framework\system\CodeIgniter.php(933): App\Controllers\Api\Auth->login()
#8 D:\Developer\singleFile\Nexus_SingleFile_BE\BE\vendor\codeigniter4\framework\system\CodeIgniter.php(507): CodeIgniter\CodeIgniter->runController(Object(App\Controllers\Api\Auth))
#9 D:\Developer\singleFile\Nexus_SingleFile_BE\BE\vendor\codeigniter4\framework\system\CodeIgniter.php(354): CodeIgniter\CodeIgniter->handleRequest(NULL, Object(Config\Cache), false)
#10 D:\Developer\singleFile\Nexus_SingleFile_BE\BE\vendor\codeigniter4\framework\system\Boot.php(363): CodeIgniter\CodeIgniter->run()
#11 D:\Developer\singleFile\Nexus_SingleFile_BE\BE\vendor\codeigniter4\framework\system\Boot.php(68): CodeIgniter\Boot::runCodeIgniter(Object(CodeIgniter\CodeIgniter))
#12 D:\Developer\singleFile\Nexus_SingleFile_BE\BE\public\index.php(60): CodeIgniter\Boot::bootWeb(Object(Config\Paths))
#13 D:\Developer\singleFile\Nexus_SingleFile_BE\BE\vendor\codeigniter4\framework\system\rewrite.php(44): require_once('D:\\Developer\\si...')
#14 {main}
ERROR - 2026-03-01 07:09:06 --> Error guardando refresh token: Cannot add or update a child row: a foreign key constraint fails (`nexfile`.`user_refresh_token`, CONSTRAINT `FK_user_refresh_token_IdLastUserUpdate` FOREIGN KEY (`id_last_user_update`) REFERENCES `user` (`id`) ON DELETE SET NULL ON UPDATE CASCADE)
ERROR - 2026-03-01 07:09:07 --> mysqli_sql_exception: Cannot add or update a child row: a foreign key constraint fails (`nexfile`.`user_refresh_token`, CONSTRAINT `FK_user_refresh_token_IdLastUserUpdate` FOREIGN KEY (`id_last_user_update`) REFERENCES `user` (`id`) ON DELETE SET NULL ON UPDATE CASCADE) in D:\Developer\singleFile\Nexus_SingleFile_BE\BE\vendor\codeigniter4\framework\system\Database\MySQLi\Connection.php:327
Stack trace:
#0 D:\Developer\singleFile\Nexus_SingleFile_BE\BE\vendor\codeigniter4\framework\system\Database\MySQLi\Connection.php(327): mysqli->query('INSERT INTO `us...', 0)
#1 D:\Developer\singleFile\Nexus_SingleFile_BE\BE\vendor\codeigniter4\framework\system\Database\BaseConnection.php(729): CodeIgniter\Database\MySQLi\Connection->execute('INSERT INTO `us...')
#2 D:\Developer\singleFile\Nexus_SingleFile_BE\BE\vendor\codeigniter4\framework\system\Database\BaseConnection.php(646): CodeIgniter\Database\BaseConnection->simpleQuery('INSERT INTO `us...')
#3 D:\Developer\singleFile\Nexus_SingleFile_BE\BE\vendor\codeigniter4\framework\system\Database\BaseBuilder.php(2345): CodeIgniter\Database\BaseConnection->query('INSERT INTO `us...', Array, false)
#4 D:\Developer\singleFile\Nexus_SingleFile_BE\BE\app\Models\AuthModel.php(223): CodeIgniter\Database\BaseBuilder->insert(Array)
#5 D:\Developer\singleFile\Nexus_SingleFile_BE\BE\app\Models\AuthModel.php(92): App\Models\AuthModel->saveRefreshToken('1', 'eyJ0eXAiOiJKV1Q...')
#6 D:\Developer\singleFile\Nexus_SingleFile_BE\BE\app\Controllers\Api\Auth.php(41): App\Models\AuthModel->authenticate('admin@nexusqtec...', 'admin123')
#7 D:\Developer\singleFile\Nexus_SingleFile_BE\BE\vendor\codeigniter4\framework\system\CodeIgniter.php(933): App\Controllers\Api\Auth->login()
#8 D:\Developer\singleFile\Nexus_SingleFile_BE\BE\vendor\codeigniter4\framework\system\CodeIgniter.php(507): CodeIgniter\CodeIgniter->runController(Object(App\Controllers\Api\Auth))
#9 D:\Developer\singleFile\Nexus_SingleFile_BE\BE\vendor\codeigniter4\framework\system\CodeIgniter.php(354): CodeIgniter\CodeIgniter->handleRequest(NULL, Object(Config\Cache), false)
#10 D:\Developer\singleFile\Nexus_SingleFile_BE\BE\vendor\codeigniter4\framework\system\Boot.php(363): CodeIgniter\CodeIgniter->run()
#11 D:\Developer\singleFile\Nexus_SingleFile_BE\BE\vendor\codeigniter4\framework\system\Boot.php(68): CodeIgniter\Boot::runCodeIgniter(Object(CodeIgniter\CodeIgniter))
#12 D:\Developer\singleFile\Nexus_SingleFile_BE\BE\public\index.php(60): CodeIgniter\Boot::bootWeb(Object(Config\Paths))
#13 D:\Developer\singleFile\Nexus_SingleFile_BE\BE\vendor\codeigniter4\framework\system\rewrite.php(44): require_once('D:\\Developer\\si...')
#14 {main}
ERROR - 2026-03-01 07:09:07 --> Error guardando refresh token: Cannot add or update a child row: a foreign key constraint fails (`nexfile`.`user_refresh_token`, CONSTRAINT `FK_user_refresh_token_IdLastUserUpdate` FOREIGN KEY (`id_last_user_update`) REFERENCES `user` (`id`) ON DELETE SET NULL ON UPDATE CASCADE)
ERROR - 2026-03-01 07:09:16 --> mysqli_sql_exception: Cannot add or update a child row: a foreign key constraint fails (`nexfile`.`user_refresh_token`, CONSTRAINT `FK_user_refresh_token_IdLastUserUpdate` FOREIGN KEY (`id_last_user_update`) REFERENCES `user` (`id`) ON DELETE SET NULL ON UPDATE CASCADE) in D:\Developer\singleFile\Nexus_SingleFile_BE\BE\vendor\codeigniter4\framework\system\Database\MySQLi\Connection.php:327
Stack trace:
#0 D:\Developer\singleFile\Nexus_SingleFile_BE\BE\vendor\codeigniter4\framework\system\Database\MySQLi\Connection.php(327): mysqli->query('INSERT INTO `us...', 0)
#1 D:\Developer\singleFile\Nexus_SingleFile_BE\BE\vendor\codeigniter4\framework\system\Database\BaseConnection.php(729): CodeIgniter\Database\MySQLi\Connection->execute('INSERT INTO `us...')
#2 D:\Developer\singleFile\Nexus_SingleFile_BE\BE\vendor\codeigniter4\framework\system\Database\BaseConnection.php(646): CodeIgniter\Database\BaseConnection->simpleQuery('INSERT INTO `us...')
#3 D:\Developer\singleFile\Nexus_SingleFile_BE\BE\vendor\codeigniter4\framework\system\Database\BaseBuilder.php(2345): CodeIgniter\Database\BaseConnection->query('INSERT INTO `us...', Array, false)
#4 D:\Developer\singleFile\Nexus_SingleFile_BE\BE\app\Models\AuthModel.php(223): CodeIgniter\Database\BaseBuilder->insert(Array)
#5 D:\Developer\singleFile\Nexus_SingleFile_BE\BE\app\Models\AuthModel.php(92): App\Models\AuthModel->saveRefreshToken('1', 'eyJ0eXAiOiJKV1Q...')
#6 D:\Developer\singleFile\Nexus_SingleFile_BE\BE\app\Controllers\Api\Auth.php(41): App\Models\AuthModel->authenticate('admin@nexusqtec...', 'admin123')
#7 D:\Developer\singleFile\Nexus_SingleFile_BE\BE\vendor\codeigniter4\framework\system\CodeIgniter.php(933): App\Controllers\Api\Auth->login()
#8 D:\Developer\singleFile\Nexus_SingleFile_BE\BE\vendor\codeigniter4\framework\system\CodeIgniter.php(507): CodeIgniter\CodeIgniter->runController(Object(App\Controllers\Api\Auth))
#9 D:\Developer\singleFile\Nexus_SingleFile_BE\BE\vendor\codeigniter4\framework\system\CodeIgniter.php(354): CodeIgniter\CodeIgniter->handleRequest(NULL, Object(Config\Cache), false)
#10 D:\Developer\singleFile\Nexus_SingleFile_BE\BE\vendor\codeigniter4\framework\system\Boot.php(363): CodeIgniter\CodeIgniter->run()
#11 D:\Developer\singleFile\Nexus_SingleFile_BE\BE\vendor\codeigniter4\framework\system\Boot.php(68): CodeIgniter\Boot::runCodeIgniter(Object(CodeIgniter\CodeIgniter))
#12 D:\Developer\singleFile\Nexus_SingleFile_BE\BE\public\index.php(60): CodeIgniter\Boot::bootWeb(Object(Config\Paths))
#13 D:\Developer\singleFile\Nexus_SingleFile_BE\BE\vendor\codeigniter4\framework\system\rewrite.php(44): require_once('D:\\Developer\\si...')
#14 {main}
ERROR - 2026-03-01 07:09:16 --> Error guardando refresh token: Cannot add or update a child row: a foreign key constraint fails (`nexfile`.`user_refresh_token`, CONSTRAINT `FK_user_refresh_token_IdLastUserUpdate` FOREIGN KEY (`id_last_user_update`) REFERENCES `user` (`id`) ON DELETE SET NULL ON UPDATE CASCADE)
ERROR - 2026-03-01 07:09:21 --> mysqli_sql_exception: Cannot add or update a child row: a foreign key constraint fails (`nexfile`.`user_refresh_token`, CONSTRAINT `FK_user_refresh_token_IdLastUserUpdate` FOREIGN KEY (`id_last_user_update`) REFERENCES `user` (`id`) ON DELETE SET NULL ON UPDATE CASCADE) in D:\Developer\singleFile\Nexus_SingleFile_BE\BE\vendor\codeigniter4\framework\system\Database\MySQLi\Connection.php:327
Stack trace:
#0 D:\Developer\singleFile\Nexus_SingleFile_BE\BE\vendor\codeigniter4\framework\system\Database\MySQLi\Connection.php(327): mysqli->query('INSERT INTO `us...', 0)
#1 D:\Developer\singleFile\Nexus_SingleFile_BE\BE\vendor\codeigniter4\framework\system\Database\BaseConnection.php(729): CodeIgniter\Database\MySQLi\Connection->execute('INSERT INTO `us...')
#2 D:\Developer\singleFile\Nexus_SingleFile_BE\BE\vendor\codeigniter4\framework\system\Database\BaseConnection.php(646): CodeIgniter\Database\BaseConnection->simpleQuery('INSERT INTO `us...')
#3 D:\Developer\singleFile\Nexus_SingleFile_BE\BE\vendor\codeigniter4\framework\system\Database\BaseBuilder.php(2345): CodeIgniter\Database\BaseConnection->query('INSERT INTO `us...', Array, false)
#4 D:\Developer\singleFile\Nexus_SingleFile_BE\BE\app\Models\AuthModel.php(223): CodeIgniter\Database\BaseBuilder->insert(Array)
#5 D:\Developer\singleFile\Nexus_SingleFile_BE\BE\app\Models\AuthModel.php(92): App\Models\AuthModel->saveRefreshToken('1', 'eyJ0eXAiOiJKV1Q...')
#6 D:\Developer\singleFile\Nexus_SingleFile_BE\BE\app\Controllers\Api\Auth.php(41): App\Models\AuthModel->authenticate('admin@nexusqtec...', 'admin123')
#7 D:\Developer\singleFile\Nexus_SingleFile_BE\BE\vendor\codeigniter4\framework\system\CodeIgniter.php(933): App\Controllers\Api\Auth->login()
#8 D:\Developer\singleFile\Nexus_SingleFile_BE\BE\vendor\codeigniter4\framework\system\CodeIgniter.php(507): CodeIgniter\CodeIgniter->runController(Object(App\Controllers\Api\Auth))
#9 D:\Developer\singleFile\Nexus_SingleFile_BE\BE\vendor\codeigniter4\framework\system\CodeIgniter.php(354): CodeIgniter\CodeIgniter->handleRequest(NULL, Object(Config\Cache), false)
#10 D:\Developer\singleFile\Nexus_SingleFile_BE\BE\vendor\codeigniter4\framework\system\Boot.php(363): CodeIgniter\CodeIgniter->run()
#11 D:\Developer\singleFile\Nexus_SingleFile_BE\BE\vendor\codeigniter4\framework\system\Boot.php(68): CodeIgniter\Boot::runCodeIgniter(Object(CodeIgniter\CodeIgniter))
#12 D:\Developer\singleFile\Nexus_SingleFile_BE\BE\public\index.php(60): CodeIgniter\Boot::bootWeb(Object(Config\Paths))
#13 D:\Developer\singleFile\Nexus_SingleFile_BE\BE\vendor\codeigniter4\framework\system\rewrite.php(44): require_once('D:\\Developer\\si...')
#14 {main}
ERROR - 2026-03-01 07:09:21 --> Error guardando refresh token: Cannot add or update a child row: a foreign key constraint fails (`nexfile`.`user_refresh_token`, CONSTRAINT `FK_user_refresh_token_IdLastUserUpdate` FOREIGN KEY (`id_last_user_update`) REFERENCES `user` (`id`) ON DELETE SET NULL ON UPDATE CASCADE)
ERROR - 2026-03-01 07:09:29 --> mysqli_sql_exception: Cannot add or update a child row: a foreign key constraint fails (`nexfile`.`user_refresh_token`, CONSTRAINT `FK_user_refresh_token_IdLastUserUpdate` FOREIGN KEY (`id_last_user_update`) REFERENCES `user` (`id`) ON DELETE SET NULL ON UPDATE CASCADE) in D:\Developer\singleFile\Nexus_SingleFile_BE\BE\vendor\codeigniter4\framework\system\Database\MySQLi\Connection.php:327
Stack trace:
#0 D:\Developer\singleFile\Nexus_SingleFile_BE\BE\vendor\codeigniter4\framework\system\Database\MySQLi\Connection.php(327): mysqli->query('INSERT INTO `us...', 0)
#1 D:\Developer\singleFile\Nexus_SingleFile_BE\BE\vendor\codeigniter4\framework\system\Database\BaseConnection.php(729): CodeIgniter\Database\MySQLi\Connection->execute('INSERT INTO `us...')
#2 D:\Developer\singleFile\Nexus_SingleFile_BE\BE\vendor\codeigniter4\framework\system\Database\BaseConnection.php(646): CodeIgniter\Database\BaseConnection->simpleQuery('INSERT INTO `us...')
#3 D:\Developer\singleFile\Nexus_SingleFile_BE\BE\vendor\codeigniter4\framework\system\Database\BaseBuilder.php(2345): CodeIgniter\Database\BaseConnection->query('INSERT INTO `us...', Array, false)
#4 D:\Developer\singleFile\Nexus_SingleFile_BE\BE\app\Models\AuthModel.php(223): CodeIgniter\Database\BaseBuilder->insert(Array)
#5 D:\Developer\singleFile\Nexus_SingleFile_BE\BE\app\Models\AuthModel.php(92): App\Models\AuthModel->saveRefreshToken('1', 'eyJ0eXAiOiJKV1Q...')
#6 D:\Developer\singleFile\Nexus_SingleFile_BE\BE\app\Controllers\Api\Auth.php(41): App\Models\AuthModel->authenticate('admin@nexusqtec...', 'admin123')
#7 D:\Developer\singleFile\Nexus_SingleFile_BE\BE\vendor\codeigniter4\framework\system\CodeIgniter.php(933): App\Controllers\Api\Auth->login()
#8 D:\Developer\singleFile\Nexus_SingleFile_BE\BE\vendor\codeigniter4\framework\system\CodeIgniter.php(507): CodeIgniter\CodeIgniter->runController(Object(App\Controllers\Api\Auth))
#9 D:\Developer\singleFile\Nexus_SingleFile_BE\BE\vendor\codeigniter4\framework\system\CodeIgniter.php(354): CodeIgniter\CodeIgniter->handleRequest(NULL, Object(Config\Cache), false)
#10 D:\Developer\singleFile\Nexus_SingleFile_BE\BE\vendor\codeigniter4\framework\system\Boot.php(363): CodeIgniter\CodeIgniter->run()
#11 D:\Developer\singleFile\Nexus_SingleFile_BE\BE\vendor\codeigniter4\framework\system\Boot.php(68): CodeIgniter\Boot::runCodeIgniter(Object(CodeIgniter\CodeIgniter))
#12 D:\Developer\singleFile\Nexus_SingleFile_BE\BE\public\index.php(60): CodeIgniter\Boot::bootWeb(Object(Config\Paths))
#13 D:\Developer\singleFile\Nexus_SingleFile_BE\BE\vendor\codeigniter4\framework\system\rewrite.php(44): require_once('D:\\Developer\\si...')
#14 {main}
ERROR - 2026-03-01 07:09:29 --> Error guardando refresh token: Cannot add or update a child row: a foreign key constraint fails (`nexfile`.`user_refresh_token`, CONSTRAINT `FK_user_refresh_token_IdLastUserUpdate` FOREIGN KEY (`id_last_user_update`) REFERENCES `user` (`id`) ON DELETE SET NULL ON UPDATE CASCADE)
ERROR - 2026-03-01 07:09:34 --> mysqli_sql_exception: Cannot add or update a child row: a foreign key constraint fails (`nexfile`.`user_refresh_token`, CONSTRAINT `FK_user_refresh_token_IdLastUserUpdate` FOREIGN KEY (`id_last_user_update`) REFERENCES `user` (`id`) ON DELETE SET NULL ON UPDATE CASCADE) in D:\Developer\singleFile\Nexus_SingleFile_BE\BE\vendor\codeigniter4\framework\system\Database\MySQLi\Connection.php:327
Stack trace:
#0 D:\Developer\singleFile\Nexus_SingleFile_BE\BE\vendor\codeigniter4\framework\system\Database\MySQLi\Connection.php(327): mysqli->query('INSERT INTO `us...', 0)
#1 D:\Developer\singleFile\Nexus_SingleFile_BE\BE\vendor\codeigniter4\framework\system\Database\BaseConnection.php(729): CodeIgniter\Database\MySQLi\Connection->execute('INSERT INTO `us...')
#2 D:\Developer\singleFile\Nexus_SingleFile_BE\BE\vendor\codeigniter4\framework\system\Database\BaseConnection.php(646): CodeIgniter\Database\BaseConnection->simpleQuery('INSERT INTO `us...')
#3 D:\Developer\singleFile\Nexus_SingleFile_BE\BE\vendor\codeigniter4\framework\system\Database\BaseBuilder.php(2345): CodeIgniter\Database\BaseConnection->query('INSERT INTO `us...', Array, false)
#4 D:\Developer\singleFile\Nexus_SingleFile_BE\BE\app\Models\AuthModel.php(223): CodeIgniter\Database\BaseBuilder->insert(Array)
#5 D:\Developer\singleFile\Nexus_SingleFile_BE\BE\app\Models\AuthModel.php(92): App\Models\AuthModel->saveRefreshToken('1', 'eyJ0eXAiOiJKV1Q...')
#6 D:\Developer\singleFile\Nexus_SingleFile_BE\BE\app\Controllers\Api\Auth.php(41): App\Models\AuthModel->authenticate('admin@nexusqtec...', 'admin123')
#7 D:\Developer\singleFile\Nexus_SingleFile_BE\BE\vendor\codeigniter4\framework\system\CodeIgniter.php(933): App\Controllers\Api\Auth->login()
#8 D:\Developer\singleFile\Nexus_SingleFile_BE\BE\vendor\codeigniter4\framework\system\CodeIgniter.php(507): CodeIgniter\CodeIgniter->runController(Object(App\Controllers\Api\Auth))
#9 D:\Developer\singleFile\Nexus_SingleFile_BE\BE\vendor\codeigniter4\framework\system\CodeIgniter.php(354): CodeIgniter\CodeIgniter->handleRequest(NULL, Object(Config\Cache), false)
#10 D:\Developer\singleFile\Nexus_SingleFile_BE\BE\vendor\codeigniter4\framework\system\Boot.php(363): CodeIgniter\CodeIgniter->run()
#11 D:\Developer\singleFile\Nexus_SingleFile_BE\BE\vendor\codeigniter4\framework\system\Boot.php(68): CodeIgniter\Boot::runCodeIgniter(Object(CodeIgniter\CodeIgniter))
#12 D:\Developer\singleFile\Nexus_SingleFile_BE\BE\public\index.php(60): CodeIgniter\Boot::bootWeb(Object(Config\Paths))
#13 D:\Developer\singleFile\Nexus_SingleFile_BE\BE\vendor\codeigniter4\framework\system\rewrite.php(44): require_once('D:\\Developer\\si...')
#14 {main}
ERROR - 2026-03-01 07:09:34 --> Error guardando refresh token: Cannot add or update a child row: a foreign key constraint fails (`nexfile`.`user_refresh_token`, CONSTRAINT `FK_user_refresh_token_IdLastUserUpdate` FOREIGN KEY (`id_last_user_update`) REFERENCES `user` (`id`) ON DELETE SET NULL ON UPDATE CASCADE)
ERROR - 2026-03-01 07:09:39 --> mysqli_sql_exception: Cannot add or update a child row: a foreign key constraint fails (`nexfile`.`user_refresh_token`, CONSTRAINT `FK_user_refresh_token_IdLastUserUpdate` FOREIGN KEY (`id_last_user_update`) REFERENCES `user` (`id`) ON DELETE SET NULL ON UPDATE CASCADE) in D:\Developer\singleFile\Nexus_SingleFile_BE\BE\vendor\codeigniter4\framework\system\Database\MySQLi\Connection.php:327
Stack trace:
#0 D:\Developer\singleFile\Nexus_SingleFile_BE\BE\vendor\codeigniter4\framework\system\Database\MySQLi\Connection.php(327): mysqli->query('INSERT INTO `us...', 0)
#1 D:\Developer\singleFile\Nexus_SingleFile_BE\BE\vendor\codeigniter4\framework\system\Database\BaseConnection.php(729): CodeIgniter\Database\MySQLi\Connection->execute('INSERT INTO `us...')
#2 D:\Developer\singleFile\Nexus_SingleFile_BE\BE\vendor\codeigniter4\framework\system\Database\BaseConnection.php(646): CodeIgniter\Database\BaseConnection->simpleQuery('INSERT INTO `us...')
#3 D:\Developer\singleFile\Nexus_SingleFile_BE\BE\vendor\codeigniter4\framework\system\Database\BaseBuilder.php(2345): CodeIgniter\Database\BaseConnection->query('INSERT INTO `us...', Array, false)
#4 D:\Developer\singleFile\Nexus_SingleFile_BE\BE\app\Models\AuthModel.php(223): CodeIgniter\Database\BaseBuilder->insert(Array)
#5 D:\Developer\singleFile\Nexus_SingleFile_BE\BE\app\Models\AuthModel.php(92): App\Models\AuthModel->saveRefreshToken('1', 'eyJ0eXAiOiJKV1Q...')
#6 D:\Developer\singleFile\Nexus_SingleFile_BE\BE\app\Controllers\Api\Auth.php(41): App\Models\AuthModel->authenticate('admin@nexusqtec...', 'admin123')
#7 D:\Developer\singleFile\Nexus_SingleFile_BE\BE\vendor\codeigniter4\framework\system\CodeIgniter.php(933): App\Controllers\Api\Auth->login()
#8 D:\Developer\singleFile\Nexus_SingleFile_BE\BE\vendor\codeigniter4\framework\system\CodeIgniter.php(507): CodeIgniter\CodeIgniter->runController(Object(App\Controllers\Api\Auth))
#9 D:\Developer\singleFile\Nexus_SingleFile_BE\BE\vendor\codeigniter4\framework\system\CodeIgniter.php(354): CodeIgniter\CodeIgniter->handleRequest(NULL, Object(Config\Cache), false)
#10 D:\Developer\singleFile\Nexus_SingleFile_BE\BE\vendor\codeigniter4\framework\system\Boot.php(363): CodeIgniter\CodeIgniter->run()
#11 D:\Developer\singleFile\Nexus_SingleFile_BE\BE\vendor\codeigniter4\framework\system\Boot.php(68): CodeIgniter\Boot::runCodeIgniter(Object(CodeIgniter\CodeIgniter))
#12 D:\Developer\singleFile\Nexus_SingleFile_BE\BE\public\index.php(60): CodeIgniter\Boot::bootWeb(Object(Config\Paths))
#13 D:\Developer\singleFile\Nexus_SingleFile_BE\BE\vendor\codeigniter4\framework\system\rewrite.php(44): require_once('D:\\Developer\\si...')
#14 {main}
ERROR - 2026-03-01 07:09:39 --> Error guardando refresh token: Cannot add or update a child row: a foreign key constraint fails (`nexfile`.`user_refresh_token`, CONSTRAINT `FK_user_refresh_token_IdLastUserUpdate` FOREIGN KEY (`id_last_user_update`) REFERENCES `user` (`id`) ON DELETE SET NULL ON UPDATE CASCADE)
ERROR - 2026-03-01 07:09:44 --> mysqli_sql_exception: Cannot add or update a child row: a foreign key constraint fails (`nexfile`.`user_refresh_token`, CONSTRAINT `FK_user_refresh_token_IdLastUserUpdate` FOREIGN KEY (`id_last_user_update`) REFERENCES `user` (`id`) ON DELETE SET NULL ON UPDATE CASCADE) in D:\Developer\singleFile\Nexus_SingleFile_BE\BE\vendor\codeigniter4\framework\system\Database\MySQLi\Connection.php:327
Stack trace:
#0 D:\Developer\singleFile\Nexus_SingleFile_BE\BE\vendor\codeigniter4\framework\system\Database\MySQLi\Connection.php(327): mysqli->query('INSERT INTO `us...', 0)
#1 D:\Developer\singleFile\Nexus_SingleFile_BE\BE\vendor\codeigniter4\framework\system\Database\BaseConnection.php(729): CodeIgniter\Database\MySQLi\Connection->execute('INSERT INTO `us...')
#2 D:\Developer\singleFile\Nexus_SingleFile_BE\BE\vendor\codeigniter4\framework\system\Database\BaseConnection.php(646): CodeIgniter\Database\BaseConnection->simpleQuery('INSERT INTO `us...')
#3 D:\Developer\singleFile\Nexus_SingleFile_BE\BE\vendor\codeigniter4\framework\system\Database\BaseBuilder.php(2345): CodeIgniter\Database\BaseConnection->query('INSERT INTO `us...', Array, false)
#4 D:\Developer\singleFile\Nexus_SingleFile_BE\BE\app\Models\AuthModel.php(223): CodeIgniter\Database\BaseBuilder->insert(Array)
#5 D:\Developer\singleFile\Nexus_SingleFile_BE\BE\app\Models\AuthModel.php(92): App\Models\AuthModel->saveRefreshToken('1', 'eyJ0eXAiOiJKV1Q...')
#6 D:\Developer\singleFile\Nexus_SingleFile_BE\BE\app\Controllers\Api\Auth.php(41): App\Models\AuthModel->authenticate('admin@nexusqtec...', 'admin123')
#7 D:\Developer\singleFile\Nexus_SingleFile_BE\BE\vendor\codeigniter4\framework\system\CodeIgniter.php(933): App\Controllers\Api\Auth->login()
#8 D:\Developer\singleFile\Nexus_SingleFile_BE\BE\vendor\codeigniter4\framework\system\CodeIgniter.php(507): CodeIgniter\CodeIgniter->runController(Object(App\Controllers\Api\Auth))
#9 D:\Developer\singleFile\Nexus_SingleFile_BE\BE\vendor\codeigniter4\framework\system\CodeIgniter.php(354): CodeIgniter\CodeIgniter->handleRequest(NULL, Object(Config\Cache), false)
#10 D:\Developer\singleFile\Nexus_SingleFile_BE\BE\vendor\codeigniter4\framework\system\Boot.php(363): CodeIgniter\CodeIgniter->run()
#11 D:\Developer\singleFile\Nexus_SingleFile_BE\BE\vendor\codeigniter4\framework\system\Boot.php(68): CodeIgniter\Boot::runCodeIgniter(Object(CodeIgniter\CodeIgniter))
#12 D:\Developer\singleFile\Nexus_SingleFile_BE\BE\public\index.php(60): CodeIgniter\Boot::bootWeb(Object(Config\Paths))
#13 D:\Developer\singleFile\Nexus_SingleFile_BE\BE\vendor\codeigniter4\framework\system\rewrite.php(44): require_once('D:\\Developer\\si...')
#14 {main}
ERROR - 2026-03-01 07:09:44 --> Error guardando refresh token: Cannot add or update a child row: a foreign key constraint fails (`nexfile`.`user_refresh_token`, CONSTRAINT `FK_user_refresh_token_IdLastUserUpdate` FOREIGN KEY (`id_last_user_update`) REFERENCES `user` (`id`) ON DELETE SET NULL ON UPDATE CASCADE)
ERROR - 2026-03-01 07:09:49 --> mysqli_sql_exception: Cannot add or update a child row: a foreign key constraint fails (`nexfile`.`user_refresh_token`, CONSTRAINT `FK_user_refresh_token_IdLastUserUpdate` FOREIGN KEY (`id_last_user_update`) REFERENCES `user` (`id`) ON DELETE SET NULL ON UPDATE CASCADE) in D:\Developer\singleFile\Nexus_SingleFile_BE\BE\vendor\codeigniter4\framework\system\Database\MySQLi\Connection.php:327
Stack trace:
#0 D:\Developer\singleFile\Nexus_SingleFile_BE\BE\vendor\codeigniter4\framework\system\Database\MySQLi\Connection.php(327): mysqli->query('INSERT INTO `us...', 0)
#1 D:\Developer\singleFile\Nexus_SingleFile_BE\BE\vendor\codeigniter4\framework\system\Database\BaseConnection.php(729): CodeIgniter\Database\MySQLi\Connection->execute('INSERT INTO `us...')
#2 D:\Developer\singleFile\Nexus_SingleFile_BE\BE\vendor\codeigniter4\framework\system\Database\BaseConnection.php(646): CodeIgniter\Database\BaseConnection->simpleQuery('INSERT INTO `us...')
#3 D:\Developer\singleFile\Nexus_SingleFile_BE\BE\vendor\codeigniter4\framework\system\Database\BaseBuilder.php(2345): CodeIgniter\Database\BaseConnection->query('INSERT INTO `us...', Array, false)
#4 D:\Developer\singleFile\Nexus_SingleFile_BE\BE\app\Models\AuthModel.php(223): CodeIgniter\Database\BaseBuilder->insert(Array)
#5 D:\Developer\singleFile\Nexus_SingleFile_BE\BE\app\Models\AuthModel.php(92): App\Models\AuthModel->saveRefreshToken('1', 'eyJ0eXAiOiJKV1Q...')
#6 D:\Developer\singleFile\Nexus_SingleFile_BE\BE\app\Controllers\Api\Auth.php(41): App\Models\AuthModel->authenticate('admin@nexusqtec...', 'admin123')
#7 D:\Developer\singleFile\Nexus_SingleFile_BE\BE\vendor\codeigniter4\framework\system\CodeIgniter.php(933): App\Controllers\Api\Auth->login()
#8 D:\Developer\singleFile\Nexus_SingleFile_BE\BE\vendor\codeigniter4\framework\system\CodeIgniter.php(507): CodeIgniter\CodeIgniter->runController(Object(App\Controllers\Api\Auth))
#9 D:\Developer\singleFile\Nexus_SingleFile_BE\BE\vendor\codeigniter4\framework\system\CodeIgniter.php(354): CodeIgniter\CodeIgniter->handleRequest(NULL, Object(Config\Cache), false)
#10 D:\Developer\singleFile\Nexus_SingleFile_BE\BE\vendor\codeigniter4\framework\system\Boot.php(363): CodeIgniter\CodeIgniter->run()
#11 D:\Developer\singleFile\Nexus_SingleFile_BE\BE\vendor\codeigniter4\framework\system\Boot.php(68): CodeIgniter\Boot::runCodeIgniter(Object(CodeIgniter\CodeIgniter))
#12 D:\Developer\singleFile\Nexus_SingleFile_BE\BE\public\index.php(60): CodeIgniter\Boot::bootWeb(Object(Config\Paths))
#13 D:\Developer\singleFile\Nexus_SingleFile_BE\BE\vendor\codeigniter4\framework\system\rewrite.php(44): require_once('D:\\Developer\\si...')
#14 {main}
ERROR - 2026-03-01 07:09:49 --> Error guardando refresh token: Cannot add or update a child row: a foreign key constraint fails (`nexfile`.`user_refresh_token`, CONSTRAINT `FK_user_refresh_token_IdLastUserUpdate` FOREIGN KEY (`id_last_user_update`) REFERENCES `user` (`id`) ON DELETE SET NULL ON UPDATE CASCADE)
ERROR - 2026-03-01 07:09:54 --> mysqli_sql_exception: Cannot add or update a child row: a foreign key constraint fails (`nexfile`.`user_refresh_token`, CONSTRAINT `FK_user_refresh_token_IdLastUserUpdate` FOREIGN KEY (`id_last_user_update`) REFERENCES `user` (`id`) ON DELETE SET NULL ON UPDATE CASCADE) in D:\Developer\singleFile\Nexus_SingleFile_BE\BE\vendor\codeigniter4\framework\system\Database\MySQLi\Connection.php:327
Stack trace:
#0 D:\Developer\singleFile\Nexus_SingleFile_BE\BE\vendor\codeigniter4\framework\system\Database\MySQLi\Connection.php(327): mysqli->query('INSERT INTO `us...', 0)
#1 D:\Developer\singleFile\Nexus_SingleFile_BE\BE\vendor\codeigniter4\framework\system\Database\BaseConnection.php(729): CodeIgniter\Database\MySQLi\Connection->execute('INSERT INTO `us...')
#2 D:\Developer\singleFile\Nexus_SingleFile_BE\BE\vendor\codeigniter4\framework\system\Database\BaseConnection.php(646): CodeIgniter\Database\BaseConnection->simpleQuery('INSERT INTO `us...')
#3 D:\Developer\singleFile\Nexus_SingleFile_BE\BE\vendor\codeigniter4\framework\system\Database\BaseBuilder.php(2345): CodeIgniter\Database\BaseConnection->query('INSERT INTO `us...', Array, false)
#4 D:\Developer\singleFile\Nexus_SingleFile_BE\BE\app\Models\AuthModel.php(223): CodeIgniter\Database\BaseBuilder->insert(Array)
#5 D:\Developer\singleFile\Nexus_SingleFile_BE\BE\app\Models\AuthModel.php(92): App\Models\AuthModel->saveRefreshToken('1', 'eyJ0eXAiOiJKV1Q...')
#6 D:\Developer\singleFile\Nexus_SingleFile_BE\BE\app\Controllers\Api\Auth.php(41): App\Models\AuthModel->authenticate('admin@nexusqtec...', 'admin123')
#7 D:\Developer\singleFile\Nexus_SingleFile_BE\BE\vendor\codeigniter4\framework\system\CodeIgniter.php(933): App\Controllers\Api\Auth->login()
#8 D:\Developer\singleFile\Nexus_SingleFile_BE\BE\vendor\codeigniter4\framework\system\CodeIgniter.php(507): CodeIgniter\CodeIgniter->runController(Object(App\Controllers\Api\Auth))
#9 D:\Developer\singleFile\Nexus_SingleFile_BE\BE\vendor\codeigniter4\framework\system\CodeIgniter.php(354): CodeIgniter\CodeIgniter->handleRequest(NULL, Object(Config\Cache), false)
#10 D:\Developer\singleFile\Nexus_SingleFile_BE\BE\vendor\codeigniter4\framework\system\Boot.php(363): CodeIgniter\CodeIgniter->run()
#11 D:\Developer\singleFile\Nexus_SingleFile_BE\BE\vendor\codeigniter4\framework\system\Boot.php(68): CodeIgniter\Boot::runCodeIgniter(Object(CodeIgniter\CodeIgniter))
#12 D:\Developer\singleFile\Nexus_SingleFile_BE\BE\public\index.php(60): CodeIgniter\Boot::bootWeb(Object(Config\Paths))
#13 D:\Developer\singleFile\Nexus_SingleFile_BE\BE\vendor\codeigniter4\framework\system\rewrite.php(44): require_once('D:\\Developer\\si...')
#14 {main}
ERROR - 2026-03-01 07:09:54 --> Error guardando refresh token: Cannot add or update a child row: a foreign key constraint fails (`nexfile`.`user_refresh_token`, CONSTRAINT `FK_user_refresh_token_IdLastUserUpdate` FOREIGN KEY (`id_last_user_update`) REFERENCES `user` (`id`) ON DELETE SET NULL ON UPDATE CASCADE)
ERROR - 2026-03-01 07:10:03 --> mysqli_sql_exception: Cannot add or update a child row: a foreign key constraint fails (`nexfile`.`user_refresh_token`, CONSTRAINT `FK_user_refresh_token_IdLastUserUpdate` FOREIGN KEY (`id_last_user_update`) REFERENCES `user` (`id`) ON DELETE SET NULL ON UPDATE CASCADE) in D:\Developer\singleFile\Nexus_SingleFile_BE\BE\vendor\codeigniter4\framework\system\Database\MySQLi\Connection.php:327
Stack trace:
#0 D:\Developer\singleFile\Nexus_SingleFile_BE\BE\vendor\codeigniter4\framework\system\Database\MySQLi\Connection.php(327): mysqli->query('INSERT INTO `us...', 0)
#1 D:\Developer\singleFile\Nexus_SingleFile_BE\BE\vendor\codeigniter4\framework\system\Database\BaseConnection.php(729): CodeIgniter\Database\MySQLi\Connection->execute('INSERT INTO `us...')
#2 D:\Developer\singleFile\Nexus_SingleFile_BE\BE\vendor\codeigniter4\framework\system\Database\BaseConnection.php(646): CodeIgniter\Database\BaseConnection->simpleQuery('INSERT INTO `us...')
#3 D:\Developer\singleFile\Nexus_SingleFile_BE\BE\vendor\codeigniter4\framework\system\Database\BaseBuilder.php(2345): CodeIgniter\Database\BaseConnection->query('INSERT INTO `us...', Array, false)
#4 D:\Developer\singleFile\Nexus_SingleFile_BE\BE\app\Models\AuthModel.php(223): CodeIgniter\Database\BaseBuilder->insert(Array)
#5 D:\Developer\singleFile\Nexus_SingleFile_BE\BE\app\Models\AuthModel.php(92): App\Models\AuthModel->saveRefreshToken('1', 'eyJ0eXAiOiJKV1Q...')
#6 D:\Developer\singleFile\Nexus_SingleFile_BE\BE\app\Controllers\Api\Auth.php(41): App\Models\AuthModel->authenticate('admin@nexusqtec...', 'admin123')
#7 D:\Developer\singleFile\Nexus_SingleFile_BE\BE\vendor\codeigniter4\framework\system\CodeIgniter.php(933): App\Controllers\Api\Auth->login()
#8 D:\Developer\singleFile\Nexus_SingleFile_BE\BE\vendor\codeigniter4\framework\system\CodeIgniter.php(507): CodeIgniter\CodeIgniter->runController(Object(App\Controllers\Api\Auth))
#9 D:\Developer\singleFile\Nexus_SingleFile_BE\BE\vendor\codeigniter4\framework\system\CodeIgniter.php(354): CodeIgniter\CodeIgniter->handleRequest(NULL, Object(Config\Cache), false)
#10 D:\Developer\singleFile\Nexus_SingleFile_BE\BE\vendor\codeigniter4\framework\system\Boot.php(363): CodeIgniter\CodeIgniter->run()
#11 D:\Developer\singleFile\Nexus_SingleFile_BE\BE\vendor\codeigniter4\framework\system\Boot.php(68): CodeIgniter\Boot::runCodeIgniter(Object(CodeIgniter\CodeIgniter))
#12 D:\Developer\singleFile\Nexus_SingleFile_BE\BE\public\index.php(60): CodeIgniter\Boot::bootWeb(Object(Config\Paths))
#13 D:\Developer\singleFile\Nexus_SingleFile_BE\BE\vendor\codeigniter4\framework\system\rewrite.php(44): require_once('D:\\Developer\\si...')
#14 {main}
ERROR - 2026-03-01 07:10:03 --> Error guardando refresh token: Cannot add or update a child row: a foreign key constraint fails (`nexfile`.`user_refresh_token`, CONSTRAINT `FK_user_refresh_token_IdLastUserUpdate` FOREIGN KEY (`id_last_user_update`) REFERENCES `user` (`id`) ON DELETE SET NULL ON UPDATE CASCADE)
ERROR - 2026-03-01 07:10:08 --> mysqli_sql_exception: Cannot add or update a child row: a foreign key constraint fails (`nexfile`.`user_refresh_token`, CONSTRAINT `FK_user_refresh_token_IdLastUserUpdate` FOREIGN KEY (`id_last_user_update`) REFERENCES `user` (`id`) ON DELETE SET NULL ON UPDATE CASCADE) in D:\Developer\singleFile\Nexus_SingleFile_BE\BE\vendor\codeigniter4\framework\system\Database\MySQLi\Connection.php:327
Stack trace:
#0 D:\Developer\singleFile\Nexus_SingleFile_BE\BE\vendor\codeigniter4\framework\system\Database\MySQLi\Connection.php(327): mysqli->query('INSERT INTO `us...', 0)
#1 D:\Developer\singleFile\Nexus_SingleFile_BE\BE\vendor\codeigniter4\framework\system\Database\BaseConnection.php(729): CodeIgniter\Database\MySQLi\Connection->execute('INSERT INTO `us...')
#2 D:\Developer\singleFile\Nexus_SingleFile_BE\BE\vendor\codeigniter4\framework\system\Database\BaseConnection.php(646): CodeIgniter\Database\BaseConnection->simpleQuery('INSERT INTO `us...')
#3 D:\Developer\singleFile\Nexus_SingleFile_BE\BE\vendor\codeigniter4\framework\system\Database\BaseBuilder.php(2345): CodeIgniter\Database\BaseConnection->query('INSERT INTO `us...', Array, false)
#4 D:\Developer\singleFile\Nexus_SingleFile_BE\BE\app\Models\AuthModel.php(223): CodeIgniter\Database\BaseBuilder->insert(Array)
#5 D:\Developer\singleFile\Nexus_SingleFile_BE\BE\app\Models\AuthModel.php(92): App\Models\AuthModel->saveRefreshToken('1', 'eyJ0eXAiOiJKV1Q...')
#6 D:\Developer\singleFile\Nexus_SingleFile_BE\BE\app\Controllers\Api\Auth.php(41): App\Models\AuthModel->authenticate('admin@nexusqtec...', 'admin123')
#7 D:\Developer\singleFile\Nexus_SingleFile_BE\BE\vendor\codeigniter4\framework\system\CodeIgniter.php(933): App\Controllers\Api\Auth->login()
#8 D:\Developer\singleFile\Nexus_SingleFile_BE\BE\vendor\codeigniter4\framework\system\CodeIgniter.php(507): CodeIgniter\CodeIgniter->runController(Object(App\Controllers\Api\Auth))
#9 D:\Developer\singleFile\Nexus_SingleFile_BE\BE\vendor\codeigniter4\framework\system\CodeIgniter.php(354): CodeIgniter\CodeIgniter->handleRequest(NULL, Object(Config\Cache), false)
#10 D:\Developer\singleFile\Nexus_SingleFile_BE\BE\vendor\codeigniter4\framework\system\Boot.php(363): CodeIgniter\CodeIgniter->run()
#11 D:\Developer\singleFile\Nexus_SingleFile_BE\BE\vendor\codeigniter4\framework\system\Boot.php(68): CodeIgniter\Boot::runCodeIgniter(Object(CodeIgniter\CodeIgniter))
#12 D:\Developer\singleFile\Nexus_SingleFile_BE\BE\public\index.php(60): CodeIgniter\Boot::bootWeb(Object(Config\Paths))
#13 D:\Developer\singleFile\Nexus_SingleFile_BE\BE\vendor\codeigniter4\framework\system\rewrite.php(44): require_once('D:\\Developer\\si...')
#14 {main}
ERROR - 2026-03-01 07:10:08 --> Error guardando refresh token: Cannot add or update a child row: a foreign key constraint fails (`nexfile`.`user_refresh_token`, CONSTRAINT `FK_user_refresh_token_IdLastUserUpdate` FOREIGN KEY (`id_last_user_update`) REFERENCES `user` (`id`) ON DELETE SET NULL ON UPDATE CASCADE)
CRITICAL - 2026-03-01 07:10:10 --> ErrorException: Cannot use isset() on the result of an expression (you can use "null !== expression" instead)
[Method: GET, Route: api/user]
in APPPATH\Controllers\Api\User.php on line 408.
 1 [internal function]: CodeIgniter\Debug\Exceptions->shutdownHandler()
ERROR - 2026-03-01 07:10:15 --> mysqli_sql_exception: Cannot add or update a child row: a foreign key constraint fails (`nexfile`.`user_refresh_token`, CONSTRAINT `FK_user_refresh_token_IdLastUserUpdate` FOREIGN KEY (`id_last_user_update`) REFERENCES `user` (`id`) ON DELETE SET NULL ON UPDATE CASCADE) in D:\Developer\singleFile\Nexus_SingleFile_BE\BE\vendor\codeigniter4\framework\system\Database\MySQLi\Connection.php:327
Stack trace:
#0 D:\Developer\singleFile\Nexus_SingleFile_BE\BE\vendor\codeigniter4\framework\system\Database\MySQLi\Connection.php(327): mysqli->query('INSERT INTO `us...', 0)
#1 D:\Developer\singleFile\Nexus_SingleFile_BE\BE\vendor\codeigniter4\framework\system\Database\BaseConnection.php(729): CodeIgniter\Database\MySQLi\Connection->execute('INSERT INTO `us...')
#2 D:\Developer\singleFile\Nexus_SingleFile_BE\BE\vendor\codeigniter4\framework\system\Database\BaseConnection.php(646): CodeIgniter\Database\BaseConnection->simpleQuery('INSERT INTO `us...')
#3 D:\Developer\singleFile\Nexus_SingleFile_BE\BE\vendor\codeigniter4\framework\system\Database\BaseBuilder.php(2345): CodeIgniter\Database\BaseConnection->query('INSERT INTO `us...', Array, false)
#4 D:\Developer\singleFile\Nexus_SingleFile_BE\BE\app\Models\AuthModel.php(223): CodeIgniter\Database\BaseBuilder->insert(Array)
#5 D:\Developer\singleFile\Nexus_SingleFile_BE\BE\app\Models\AuthModel.php(92): App\Models\AuthModel->saveRefreshToken('1', 'eyJ0eXAiOiJKV1Q...')
#6 D:\Developer\singleFile\Nexus_SingleFile_BE\BE\app\Controllers\Api\Auth.php(41): App\Models\AuthModel->authenticate('admin@nexusqtec...', 'admin123')
#7 D:\Developer\singleFile\Nexus_SingleFile_BE\BE\vendor\codeigniter4\framework\system\CodeIgniter.php(933): App\Controllers\Api\Auth->login()
#8 D:\Developer\singleFile\Nexus_SingleFile_BE\BE\vendor\codeigniter4\framework\system\CodeIgniter.php(507): CodeIgniter\CodeIgniter->runController(Object(App\Controllers\Api\Auth))
#9 D:\Developer\singleFile\Nexus_SingleFile_BE\BE\vendor\codeigniter4\framework\system\CodeIgniter.php(354): CodeIgniter\CodeIgniter->handleRequest(NULL, Object(Config\Cache), false)
#10 D:\Developer\singleFile\Nexus_SingleFile_BE\BE\vendor\codeigniter4\framework\system\Boot.php(363): CodeIgniter\CodeIgniter->run()
#11 D:\Developer\singleFile\Nexus_SingleFile_BE\BE\vendor\codeigniter4\framework\system\Boot.php(68): CodeIgniter\Boot::runCodeIgniter(Object(CodeIgniter\CodeIgniter))
#12 D:\Developer\singleFile\Nexus_SingleFile_BE\BE\public\index.php(60): CodeIgniter\Boot::bootWeb(Object(Config\Paths))
#13 D:\Developer\singleFile\Nexus_SingleFile_BE\BE\vendor\codeigniter4\framework\system\rewrite.php(44): require_once('D:\\Developer\\si...')
#14 {main}
ERROR - 2026-03-01 07:10:15 --> Error guardando refresh token: Cannot add or update a child row: a foreign key constraint fails (`nexfile`.`user_refresh_token`, CONSTRAINT `FK_user_refresh_token_IdLastUserUpdate` FOREIGN KEY (`id_last_user_update`) REFERENCES `user` (`id`) ON DELETE SET NULL ON UPDATE CASCADE)
CRITICAL - 2026-03-01 07:10:15 --> ErrorException: Cannot use isset() on the result of an expression (you can use "null !== expression" instead)
[Method: GET, Route: api/user]
in APPPATH\Controllers\Api\User.php on line 408.
 1 [internal function]: CodeIgniter\Debug\Exceptions->shutdownHandler()
ERROR - 2026-03-01 07:10:18 --> mysqli_sql_exception: Cannot add or update a child row: a foreign key constraint fails (`nexfile`.`user_refresh_token`, CONSTRAINT `FK_user_refresh_token_IdLastUserUpdate` FOREIGN KEY (`id_last_user_update`) REFERENCES `user` (`id`) ON DELETE SET NULL ON UPDATE CASCADE) in D:\Developer\singleFile\Nexus_SingleFile_BE\BE\vendor\codeigniter4\framework\system\Database\MySQLi\Connection.php:327
Stack trace:
#0 D:\Developer\singleFile\Nexus_SingleFile_BE\BE\vendor\codeigniter4\framework\system\Database\MySQLi\Connection.php(327): mysqli->query('INSERT INTO `us...', 0)
#1 D:\Developer\singleFile\Nexus_SingleFile_BE\BE\vendor\codeigniter4\framework\system\Database\BaseConnection.php(729): CodeIgniter\Database\MySQLi\Connection->execute('INSERT INTO `us...')
#2 D:\Developer\singleFile\Nexus_SingleFile_BE\BE\vendor\codeigniter4\framework\system\Database\BaseConnection.php(646): CodeIgniter\Database\BaseConnection->simpleQuery('INSERT INTO `us...')
#3 D:\Developer\singleFile\Nexus_SingleFile_BE\BE\vendor\codeigniter4\framework\system\Database\BaseBuilder.php(2345): CodeIgniter\Database\BaseConnection->query('INSERT INTO `us...', Array, false)
#4 D:\Developer\singleFile\Nexus_SingleFile_BE\BE\app\Models\AuthModel.php(223): CodeIgniter\Database\BaseBuilder->insert(Array)
#5 D:\Developer\singleFile\Nexus_SingleFile_BE\BE\app\Models\AuthModel.php(92): App\Models\AuthModel->saveRefreshToken('1', 'eyJ0eXAiOiJKV1Q...')
#6 D:\Developer\singleFile\Nexus_SingleFile_BE\BE\app\Controllers\Api\Auth.php(41): App\Models\AuthModel->authenticate('admin@nexusqtec...', 'admin123')
#7 D:\Developer\singleFile\Nexus_SingleFile_BE\BE\vendor\codeigniter4\framework\system\CodeIgniter.php(933): App\Controllers\Api\Auth->login()
#8 D:\Developer\singleFile\Nexus_SingleFile_BE\BE\vendor\codeigniter4\framework\system\CodeIgniter.php(507): CodeIgniter\CodeIgniter->runController(Object(App\Controllers\Api\Auth))
#9 D:\Developer\singleFile\Nexus_SingleFile_BE\BE\vendor\codeigniter4\framework\system\CodeIgniter.php(354): CodeIgniter\CodeIgniter->handleRequest(NULL, Object(Config\Cache), false)
#10 D:\Developer\singleFile\Nexus_SingleFile_BE\BE\vendor\codeigniter4\framework\system\Boot.php(363): CodeIgniter\CodeIgniter->run()
#11 D:\Developer\singleFile\Nexus_SingleFile_BE\BE\vendor\codeigniter4\framework\system\Boot.php(68): CodeIgniter\Boot::runCodeIgniter(Object(CodeIgniter\CodeIgniter))
#12 D:\Developer\singleFile\Nexus_SingleFile_BE\BE\public\index.php(60): CodeIgniter\Boot::bootWeb(Object(Config\Paths))
#13 D:\Developer\singleFile\Nexus_SingleFile_BE\BE\vendor\codeigniter4\framework\system\rewrite.php(44): require_once('D:\\Developer\\si...')
#14 {main}
ERROR - 2026-03-01 07:10:18 --> Error guardando refresh token: Cannot add or update a child row: a foreign key constraint fails (`nexfile`.`user_refresh_token`, CONSTRAINT `FK_user_refresh_token_IdLastUserUpdate` FOREIGN KEY (`id_last_user_update`) REFERENCES `user` (`id`) ON DELETE SET NULL ON UPDATE CASCADE)
ERROR - 2026-03-01 07:10:22 --> mysqli_sql_exception: Cannot add or update a child row: a foreign key constraint fails (`nexfile`.`user_refresh_token`, CONSTRAINT `FK_user_refresh_token_IdLastUserUpdate` FOREIGN KEY (`id_last_user_update`) REFERENCES `user` (`id`) ON DELETE SET NULL ON UPDATE CASCADE) in D:\Developer\singleFile\Nexus_SingleFile_BE\BE\vendor\codeigniter4\framework\system\Database\MySQLi\Connection.php:327
Stack trace:
#0 D:\Developer\singleFile\Nexus_SingleFile_BE\BE\vendor\codeigniter4\framework\system\Database\MySQLi\Connection.php(327): mysqli->query('INSERT INTO `us...', 0)
#1 D:\Developer\singleFile\Nexus_SingleFile_BE\BE\vendor\codeigniter4\framework\system\Database\BaseConnection.php(729): CodeIgniter\Database\MySQLi\Connection->execute('INSERT INTO `us...')
#2 D:\Developer\singleFile\Nexus_SingleFile_BE\BE\vendor\codeigniter4\framework\system\Database\BaseConnection.php(646): CodeIgniter\Database\BaseConnection->simpleQuery('INSERT INTO `us...')
#3 D:\Developer\singleFile\Nexus_SingleFile_BE\BE\vendor\codeigniter4\framework\system\Database\BaseBuilder.php(2345): CodeIgniter\Database\BaseConnection->query('INSERT INTO `us...', Array, false)
#4 D:\Developer\singleFile\Nexus_SingleFile_BE\BE\app\Models\AuthModel.php(223): CodeIgniter\Database\BaseBuilder->insert(Array)
#5 D:\Developer\singleFile\Nexus_SingleFile_BE\BE\app\Models\AuthModel.php(92): App\Models\AuthModel->saveRefreshToken('1', 'eyJ0eXAiOiJKV1Q...')
#6 D:\Developer\singleFile\Nexus_SingleFile_BE\BE\app\Controllers\Api\Auth.php(41): App\Models\AuthModel->authenticate('admin@nexusqtec...', 'admin123')
#7 D:\Developer\singleFile\Nexus_SingleFile_BE\BE\vendor\codeigniter4\framework\system\CodeIgniter.php(933): App\Controllers\Api\Auth->login()
#8 D:\Developer\singleFile\Nexus_SingleFile_BE\BE\vendor\codeigniter4\framework\system\CodeIgniter.php(507): CodeIgniter\CodeIgniter->runController(Object(App\Controllers\Api\Auth))
#9 D:\Developer\singleFile\Nexus_SingleFile_BE\BE\vendor\codeigniter4\framework\system\CodeIgniter.php(354): CodeIgniter\CodeIgniter->handleRequest(NULL, Object(Config\Cache), false)
#10 D:\Developer\singleFile\Nexus_SingleFile_BE\BE\vendor\codeigniter4\framework\system\Boot.php(363): CodeIgniter\CodeIgniter->run()
#11 D:\Developer\singleFile\Nexus_SingleFile_BE\BE\vendor\codeigniter4\framework\system\Boot.php(68): CodeIgniter\Boot::runCodeIgniter(Object(CodeIgniter\CodeIgniter))
#12 D:\Developer\singleFile\Nexus_SingleFile_BE\BE\public\index.php(60): CodeIgniter\Boot::bootWeb(Object(Config\Paths))
#13 D:\Developer\singleFile\Nexus_SingleFile_BE\BE\vendor\codeigniter4\framework\system\rewrite.php(44): require_once('D:\\Developer\\si...')
#14 {main}
ERROR - 2026-03-01 07:10:22 --> Error guardando refresh token: Cannot add or update a child row: a foreign key constraint fails (`nexfile`.`user_refresh_token`, CONSTRAINT `FK_user_refresh_token_IdLastUserUpdate` FOREIGN KEY (`id_last_user_update`) REFERENCES `user` (`id`) ON DELETE SET NULL ON UPDATE CASCADE)
CRITICAL - 2026-03-01 07:10:22 --> ErrorException: Cannot use isset() on the result of an expression (you can use "null !== expression" instead)
[Method: POST, Route: api/user]
in APPPATH\Controllers\Api\User.php on line 408.
 1 [internal function]: CodeIgniter\Debug\Exceptions->shutdownHandler()
ERROR - 2026-03-01 07:10:24 --> mysqli_sql_exception: Cannot add or update a child row: a foreign key constraint fails (`nexfile`.`user_refresh_token`, CONSTRAINT `FK_user_refresh_token_IdLastUserUpdate` FOREIGN KEY (`id_last_user_update`) REFERENCES `user` (`id`) ON DELETE SET NULL ON UPDATE CASCADE) in D:\Developer\singleFile\Nexus_SingleFile_BE\BE\vendor\codeigniter4\framework\system\Database\MySQLi\Connection.php:327
Stack trace:
#0 D:\Developer\singleFile\Nexus_SingleFile_BE\BE\vendor\codeigniter4\framework\system\Database\MySQLi\Connection.php(327): mysqli->query('INSERT INTO `us...', 0)
#1 D:\Developer\singleFile\Nexus_SingleFile_BE\BE\vendor\codeigniter4\framework\system\Database\BaseConnection.php(729): CodeIgniter\Database\MySQLi\Connection->execute('INSERT INTO `us...')
#2 D:\Developer\singleFile\Nexus_SingleFile_BE\BE\vendor\codeigniter4\framework\system\Database\BaseConnection.php(646): CodeIgniter\Database\BaseConnection->simpleQuery('INSERT INTO `us...')
#3 D:\Developer\singleFile\Nexus_SingleFile_BE\BE\vendor\codeigniter4\framework\system\Database\BaseBuilder.php(2345): CodeIgniter\Database\BaseConnection->query('INSERT INTO `us...', Array, false)
#4 D:\Developer\singleFile\Nexus_SingleFile_BE\BE\app\Models\AuthModel.php(223): CodeIgniter\Database\BaseBuilder->insert(Array)
#5 D:\Developer\singleFile\Nexus_SingleFile_BE\BE\app\Models\AuthModel.php(92): App\Models\AuthModel->saveRefreshToken('1', 'eyJ0eXAiOiJKV1Q...')
#6 D:\Developer\singleFile\Nexus_SingleFile_BE\BE\app\Controllers\Api\Auth.php(41): App\Models\AuthModel->authenticate('admin@nexusqtec...', 'admin123')
#7 D:\Developer\singleFile\Nexus_SingleFile_BE\BE\vendor\codeigniter4\framework\system\CodeIgniter.php(933): App\Controllers\Api\Auth->login()
#8 D:\Developer\singleFile\Nexus_SingleFile_BE\BE\vendor\codeigniter4\framework\system\CodeIgniter.php(507): CodeIgniter\CodeIgniter->runController(Object(App\Controllers\Api\Auth))
#9 D:\Developer\singleFile\Nexus_SingleFile_BE\BE\vendor\codeigniter4\framework\system\CodeIgniter.php(354): CodeIgniter\CodeIgniter->handleRequest(NULL, Object(Config\Cache), false)
#10 D:\Developer\singleFile\Nexus_SingleFile_BE\BE\vendor\codeigniter4\framework\system\Boot.php(363): CodeIgniter\CodeIgniter->run()
#11 D:\Developer\singleFile\Nexus_SingleFile_BE\BE\vendor\codeigniter4\framework\system\Boot.php(68): CodeIgniter\Boot::runCodeIgniter(Object(CodeIgniter\CodeIgniter))
#12 D:\Developer\singleFile\Nexus_SingleFile_BE\BE\public\index.php(60): CodeIgniter\Boot::bootWeb(Object(Config\Paths))
#13 D:\Developer\singleFile\Nexus_SingleFile_BE\BE\vendor\codeigniter4\framework\system\rewrite.php(44): require_once('D:\\Developer\\si...')
#14 {main}
ERROR - 2026-03-01 07:10:24 --> Error guardando refresh token: Cannot add or update a child row: a foreign key constraint fails (`nexfile`.`user_refresh_token`, CONSTRAINT `FK_user_refresh_token_IdLastUserUpdate` FOREIGN KEY (`id_last_user_update`) REFERENCES `user` (`id`) ON DELETE SET NULL ON UPDATE CASCADE)
ERROR - 2026-03-01 07:10:27 --> mysqli_sql_exception: Unknown column 'd.IdDocumentType' in 'on clause' in D:\Developer\singleFile\Nexus_SingleFile_BE\BE\vendor\codeigniter4\framework\system\Database\MySQLi\Connection.php:327
Stack trace:
#0 D:\Developer\singleFile\Nexus_SingleFile_BE\BE\vendor\codeigniter4\framework\system\Database\MySQLi\Connection.php(327): mysqli->query('SELECT `dt`.`Na...', 0)
#1 D:\Developer\singleFile\Nexus_SingleFile_BE\BE\vendor\codeigniter4\framework\system\Database\BaseConnection.php(729): CodeIgniter\Database\MySQLi\Connection->execute('SELECT `dt`.`Na...')
#2 D:\Developer\singleFile\Nexus_SingleFile_BE\BE\vendor\codeigniter4\framework\system\Database\BaseConnection.php(646): CodeIgniter\Database\BaseConnection->simpleQuery('SELECT `dt`.`Na...')
#3 D:\Developer\singleFile\Nexus_SingleFile_BE\BE\vendor\codeigniter4\framework\system\Database\BaseBuilder.php(1649): CodeIgniter\Database\BaseConnection->query('SELECT `dt`.`Na...', Array, false)
#4 D:\Developer\singleFile\Nexus_SingleFile_BE\BE\app\Controllers\Api\Analytics.php(131): CodeIgniter\Database\BaseBuilder->get()
#5 D:\Developer\singleFile\Nexus_SingleFile_BE\BE\app\Controllers\Api\Analytics.php(66): App\Controllers\Api\Analytics->getDocumentStats(Array)
#6 D:\Developer\singleFile\Nexus_SingleFile_BE\BE\vendor\codeigniter4\framework\system\CodeIgniter.php(933): App\Controllers\Api\Analytics->getDashboardData()
#7 D:\Developer\singleFile\Nexus_SingleFile_BE\BE\vendor\codeigniter4\framework\system\CodeIgniter.php(507): CodeIgniter\CodeIgniter->runController(Object(App\Controllers\Api\Analytics))
#8 D:\Developer\singleFile\Nexus_SingleFile_BE\BE\vendor\codeigniter4\framework\system\CodeIgniter.php(354): CodeIgniter\CodeIgniter->handleRequest(NULL, Object(Config\Cache), false)
#9 D:\Developer\singleFile\Nexus_SingleFile_BE\BE\vendor\codeigniter4\framework\system\Boot.php(363): CodeIgniter\CodeIgniter->run()
#10 D:\Developer\singleFile\Nexus_SingleFile_BE\BE\vendor\codeigniter4\framework\system\Boot.php(68): CodeIgniter\Boot::runCodeIgniter(Object(CodeIgniter\CodeIgniter))
#11 D:\Developer\singleFile\Nexus_SingleFile_BE\BE\public\index.php(60): CodeIgniter\Boot::bootWeb(Object(Config\Paths))
#12 D:\Developer\singleFile\Nexus_SingleFile_BE\BE\vendor\codeigniter4\framework\system\rewrite.php(44): require_once('D:\\Developer\\si...')
#13 {main}
ERROR - 2026-03-01 07:10:27 --> Error en Analytics::getDocumentStats: Unknown column 'd.IdDocumentType' in 'on clause'
ERROR - 2026-03-01 07:10:28 --> mysqli_sql_exception: Unknown column 'process.RegistrationDate' in 'field list' in D:\Developer\singleFile\Nexus_SingleFile_BE\BE\vendor\codeigniter4\framework\system\Database\MySQLi\Connection.php:327
Stack trace:
#0 D:\Developer\singleFile\Nexus_SingleFile_BE\BE\vendor\codeigniter4\framework\system\Database\MySQLi\Connection.php(327): mysqli->query('SELECT DATE_FOR...', 0)
#1 D:\Developer\singleFile\Nexus_SingleFile_BE\BE\vendor\codeigniter4\framework\system\Database\BaseConnection.php(729): CodeIgniter\Database\MySQLi\Connection->execute('SELECT DATE_FOR...')
#2 D:\Developer\singleFile\Nexus_SingleFile_BE\BE\vendor\codeigniter4\framework\system\Database\BaseConnection.php(646): CodeIgniter\Database\BaseConnection->simpleQuery('SELECT DATE_FOR...')
#3 D:\Developer\singleFile\Nexus_SingleFile_BE\BE\vendor\codeigniter4\framework\system\Database\BaseBuilder.php(1649): CodeIgniter\Database\BaseConnection->query('SELECT DATE_FOR...', Array, false)
#4 D:\Developer\singleFile\Nexus_SingleFile_BE\BE\app\Controllers\Api\Analytics.php(272): CodeIgniter\Database\BaseBuilder->get()
#5 D:\Developer\singleFile\Nexus_SingleFile_BE\BE\app\Controllers\Api\Analytics.php(67): App\Controllers\Api\Analytics->getProcessStats(Array)
#6 D:\Developer\singleFile\Nexus_SingleFile_BE\BE\vendor\codeigniter4\framework\system\CodeIgniter.php(933): App\Controllers\Api\Analytics->getDashboardData()
#7 D:\Developer\singleFile\Nexus_SingleFile_BE\BE\vendor\codeigniter4\framework\system\CodeIgniter.php(507): CodeIgniter\CodeIgniter->runController(Object(App\Controllers\Api\Analytics))
#8 D:\Developer\singleFile\Nexus_SingleFile_BE\BE\vendor\codeigniter4\framework\system\CodeIgniter.php(354): CodeIgniter\CodeIgniter->handleRequest(NULL, Object(Config\Cache), false)
#9 D:\Developer\singleFile\Nexus_SingleFile_BE\BE\vendor\codeigniter4\framework\system\Boot.php(363): CodeIgniter\CodeIgniter->run()
#10 D:\Developer\singleFile\Nexus_SingleFile_BE\BE\vendor\codeigniter4\framework\system\Boot.php(68): CodeIgniter\Boot::runCodeIgniter(Object(CodeIgniter\CodeIgniter))
#11 D:\Developer\singleFile\Nexus_SingleFile_BE\BE\public\index.php(60): CodeIgniter\Boot::bootWeb(Object(Config\Paths))
#12 D:\Developer\singleFile\Nexus_SingleFile_BE\BE\vendor\codeigniter4\framework\system\rewrite.php(44): require_once('D:\\Developer\\si...')
#13 {main}
ERROR - 2026-03-01 07:10:28 --> Error en Analytics::getProcessStats: Unknown column 'process.RegistrationDate' in 'field list'
ERROR - 2026-03-01 07:10:28 --> Trace: #0 D:\Developer\singleFile\Nexus_SingleFile_BE\BE\vendor\codeigniter4\framework\system\Database\BaseBuilder.php(1649): CodeIgniter\Database\BaseConnection->query('SELECT DATE_FOR...', Array, false)
#1 D:\Developer\singleFile\Nexus_SingleFile_BE\BE\app\Controllers\Api\Analytics.php(272): CodeIgniter\Database\BaseBuilder->get()
#2 D:\Developer\singleFile\Nexus_SingleFile_BE\BE\app\Controllers\Api\Analytics.php(67): App\Controllers\Api\Analytics->getProcessStats(Array)
#3 D:\Developer\singleFile\Nexus_SingleFile_BE\BE\vendor\codeigniter4\framework\system\CodeIgniter.php(933): App\Controllers\Api\Analytics->getDashboardData()
#4 D:\Developer\singleFile\Nexus_SingleFile_BE\BE\vendor\codeigniter4\framework\system\CodeIgniter.php(507): CodeIgniter\CodeIgniter->runController(Object(App\Controllers\Api\Analytics))
#5 D:\Developer\singleFile\Nexus_SingleFile_BE\BE\vendor\codeigniter4\framework\system\CodeIgniter.php(354): CodeIgniter\CodeIgniter->handleRequest(NULL, Object(Config\Cache), false)
#6 D:\Developer\singleFile\Nexus_SingleFile_BE\BE\vendor\codeigniter4\framework\system\Boot.php(363): CodeIgniter\CodeIgniter->run()
#7 D:\Developer\singleFile\Nexus_SingleFile_BE\BE\vendor\codeigniter4\framework\system\Boot.php(68): CodeIgniter\Boot::runCodeIgniter(Object(CodeIgniter\CodeIgniter))
#8 D:\Developer\singleFile\Nexus_SingleFile_BE\BE\public\index.php(60): CodeIgniter\Boot::bootWeb(Object(Config\Paths))
#9 D:\Developer\singleFile\Nexus_SingleFile_BE\BE\vendor\codeigniter4\framework\system\rewrite.php(44): require_once('D:\\Developer\\si...')
#10 {main}
CRITICAL - 2026-03-01 07:10:31 --> ErrorException: Cannot use isset() on the result of an expression (you can use "null !== expression" instead)
[Method: POST, Route: api/user]
in APPPATH\Controllers\Api\User.php on line 408.
 1 [internal function]: CodeIgniter\Debug\Exceptions->shutdownHandler()
ERROR - 2026-03-01 07:10:33 --> mysqli_sql_exception: Cannot add or update a child row: a foreign key constraint fails (`nexfile`.`user_refresh_token`, CONSTRAINT `FK_user_refresh_token_IdLastUserUpdate` FOREIGN KEY (`id_last_user_update`) REFERENCES `user` (`id`) ON DELETE SET NULL ON UPDATE CASCADE) in D:\Developer\singleFile\Nexus_SingleFile_BE\BE\vendor\codeigniter4\framework\system\Database\MySQLi\Connection.php:327
Stack trace:
#0 D:\Developer\singleFile\Nexus_SingleFile_BE\BE\vendor\codeigniter4\framework\system\Database\MySQLi\Connection.php(327): mysqli->query('INSERT INTO `us...', 0)
#1 D:\Developer\singleFile\Nexus_SingleFile_BE\BE\vendor\codeigniter4\framework\system\Database\BaseConnection.php(729): CodeIgniter\Database\MySQLi\Connection->execute('INSERT INTO `us...')
#2 D:\Developer\singleFile\Nexus_SingleFile_BE\BE\vendor\codeigniter4\framework\system\Database\BaseConnection.php(646): CodeIgniter\Database\BaseConnection->simpleQuery('INSERT INTO `us...')
#3 D:\Developer\singleFile\Nexus_SingleFile_BE\BE\vendor\codeigniter4\framework\system\Database\BaseBuilder.php(2345): CodeIgniter\Database\BaseConnection->query('INSERT INTO `us...', Array, false)
#4 D:\Developer\singleFile\Nexus_SingleFile_BE\BE\app\Models\AuthModel.php(223): CodeIgniter\Database\BaseBuilder->insert(Array)
#5 D:\Developer\singleFile\Nexus_SingleFile_BE\BE\app\Models\AuthModel.php(92): App\Models\AuthModel->saveRefreshToken('1', 'eyJ0eXAiOiJKV1Q...')
#6 D:\Developer\singleFile\Nexus_SingleFile_BE\BE\app\Controllers\Api\Auth.php(41): App\Models\AuthModel->authenticate('admin@nexusqtec...', 'admin123')
#7 D:\Developer\singleFile\Nexus_SingleFile_BE\BE\vendor\codeigniter4\framework\system\CodeIgniter.php(933): App\Controllers\Api\Auth->login()
#8 D:\Developer\singleFile\Nexus_SingleFile_BE\BE\vendor\codeigniter4\framework\system\CodeIgniter.php(507): CodeIgniter\CodeIgniter->runController(Object(App\Controllers\Api\Auth))
#9 D:\Developer\singleFile\Nexus_SingleFile_BE\BE\vendor\codeigniter4\framework\system\CodeIgniter.php(354): CodeIgniter\CodeIgniter->handleRequest(NULL, Object(Config\Cache), false)
#10 D:\Developer\singleFile\Nexus_SingleFile_BE\BE\vendor\codeigniter4\framework\system\Boot.php(363): CodeIgniter\CodeIgniter->run()
#11 D:\Developer\singleFile\Nexus_SingleFile_BE\BE\vendor\codeigniter4\framework\system\Boot.php(68): CodeIgniter\Boot::runCodeIgniter(Object(CodeIgniter\CodeIgniter))
#12 D:\Developer\singleFile\Nexus_SingleFile_BE\BE\public\index.php(60): CodeIgniter\Boot::bootWeb(Object(Config\Paths))
#13 D:\Developer\singleFile\Nexus_SingleFile_BE\BE\vendor\codeigniter4\framework\system\rewrite.php(44): require_once('D:\\Developer\\si...')
#14 {main}
ERROR - 2026-03-01 07:10:33 --> Error guardando refresh token: Cannot add or update a child row: a foreign key constraint fails (`nexfile`.`user_refresh_token`, CONSTRAINT `FK_user_refresh_token_IdLastUserUpdate` FOREIGN KEY (`id_last_user_update`) REFERENCES `user` (`id`) ON DELETE SET NULL ON UPDATE CASCADE)
ERROR - 2026-03-01 07:10:38 --> mysqli_sql_exception: Cannot add or update a child row: a foreign key constraint fails (`nexfile`.`user_refresh_token`, CONSTRAINT `FK_user_refresh_token_IdLastUserUpdate` FOREIGN KEY (`id_last_user_update`) REFERENCES `user` (`id`) ON DELETE SET NULL ON UPDATE CASCADE) in D:\Developer\singleFile\Nexus_SingleFile_BE\BE\vendor\codeigniter4\framework\system\Database\MySQLi\Connection.php:327
Stack trace:
#0 D:\Developer\singleFile\Nexus_SingleFile_BE\BE\vendor\codeigniter4\framework\system\Database\MySQLi\Connection.php(327): mysqli->query('INSERT INTO `us...', 0)
#1 D:\Developer\singleFile\Nexus_SingleFile_BE\BE\vendor\codeigniter4\framework\system\Database\BaseConnection.php(729): CodeIgniter\Database\MySQLi\Connection->execute('INSERT INTO `us...')
#2 D:\Developer\singleFile\Nexus_SingleFile_BE\BE\vendor\codeigniter4\framework\system\Database\BaseConnection.php(646): CodeIgniter\Database\BaseConnection->simpleQuery('INSERT INTO `us...')
#3 D:\Developer\singleFile\Nexus_SingleFile_BE\BE\vendor\codeigniter4\framework\system\Database\BaseBuilder.php(2345): CodeIgniter\Database\BaseConnection->query('INSERT INTO `us...', Array, false)
#4 D:\Developer\singleFile\Nexus_SingleFile_BE\BE\app\Models\AuthModel.php(223): CodeIgniter\Database\BaseBuilder->insert(Array)
#5 D:\Developer\singleFile\Nexus_SingleFile_BE\BE\app\Models\AuthModel.php(92): App\Models\AuthModel->saveRefreshToken('1', 'eyJ0eXAiOiJKV1Q...')
#6 D:\Developer\singleFile\Nexus_SingleFile_BE\BE\app\Controllers\Api\Auth.php(41): App\Models\AuthModel->authenticate('admin@nexusqtec...', 'admin123')
#7 D:\Developer\singleFile\Nexus_SingleFile_BE\BE\vendor\codeigniter4\framework\system\CodeIgniter.php(933): App\Controllers\Api\Auth->login()
#8 D:\Developer\singleFile\Nexus_SingleFile_BE\BE\vendor\codeigniter4\framework\system\CodeIgniter.php(507): CodeIgniter\CodeIgniter->runController(Object(App\Controllers\Api\Auth))
#9 D:\Developer\singleFile\Nexus_SingleFile_BE\BE\vendor\codeigniter4\framework\system\CodeIgniter.php(354): CodeIgniter\CodeIgniter->handleRequest(NULL, Object(Config\Cache), false)
#10 D:\Developer\singleFile\Nexus_SingleFile_BE\BE\vendor\codeigniter4\framework\system\Boot.php(363): CodeIgniter\CodeIgniter->run()
#11 D:\Developer\singleFile\Nexus_SingleFile_BE\BE\vendor\codeigniter4\framework\system\Boot.php(68): CodeIgniter\Boot::runCodeIgniter(Object(CodeIgniter\CodeIgniter))
#12 D:\Developer\singleFile\Nexus_SingleFile_BE\BE\public\index.php(60): CodeIgniter\Boot::bootWeb(Object(Config\Paths))
#13 D:\Developer\singleFile\Nexus_SingleFile_BE\BE\vendor\codeigniter4\framework\system\rewrite.php(44): require_once('D:\\Developer\\si...')
#14 {main}
ERROR - 2026-03-01 07:10:38 --> Error guardando refresh token: Cannot add or update a child row: a foreign key constraint fails (`nexfile`.`user_refresh_token`, CONSTRAINT `FK_user_refresh_token_IdLastUserUpdate` FOREIGN KEY (`id_last_user_update`) REFERENCES `user` (`id`) ON DELETE SET NULL ON UPDATE CASCADE)
ERROR - 2026-03-01 07:10:40 --> mysqli_sql_exception: Cannot add or update a child row: a foreign key constraint fails (`nexfile`.`user_refresh_token`, CONSTRAINT `FK_user_refresh_token_IdLastUserUpdate` FOREIGN KEY (`id_last_user_update`) REFERENCES `user` (`id`) ON DELETE SET NULL ON UPDATE CASCADE) in D:\Developer\singleFile\Nexus_SingleFile_BE\BE\vendor\codeigniter4\framework\system\Database\MySQLi\Connection.php:327
Stack trace:
#0 D:\Developer\singleFile\Nexus_SingleFile_BE\BE\vendor\codeigniter4\framework\system\Database\MySQLi\Connection.php(327): mysqli->query('INSERT INTO `us...', 0)
#1 D:\Developer\singleFile\Nexus_SingleFile_BE\BE\vendor\codeigniter4\framework\system\Database\BaseConnection.php(729): CodeIgniter\Database\MySQLi\Connection->execute('INSERT INTO `us...')
#2 D:\Developer\singleFile\Nexus_SingleFile_BE\BE\vendor\codeigniter4\framework\system\Database\BaseConnection.php(646): CodeIgniter\Database\BaseConnection->simpleQuery('INSERT INTO `us...')
#3 D:\Developer\singleFile\Nexus_SingleFile_BE\BE\vendor\codeigniter4\framework\system\Database\BaseBuilder.php(2345): CodeIgniter\Database\BaseConnection->query('INSERT INTO `us...', Array, false)
#4 D:\Developer\singleFile\Nexus_SingleFile_BE\BE\app\Models\AuthModel.php(223): CodeIgniter\Database\BaseBuilder->insert(Array)
#5 D:\Developer\singleFile\Nexus_SingleFile_BE\BE\app\Models\AuthModel.php(92): App\Models\AuthModel->saveRefreshToken('1', 'eyJ0eXAiOiJKV1Q...')
#6 D:\Developer\singleFile\Nexus_SingleFile_BE\BE\app\Controllers\Api\Auth.php(41): App\Models\AuthModel->authenticate('admin@nexusqtec...', 'admin123')
#7 D:\Developer\singleFile\Nexus_SingleFile_BE\BE\vendor\codeigniter4\framework\system\CodeIgniter.php(933): App\Controllers\Api\Auth->login()
#8 D:\Developer\singleFile\Nexus_SingleFile_BE\BE\vendor\codeigniter4\framework\system\CodeIgniter.php(507): CodeIgniter\CodeIgniter->runController(Object(App\Controllers\Api\Auth))
#9 D:\Developer\singleFile\Nexus_SingleFile_BE\BE\vendor\codeigniter4\framework\system\CodeIgniter.php(354): CodeIgniter\CodeIgniter->handleRequest(NULL, Object(Config\Cache), false)
#10 D:\Developer\singleFile\Nexus_SingleFile_BE\BE\vendor\codeigniter4\framework\system\Boot.php(363): CodeIgniter\CodeIgniter->run()
#11 D:\Developer\singleFile\Nexus_SingleFile_BE\BE\vendor\codeigniter4\framework\system\Boot.php(68): CodeIgniter\Boot::runCodeIgniter(Object(CodeIgniter\CodeIgniter))
#12 D:\Developer\singleFile\Nexus_SingleFile_BE\BE\public\index.php(60): CodeIgniter\Boot::bootWeb(Object(Config\Paths))
#13 D:\Developer\singleFile\Nexus_SingleFile_BE\BE\vendor\codeigniter4\framework\system\rewrite.php(44): require_once('D:\\Developer\\si...')
#14 {main}
ERROR - 2026-03-01 07:10:40 --> Error guardando refresh token: Cannot add or update a child row: a foreign key constraint fails (`nexfile`.`user_refresh_token`, CONSTRAINT `FK_user_refresh_token_IdLastUserUpdate` FOREIGN KEY (`id_last_user_update`) REFERENCES `user` (`id`) ON DELETE SET NULL ON UPDATE CASCADE)
CRITICAL - 2026-03-01 07:10:40 --> ErrorException: Cannot use isset() on the result of an expression (you can use "null !== expression" instead)
[Method: POST, Route: api/user]
in APPPATH\Controllers\Api\User.php on line 408.
 1 [internal function]: CodeIgniter\Debug\Exceptions->shutdownHandler()
ERROR - 2026-03-01 07:10:43 --> mysqli_sql_exception: Cannot add or update a child row: a foreign key constraint fails (`nexfile`.`user_refresh_token`, CONSTRAINT `FK_user_refresh_token_IdLastUserUpdate` FOREIGN KEY (`id_last_user_update`) REFERENCES `user` (`id`) ON DELETE SET NULL ON UPDATE CASCADE) in D:\Developer\singleFile\Nexus_SingleFile_BE\BE\vendor\codeigniter4\framework\system\Database\MySQLi\Connection.php:327
Stack trace:
#0 D:\Developer\singleFile\Nexus_SingleFile_BE\BE\vendor\codeigniter4\framework\system\Database\MySQLi\Connection.php(327): mysqli->query('INSERT INTO `us...', 0)
#1 D:\Developer\singleFile\Nexus_SingleFile_BE\BE\vendor\codeigniter4\framework\system\Database\BaseConnection.php(729): CodeIgniter\Database\MySQLi\Connection->execute('INSERT INTO `us...')
#2 D:\Developer\singleFile\Nexus_SingleFile_BE\BE\vendor\codeigniter4\framework\system\Database\BaseConnection.php(646): CodeIgniter\Database\BaseConnection->simpleQuery('INSERT INTO `us...')
#3 D:\Developer\singleFile\Nexus_SingleFile_BE\BE\vendor\codeigniter4\framework\system\Database\BaseBuilder.php(2345): CodeIgniter\Database\BaseConnection->query('INSERT INTO `us...', Array, false)
#4 D:\Developer\singleFile\Nexus_SingleFile_BE\BE\app\Models\AuthModel.php(223): CodeIgniter\Database\BaseBuilder->insert(Array)
#5 D:\Developer\singleFile\Nexus_SingleFile_BE\BE\app\Models\AuthModel.php(92): App\Models\AuthModel->saveRefreshToken('1', 'eyJ0eXAiOiJKV1Q...')
#6 D:\Developer\singleFile\Nexus_SingleFile_BE\BE\app\Controllers\Api\Auth.php(41): App\Models\AuthModel->authenticate('admin@nexusqtec...', 'admin123')
#7 D:\Developer\singleFile\Nexus_SingleFile_BE\BE\vendor\codeigniter4\framework\system\CodeIgniter.php(933): App\Controllers\Api\Auth->login()
#8 D:\Developer\singleFile\Nexus_SingleFile_BE\BE\vendor\codeigniter4\framework\system\CodeIgniter.php(507): CodeIgniter\CodeIgniter->runController(Object(App\Controllers\Api\Auth))
#9 D:\Developer\singleFile\Nexus_SingleFile_BE\BE\vendor\codeigniter4\framework\system\CodeIgniter.php(354): CodeIgniter\CodeIgniter->handleRequest(NULL, Object(Config\Cache), false)
#10 D:\Developer\singleFile\Nexus_SingleFile_BE\BE\vendor\codeigniter4\framework\system\Boot.php(363): CodeIgniter\CodeIgniter->run()
#11 D:\Developer\singleFile\Nexus_SingleFile_BE\BE\vendor\codeigniter4\framework\system\Boot.php(68): CodeIgniter\Boot::runCodeIgniter(Object(CodeIgniter\CodeIgniter))
#12 D:\Developer\singleFile\Nexus_SingleFile_BE\BE\public\index.php(60): CodeIgniter\Boot::bootWeb(Object(Config\Paths))
#13 D:\Developer\singleFile\Nexus_SingleFile_BE\BE\vendor\codeigniter4\framework\system\rewrite.php(44): require_once('D:\\Developer\\si...')
#14 {main}
ERROR - 2026-03-01 07:10:43 --> Error guardando refresh token: Cannot add or update a child row: a foreign key constraint fails (`nexfile`.`user_refresh_token`, CONSTRAINT `FK_user_refresh_token_IdLastUserUpdate` FOREIGN KEY (`id_last_user_update`) REFERENCES `user` (`id`) ON DELETE SET NULL ON UPDATE CASCADE)
CRITICAL - 2026-03-01 07:10:43 --> ErrorException: Cannot use isset() on the result of an expression (you can use "null !== expression" instead)
[Method: GET, Route: api/user/check-username]
in APPPATH\Controllers\Api\User.php on line 408.
 1 [internal function]: CodeIgniter\Debug\Exceptions->shutdownHandler()
ERROR - 2026-03-01 07:10:49 --> mysqli_sql_exception: Cannot add or update a child row: a foreign key constraint fails (`nexfile`.`user_refresh_token`, CONSTRAINT `FK_user_refresh_token_IdLastUserUpdate` FOREIGN KEY (`id_last_user_update`) REFERENCES `user` (`id`) ON DELETE SET NULL ON UPDATE CASCADE) in D:\Developer\singleFile\Nexus_SingleFile_BE\BE\vendor\codeigniter4\framework\system\Database\MySQLi\Connection.php:327
Stack trace:
#0 D:\Developer\singleFile\Nexus_SingleFile_BE\BE\vendor\codeigniter4\framework\system\Database\MySQLi\Connection.php(327): mysqli->query('INSERT INTO `us...', 0)
#1 D:\Developer\singleFile\Nexus_SingleFile_BE\BE\vendor\codeigniter4\framework\system\Database\BaseConnection.php(729): CodeIgniter\Database\MySQLi\Connection->execute('INSERT INTO `us...')
#2 D:\Developer\singleFile\Nexus_SingleFile_BE\BE\vendor\codeigniter4\framework\system\Database\BaseConnection.php(646): CodeIgniter\Database\BaseConnection->simpleQuery('INSERT INTO `us...')
#3 D:\Developer\singleFile\Nexus_SingleFile_BE\BE\vendor\codeigniter4\framework\system\Database\BaseBuilder.php(2345): CodeIgniter\Database\BaseConnection->query('INSERT INTO `us...', Array, false)
#4 D:\Developer\singleFile\Nexus_SingleFile_BE\BE\app\Models\AuthModel.php(223): CodeIgniter\Database\BaseBuilder->insert(Array)
#5 D:\Developer\singleFile\Nexus_SingleFile_BE\BE\app\Models\AuthModel.php(92): App\Models\AuthModel->saveRefreshToken('1', 'eyJ0eXAiOiJKV1Q...')
#6 D:\Developer\singleFile\Nexus_SingleFile_BE\BE\app\Controllers\Api\Auth.php(41): App\Models\AuthModel->authenticate('admin@nexusqtec...', 'admin123')
#7 D:\Developer\singleFile\Nexus_SingleFile_BE\BE\vendor\codeigniter4\framework\system\CodeIgniter.php(933): App\Controllers\Api\Auth->login()
#8 D:\Developer\singleFile\Nexus_SingleFile_BE\BE\vendor\codeigniter4\framework\system\CodeIgniter.php(507): CodeIgniter\CodeIgniter->runController(Object(App\Controllers\Api\Auth))
#9 D:\Developer\singleFile\Nexus_SingleFile_BE\BE\vendor\codeigniter4\framework\system\CodeIgniter.php(354): CodeIgniter\CodeIgniter->handleRequest(NULL, Object(Config\Cache), false)
#10 D:\Developer\singleFile\Nexus_SingleFile_BE\BE\vendor\codeigniter4\framework\system\Boot.php(363): CodeIgniter\CodeIgniter->run()
#11 D:\Developer\singleFile\Nexus_SingleFile_BE\BE\vendor\codeigniter4\framework\system\Boot.php(68): CodeIgniter\Boot::runCodeIgniter(Object(CodeIgniter\CodeIgniter))
#12 D:\Developer\singleFile\Nexus_SingleFile_BE\BE\public\index.php(60): CodeIgniter\Boot::bootWeb(Object(Config\Paths))
#13 D:\Developer\singleFile\Nexus_SingleFile_BE\BE\vendor\codeigniter4\framework\system\rewrite.php(44): require_once('D:\\Developer\\si...')
#14 {main}
ERROR - 2026-03-01 07:10:49 --> Error guardando refresh token: Cannot add or update a child row: a foreign key constraint fails (`nexfile`.`user_refresh_token`, CONSTRAINT `FK_user_refresh_token_IdLastUserUpdate` FOREIGN KEY (`id_last_user_update`) REFERENCES `user` (`id`) ON DELETE SET NULL ON UPDATE CASCADE)
ERROR - 2026-03-01 07:10:51 --> mysqli_sql_exception: Cannot add or update a child row: a foreign key constraint fails (`nexfile`.`user_refresh_token`, CONSTRAINT `FK_user_refresh_token_IdLastUserUpdate` FOREIGN KEY (`id_last_user_update`) REFERENCES `user` (`id`) ON DELETE SET NULL ON UPDATE CASCADE) in D:\Developer\singleFile\Nexus_SingleFile_BE\BE\vendor\codeigniter4\framework\system\Database\MySQLi\Connection.php:327
Stack trace:
#0 D:\Developer\singleFile\Nexus_SingleFile_BE\BE\vendor\codeigniter4\framework\system\Database\MySQLi\Connection.php(327): mysqli->query('INSERT INTO `us...', 0)
#1 D:\Developer\singleFile\Nexus_SingleFile_BE\BE\vendor\codeigniter4\framework\system\Database\BaseConnection.php(729): CodeIgniter\Database\MySQLi\Connection->execute('INSERT INTO `us...')
#2 D:\Developer\singleFile\Nexus_SingleFile_BE\BE\vendor\codeigniter4\framework\system\Database\BaseConnection.php(646): CodeIgniter\Database\BaseConnection->simpleQuery('INSERT INTO `us...')
#3 D:\Developer\singleFile\Nexus_SingleFile_BE\BE\vendor\codeigniter4\framework\system\Database\BaseBuilder.php(2345): CodeIgniter\Database\BaseConnection->query('INSERT INTO `us...', Array, false)
#4 D:\Developer\singleFile\Nexus_SingleFile_BE\BE\app\Models\AuthModel.php(223): CodeIgniter\Database\BaseBuilder->insert(Array)
#5 D:\Developer\singleFile\Nexus_SingleFile_BE\BE\app\Models\AuthModel.php(92): App\Models\AuthModel->saveRefreshToken('1', 'eyJ0eXAiOiJKV1Q...')
#6 D:\Developer\singleFile\Nexus_SingleFile_BE\BE\app\Controllers\Api\Auth.php(41): App\Models\AuthModel->authenticate('admin@nexusqtec...', 'admin123')
#7 D:\Developer\singleFile\Nexus_SingleFile_BE\BE\vendor\codeigniter4\framework\system\CodeIgniter.php(933): App\Controllers\Api\Auth->login()
#8 D:\Developer\singleFile\Nexus_SingleFile_BE\BE\vendor\codeigniter4\framework\system\CodeIgniter.php(507): CodeIgniter\CodeIgniter->runController(Object(App\Controllers\Api\Auth))
#9 D:\Developer\singleFile\Nexus_SingleFile_BE\BE\vendor\codeigniter4\framework\system\CodeIgniter.php(354): CodeIgniter\CodeIgniter->handleRequest(NULL, Object(Config\Cache), false)
#10 D:\Developer\singleFile\Nexus_SingleFile_BE\BE\vendor\codeigniter4\framework\system\Boot.php(363): CodeIgniter\CodeIgniter->run()
#11 D:\Developer\singleFile\Nexus_SingleFile_BE\BE\vendor\codeigniter4\framework\system\Boot.php(68): CodeIgniter\Boot::runCodeIgniter(Object(CodeIgniter\CodeIgniter))
#12 D:\Developer\singleFile\Nexus_SingleFile_BE\BE\public\index.php(60): CodeIgniter\Boot::bootWeb(Object(Config\Paths))
#13 D:\Developer\singleFile\Nexus_SingleFile_BE\BE\vendor\codeigniter4\framework\system\rewrite.php(44): require_once('D:\\Developer\\si...')
#14 {main}
ERROR - 2026-03-01 07:10:51 --> Error guardando refresh token: Cannot add or update a child row: a foreign key constraint fails (`nexfile`.`user_refresh_token`, CONSTRAINT `FK_user_refresh_token_IdLastUserUpdate` FOREIGN KEY (`id_last_user_update`) REFERENCES `user` (`id`) ON DELETE SET NULL ON UPDATE CASCADE)
CRITICAL - 2026-03-01 07:10:54 --> ErrorException: Cannot use isset() on the result of an expression (you can use "null !== expression" instead)
[Method: GET, Route: api/user/check-email]
in APPPATH\Controllers\Api\User.php on line 408.
 1 [internal function]: CodeIgniter\Debug\Exceptions->shutdownHandler()
ERROR - 2026-03-01 07:10:56 --> mysqli_sql_exception: Cannot add or update a child row: a foreign key constraint fails (`nexfile`.`user_refresh_token`, CONSTRAINT `FK_user_refresh_token_IdLastUserUpdate` FOREIGN KEY (`id_last_user_update`) REFERENCES `user` (`id`) ON DELETE SET NULL ON UPDATE CASCADE) in D:\Developer\singleFile\Nexus_SingleFile_BE\BE\vendor\codeigniter4\framework\system\Database\MySQLi\Connection.php:327
Stack trace:
#0 D:\Developer\singleFile\Nexus_SingleFile_BE\BE\vendor\codeigniter4\framework\system\Database\MySQLi\Connection.php(327): mysqli->query('INSERT INTO `us...', 0)
#1 D:\Developer\singleFile\Nexus_SingleFile_BE\BE\vendor\codeigniter4\framework\system\Database\BaseConnection.php(729): CodeIgniter\Database\MySQLi\Connection->execute('INSERT INTO `us...')
#2 D:\Developer\singleFile\Nexus_SingleFile_BE\BE\vendor\codeigniter4\framework\system\Database\BaseConnection.php(646): CodeIgniter\Database\BaseConnection->simpleQuery('INSERT INTO `us...')
#3 D:\Developer\singleFile\Nexus_SingleFile_BE\BE\vendor\codeigniter4\framework\system\Database\BaseBuilder.php(2345): CodeIgniter\Database\BaseConnection->query('INSERT INTO `us...', Array, false)
#4 D:\Developer\singleFile\Nexus_SingleFile_BE\BE\app\Models\AuthModel.php(223): CodeIgniter\Database\BaseBuilder->insert(Array)
#5 D:\Developer\singleFile\Nexus_SingleFile_BE\BE\app\Models\AuthModel.php(92): App\Models\AuthModel->saveRefreshToken('1', 'eyJ0eXAiOiJKV1Q...')
#6 D:\Developer\singleFile\Nexus_SingleFile_BE\BE\app\Controllers\Api\Auth.php(41): App\Models\AuthModel->authenticate('admin@nexusqtec...', 'admin123')
#7 D:\Developer\singleFile\Nexus_SingleFile_BE\BE\vendor\codeigniter4\framework\system\CodeIgniter.php(933): App\Controllers\Api\Auth->login()
#8 D:\Developer\singleFile\Nexus_SingleFile_BE\BE\vendor\codeigniter4\framework\system\CodeIgniter.php(507): CodeIgniter\CodeIgniter->runController(Object(App\Controllers\Api\Auth))
#9 D:\Developer\singleFile\Nexus_SingleFile_BE\BE\vendor\codeigniter4\framework\system\CodeIgniter.php(354): CodeIgniter\CodeIgniter->handleRequest(NULL, Object(Config\Cache), false)
#10 D:\Developer\singleFile\Nexus_SingleFile_BE\BE\vendor\codeigniter4\framework\system\Boot.php(363): CodeIgniter\CodeIgniter->run()
#11 D:\Developer\singleFile\Nexus_SingleFile_BE\BE\vendor\codeigniter4\framework\system\Boot.php(68): CodeIgniter\Boot::runCodeIgniter(Object(CodeIgniter\CodeIgniter))
#12 D:\Developer\singleFile\Nexus_SingleFile_BE\BE\public\index.php(60): CodeIgniter\Boot::bootWeb(Object(Config\Paths))
#13 D:\Developer\singleFile\Nexus_SingleFile_BE\BE\vendor\codeigniter4\framework\system\rewrite.php(44): require_once('D:\\Developer\\si...')
#14 {main}
ERROR - 2026-03-01 07:10:56 --> Error guardando refresh token: Cannot add or update a child row: a foreign key constraint fails (`nexfile`.`user_refresh_token`, CONSTRAINT `FK_user_refresh_token_IdLastUserUpdate` FOREIGN KEY (`id_last_user_update`) REFERENCES `user` (`id`) ON DELETE SET NULL ON UPDATE CASCADE)
ERROR - 2026-03-01 07:11:17 --> mysqli_sql_exception: Cannot add or update a child row: a foreign key constraint fails (`nexfile`.`user_refresh_token`, CONSTRAINT `FK_user_refresh_token_IdLastUserUpdate` FOREIGN KEY (`id_last_user_update`) REFERENCES `user` (`id`) ON DELETE SET NULL ON UPDATE CASCADE) in D:\Developer\singleFile\Nexus_SingleFile_BE\BE\vendor\codeigniter4\framework\system\Database\MySQLi\Connection.php:327
Stack trace:
#0 D:\Developer\singleFile\Nexus_SingleFile_BE\BE\vendor\codeigniter4\framework\system\Database\MySQLi\Connection.php(327): mysqli->query('INSERT INTO `us...', 0)
#1 D:\Developer\singleFile\Nexus_SingleFile_BE\BE\vendor\codeigniter4\framework\system\Database\BaseConnection.php(729): CodeIgniter\Database\MySQLi\Connection->execute('INSERT INTO `us...')
#2 D:\Developer\singleFile\Nexus_SingleFile_BE\BE\vendor\codeigniter4\framework\system\Database\BaseConnection.php(646): CodeIgniter\Database\BaseConnection->simpleQuery('INSERT INTO `us...')
#3 D:\Developer\singleFile\Nexus_SingleFile_BE\BE\vendor\codeigniter4\framework\system\Database\BaseBuilder.php(2345): CodeIgniter\Database\BaseConnection->query('INSERT INTO `us...', Array, false)
#4 D:\Developer\singleFile\Nexus_SingleFile_BE\BE\app\Models\AuthModel.php(223): CodeIgniter\Database\BaseBuilder->insert(Array)
#5 D:\Developer\singleFile\Nexus_SingleFile_BE\BE\app\Models\AuthModel.php(92): App\Models\AuthModel->saveRefreshToken('1', 'eyJ0eXAiOiJKV1Q...')
#6 D:\Developer\singleFile\Nexus_SingleFile_BE\BE\app\Controllers\Api\Auth.php(41): App\Models\AuthModel->authenticate('admin@nexusqtec...', 'admin123')
#7 D:\Developer\singleFile\Nexus_SingleFile_BE\BE\vendor\codeigniter4\framework\system\CodeIgniter.php(933): App\Controllers\Api\Auth->login()
#8 D:\Developer\singleFile\Nexus_SingleFile_BE\BE\vendor\codeigniter4\framework\system\CodeIgniter.php(507): CodeIgniter\CodeIgniter->runController(Object(App\Controllers\Api\Auth))
#9 D:\Developer\singleFile\Nexus_SingleFile_BE\BE\vendor\codeigniter4\framework\system\CodeIgniter.php(354): CodeIgniter\CodeIgniter->handleRequest(NULL, Object(Config\Cache), false)
#10 D:\Developer\singleFile\Nexus_SingleFile_BE\BE\vendor\codeigniter4\framework\system\Boot.php(363): CodeIgniter\CodeIgniter->run()
#11 D:\Developer\singleFile\Nexus_SingleFile_BE\BE\vendor\codeigniter4\framework\system\Boot.php(68): CodeIgniter\Boot::runCodeIgniter(Object(CodeIgniter\CodeIgniter))
#12 D:\Developer\singleFile\Nexus_SingleFile_BE\BE\public\index.php(60): CodeIgniter\Boot::bootWeb(Object(Config\Paths))
#13 D:\Developer\singleFile\Nexus_SingleFile_BE\BE\vendor\codeigniter4\framework\system\rewrite.php(44): require_once('D:\\Developer\\si...')
#14 {main}
ERROR - 2026-03-01 07:11:17 --> Error guardando refresh token: Cannot add or update a child row: a foreign key constraint fails (`nexfile`.`user_refresh_token`, CONSTRAINT `FK_user_refresh_token_IdLastUserUpdate` FOREIGN KEY (`id_last_user_update`) REFERENCES `user` (`id`) ON DELETE SET NULL ON UPDATE CASCADE)
ERROR - 2026-03-01 07:11:25 --> mysqli_sql_exception: Cannot add or update a child row: a foreign key constraint fails (`nexfile`.`user_refresh_token`, CONSTRAINT `FK_user_refresh_token_IdLastUserUpdate` FOREIGN KEY (`id_last_user_update`) REFERENCES `user` (`id`) ON DELETE SET NULL ON UPDATE CASCADE) in D:\Developer\singleFile\Nexus_SingleFile_BE\BE\vendor\codeigniter4\framework\system\Database\MySQLi\Connection.php:327
Stack trace:
#0 D:\Developer\singleFile\Nexus_SingleFile_BE\BE\vendor\codeigniter4\framework\system\Database\MySQLi\Connection.php(327): mysqli->query('INSERT INTO `us...', 0)
#1 D:\Developer\singleFile\Nexus_SingleFile_BE\BE\vendor\codeigniter4\framework\system\Database\BaseConnection.php(729): CodeIgniter\Database\MySQLi\Connection->execute('INSERT INTO `us...')
#2 D:\Developer\singleFile\Nexus_SingleFile_BE\BE\vendor\codeigniter4\framework\system\Database\BaseConnection.php(646): CodeIgniter\Database\BaseConnection->simpleQuery('INSERT INTO `us...')
#3 D:\Developer\singleFile\Nexus_SingleFile_BE\BE\vendor\codeigniter4\framework\system\Database\BaseBuilder.php(2345): CodeIgniter\Database\BaseConnection->query('INSERT INTO `us...', Array, false)
#4 D:\Developer\singleFile\Nexus_SingleFile_BE\BE\app\Models\AuthModel.php(223): CodeIgniter\Database\BaseBuilder->insert(Array)
#5 D:\Developer\singleFile\Nexus_SingleFile_BE\BE\app\Models\AuthModel.php(92): App\Models\AuthModel->saveRefreshToken('1', 'eyJ0eXAiOiJKV1Q...')
#6 D:\Developer\singleFile\Nexus_SingleFile_BE\BE\app\Controllers\Api\Auth.php(41): App\Models\AuthModel->authenticate('admin@nexusqtec...', 'admin123')
#7 D:\Developer\singleFile\Nexus_SingleFile_BE\BE\vendor\codeigniter4\framework\system\CodeIgniter.php(933): App\Controllers\Api\Auth->login()
#8 D:\Developer\singleFile\Nexus_SingleFile_BE\BE\vendor\codeigniter4\framework\system\CodeIgniter.php(507): CodeIgniter\CodeIgniter->runController(Object(App\Controllers\Api\Auth))
#9 D:\Developer\singleFile\Nexus_SingleFile_BE\BE\vendor\codeigniter4\framework\system\CodeIgniter.php(354): CodeIgniter\CodeIgniter->handleRequest(NULL, Object(Config\Cache), false)
#10 D:\Developer\singleFile\Nexus_SingleFile_BE\BE\vendor\codeigniter4\framework\system\Boot.php(363): CodeIgniter\CodeIgniter->run()
#11 D:\Developer\singleFile\Nexus_SingleFile_BE\BE\vendor\codeigniter4\framework\system\Boot.php(68): CodeIgniter\Boot::runCodeIgniter(Object(CodeIgniter\CodeIgniter))
#12 D:\Developer\singleFile\Nexus_SingleFile_BE\BE\public\index.php(60): CodeIgniter\Boot::bootWeb(Object(Config\Paths))
#13 D:\Developer\singleFile\Nexus_SingleFile_BE\BE\vendor\codeigniter4\framework\system\rewrite.php(44): require_once('D:\\Developer\\si...')
#14 {main}
ERROR - 2026-03-01 07:11:25 --> Error guardando refresh token: Cannot add or update a child row: a foreign key constraint fails (`nexfile`.`user_refresh_token`, CONSTRAINT `FK_user_refresh_token_IdLastUserUpdate` FOREIGN KEY (`id_last_user_update`) REFERENCES `user` (`id`) ON DELETE SET NULL ON UPDATE CASCADE)
ERROR - 2026-03-01 07:11:30 --> mysqli_sql_exception: Cannot add or update a child row: a foreign key constraint fails (`nexfile`.`user_refresh_token`, CONSTRAINT `FK_user_refresh_token_IdLastUserUpdate` FOREIGN KEY (`id_last_user_update`) REFERENCES `user` (`id`) ON DELETE SET NULL ON UPDATE CASCADE) in D:\Developer\singleFile\Nexus_SingleFile_BE\BE\vendor\codeigniter4\framework\system\Database\MySQLi\Connection.php:327
Stack trace:
#0 D:\Developer\singleFile\Nexus_SingleFile_BE\BE\vendor\codeigniter4\framework\system\Database\MySQLi\Connection.php(327): mysqli->query('INSERT INTO `us...', 0)
#1 D:\Developer\singleFile\Nexus_SingleFile_BE\BE\vendor\codeigniter4\framework\system\Database\BaseConnection.php(729): CodeIgniter\Database\MySQLi\Connection->execute('INSERT INTO `us...')
#2 D:\Developer\singleFile\Nexus_SingleFile_BE\BE\vendor\codeigniter4\framework\system\Database\BaseConnection.php(646): CodeIgniter\Database\BaseConnection->simpleQuery('INSERT INTO `us...')
#3 D:\Developer\singleFile\Nexus_SingleFile_BE\BE\vendor\codeigniter4\framework\system\Database\BaseBuilder.php(2345): CodeIgniter\Database\BaseConnection->query('INSERT INTO `us...', Array, false)
#4 D:\Developer\singleFile\Nexus_SingleFile_BE\BE\app\Models\AuthModel.php(223): CodeIgniter\Database\BaseBuilder->insert(Array)
#5 D:\Developer\singleFile\Nexus_SingleFile_BE\BE\app\Models\AuthModel.php(92): App\Models\AuthModel->saveRefreshToken('1', 'eyJ0eXAiOiJKV1Q...')
#6 D:\Developer\singleFile\Nexus_SingleFile_BE\BE\app\Controllers\Api\Auth.php(41): App\Models\AuthModel->authenticate('admin@nexusqtec...', 'admin123')
#7 D:\Developer\singleFile\Nexus_SingleFile_BE\BE\vendor\codeigniter4\framework\system\CodeIgniter.php(933): App\Controllers\Api\Auth->login()
#8 D:\Developer\singleFile\Nexus_SingleFile_BE\BE\vendor\codeigniter4\framework\system\CodeIgniter.php(507): CodeIgniter\CodeIgniter->runController(Object(App\Controllers\Api\Auth))
#9 D:\Developer\singleFile\Nexus_SingleFile_BE\BE\vendor\codeigniter4\framework\system\CodeIgniter.php(354): CodeIgniter\CodeIgniter->handleRequest(NULL, Object(Config\Cache), false)
#10 D:\Developer\singleFile\Nexus_SingleFile_BE\BE\vendor\codeigniter4\framework\system\Boot.php(363): CodeIgniter\CodeIgniter->run()
#11 D:\Developer\singleFile\Nexus_SingleFile_BE\BE\vendor\codeigniter4\framework\system\Boot.php(68): CodeIgniter\Boot::runCodeIgniter(Object(CodeIgniter\CodeIgniter))
#12 D:\Developer\singleFile\Nexus_SingleFile_BE\BE\public\index.php(60): CodeIgniter\Boot::bootWeb(Object(Config\Paths))
#13 D:\Developer\singleFile\Nexus_SingleFile_BE\BE\vendor\codeigniter4\framework\system\rewrite.php(44): require_once('D:\\Developer\\si...')
#14 {main}
ERROR - 2026-03-01 07:11:30 --> Error guardando refresh token: Cannot add or update a child row: a foreign key constraint fails (`nexfile`.`user_refresh_token`, CONSTRAINT `FK_user_refresh_token_IdLastUserUpdate` FOREIGN KEY (`id_last_user_update`) REFERENCES `user` (`id`) ON DELETE SET NULL ON UPDATE CASCADE)
ERROR - 2026-03-01 07:11:35 --> mysqli_sql_exception: Cannot add or update a child row: a foreign key constraint fails (`nexfile`.`user_refresh_token`, CONSTRAINT `FK_user_refresh_token_IdLastUserUpdate` FOREIGN KEY (`id_last_user_update`) REFERENCES `user` (`id`) ON DELETE SET NULL ON UPDATE CASCADE) in D:\Developer\singleFile\Nexus_SingleFile_BE\BE\vendor\codeigniter4\framework\system\Database\MySQLi\Connection.php:327
Stack trace:
#0 D:\Developer\singleFile\Nexus_SingleFile_BE\BE\vendor\codeigniter4\framework\system\Database\MySQLi\Connection.php(327): mysqli->query('INSERT INTO `us...', 0)
#1 D:\Developer\singleFile\Nexus_SingleFile_BE\BE\vendor\codeigniter4\framework\system\Database\BaseConnection.php(729): CodeIgniter\Database\MySQLi\Connection->execute('INSERT INTO `us...')
#2 D:\Developer\singleFile\Nexus_SingleFile_BE\BE\vendor\codeigniter4\framework\system\Database\BaseConnection.php(646): CodeIgniter\Database\BaseConnection->simpleQuery('INSERT INTO `us...')
#3 D:\Developer\singleFile\Nexus_SingleFile_BE\BE\vendor\codeigniter4\framework\system\Database\BaseBuilder.php(2345): CodeIgniter\Database\BaseConnection->query('INSERT INTO `us...', Array, false)
#4 D:\Developer\singleFile\Nexus_SingleFile_BE\BE\app\Models\AuthModel.php(223): CodeIgniter\Database\BaseBuilder->insert(Array)
#5 D:\Developer\singleFile\Nexus_SingleFile_BE\BE\app\Models\AuthModel.php(92): App\Models\AuthModel->saveRefreshToken('1', 'eyJ0eXAiOiJKV1Q...')
#6 D:\Developer\singleFile\Nexus_SingleFile_BE\BE\app\Controllers\Api\Auth.php(41): App\Models\AuthModel->authenticate('admin@nexusqtec...', 'admin123')
#7 D:\Developer\singleFile\Nexus_SingleFile_BE\BE\vendor\codeigniter4\framework\system\CodeIgniter.php(933): App\Controllers\Api\Auth->login()
#8 D:\Developer\singleFile\Nexus_SingleFile_BE\BE\vendor\codeigniter4\framework\system\CodeIgniter.php(507): CodeIgniter\CodeIgniter->runController(Object(App\Controllers\Api\Auth))
#9 D:\Developer\singleFile\Nexus_SingleFile_BE\BE\vendor\codeigniter4\framework\system\CodeIgniter.php(354): CodeIgniter\CodeIgniter->handleRequest(NULL, Object(Config\Cache), false)
#10 D:\Developer\singleFile\Nexus_SingleFile_BE\BE\vendor\codeigniter4\framework\system\Boot.php(363): CodeIgniter\CodeIgniter->run()
#11 D:\Developer\singleFile\Nexus_SingleFile_BE\BE\vendor\codeigniter4\framework\system\Boot.php(68): CodeIgniter\Boot::runCodeIgniter(Object(CodeIgniter\CodeIgniter))
#12 D:\Developer\singleFile\Nexus_SingleFile_BE\BE\public\index.php(60): CodeIgniter\Boot::bootWeb(Object(Config\Paths))
#13 D:\Developer\singleFile\Nexus_SingleFile_BE\BE\vendor\codeigniter4\framework\system\rewrite.php(44): require_once('D:\\Developer\\si...')
#14 {main}
ERROR - 2026-03-01 07:11:35 --> Error guardando refresh token: Cannot add or update a child row: a foreign key constraint fails (`nexfile`.`user_refresh_token`, CONSTRAINT `FK_user_refresh_token_IdLastUserUpdate` FOREIGN KEY (`id_last_user_update`) REFERENCES `user` (`id`) ON DELETE SET NULL ON UPDATE CASCADE)
ERROR - 2026-03-01 07:11:43 --> mysqli_sql_exception: Cannot add or update a child row: a foreign key constraint fails (`nexfile`.`user_refresh_token`, CONSTRAINT `FK_user_refresh_token_IdLastUserUpdate` FOREIGN KEY (`id_last_user_update`) REFERENCES `user` (`id`) ON DELETE SET NULL ON UPDATE CASCADE) in D:\Developer\singleFile\Nexus_SingleFile_BE\BE\vendor\codeigniter4\framework\system\Database\MySQLi\Connection.php:327
Stack trace:
#0 D:\Developer\singleFile\Nexus_SingleFile_BE\BE\vendor\codeigniter4\framework\system\Database\MySQLi\Connection.php(327): mysqli->query('INSERT INTO `us...', 0)
#1 D:\Developer\singleFile\Nexus_SingleFile_BE\BE\vendor\codeigniter4\framework\system\Database\BaseConnection.php(729): CodeIgniter\Database\MySQLi\Connection->execute('INSERT INTO `us...')
#2 D:\Developer\singleFile\Nexus_SingleFile_BE\BE\vendor\codeigniter4\framework\system\Database\BaseConnection.php(646): CodeIgniter\Database\BaseConnection->simpleQuery('INSERT INTO `us...')
#3 D:\Developer\singleFile\Nexus_SingleFile_BE\BE\vendor\codeigniter4\framework\system\Database\BaseBuilder.php(2345): CodeIgniter\Database\BaseConnection->query('INSERT INTO `us...', Array, false)
#4 D:\Developer\singleFile\Nexus_SingleFile_BE\BE\app\Models\AuthModel.php(223): CodeIgniter\Database\BaseBuilder->insert(Array)
#5 D:\Developer\singleFile\Nexus_SingleFile_BE\BE\app\Models\AuthModel.php(92): App\Models\AuthModel->saveRefreshToken('1', 'eyJ0eXAiOiJKV1Q...')
#6 D:\Developer\singleFile\Nexus_SingleFile_BE\BE\app\Controllers\Api\Auth.php(41): App\Models\AuthModel->authenticate('admin@nexusqtec...', 'admin123')
#7 D:\Developer\singleFile\Nexus_SingleFile_BE\BE\vendor\codeigniter4\framework\system\CodeIgniter.php(933): App\Controllers\Api\Auth->login()
#8 D:\Developer\singleFile\Nexus_SingleFile_BE\BE\vendor\codeigniter4\framework\system\CodeIgniter.php(507): CodeIgniter\CodeIgniter->runController(Object(App\Controllers\Api\Auth))
#9 D:\Developer\singleFile\Nexus_SingleFile_BE\BE\vendor\codeigniter4\framework\system\CodeIgniter.php(354): CodeIgniter\CodeIgniter->handleRequest(NULL, Object(Config\Cache), false)
#10 D:\Developer\singleFile\Nexus_SingleFile_BE\BE\vendor\codeigniter4\framework\system\Boot.php(363): CodeIgniter\CodeIgniter->run()
#11 D:\Developer\singleFile\Nexus_SingleFile_BE\BE\vendor\codeigniter4\framework\system\Boot.php(68): CodeIgniter\Boot::runCodeIgniter(Object(CodeIgniter\CodeIgniter))
#12 D:\Developer\singleFile\Nexus_SingleFile_BE\BE\public\index.php(60): CodeIgniter\Boot::bootWeb(Object(Config\Paths))
#13 D:\Developer\singleFile\Nexus_SingleFile_BE\BE\vendor\codeigniter4\framework\system\rewrite.php(44): require_once('D:\\Developer\\si...')
#14 {main}
ERROR - 2026-03-01 07:11:43 --> Error guardando refresh token: Cannot add or update a child row: a foreign key constraint fails (`nexfile`.`user_refresh_token`, CONSTRAINT `FK_user_refresh_token_IdLastUserUpdate` FOREIGN KEY (`id_last_user_update`) REFERENCES `user` (`id`) ON DELETE SET NULL ON UPDATE CASCADE)
ERROR - 2026-03-01 07:11:48 --> mysqli_sql_exception: Cannot add or update a child row: a foreign key constraint fails (`nexfile`.`user_refresh_token`, CONSTRAINT `FK_user_refresh_token_IdLastUserUpdate` FOREIGN KEY (`id_last_user_update`) REFERENCES `user` (`id`) ON DELETE SET NULL ON UPDATE CASCADE) in D:\Developer\singleFile\Nexus_SingleFile_BE\BE\vendor\codeigniter4\framework\system\Database\MySQLi\Connection.php:327
Stack trace:
#0 D:\Developer\singleFile\Nexus_SingleFile_BE\BE\vendor\codeigniter4\framework\system\Database\MySQLi\Connection.php(327): mysqli->query('INSERT INTO `us...', 0)
#1 D:\Developer\singleFile\Nexus_SingleFile_BE\BE\vendor\codeigniter4\framework\system\Database\BaseConnection.php(729): CodeIgniter\Database\MySQLi\Connection->execute('INSERT INTO `us...')
#2 D:\Developer\singleFile\Nexus_SingleFile_BE\BE\vendor\codeigniter4\framework\system\Database\BaseConnection.php(646): CodeIgniter\Database\BaseConnection->simpleQuery('INSERT INTO `us...')
#3 D:\Developer\singleFile\Nexus_SingleFile_BE\BE\vendor\codeigniter4\framework\system\Database\BaseBuilder.php(2345): CodeIgniter\Database\BaseConnection->query('INSERT INTO `us...', Array, false)
#4 D:\Developer\singleFile\Nexus_SingleFile_BE\BE\app\Models\AuthModel.php(223): CodeIgniter\Database\BaseBuilder->insert(Array)
#5 D:\Developer\singleFile\Nexus_SingleFile_BE\BE\app\Models\AuthModel.php(92): App\Models\AuthModel->saveRefreshToken('1', 'eyJ0eXAiOiJKV1Q...')
#6 D:\Developer\singleFile\Nexus_SingleFile_BE\BE\app\Controllers\Api\Auth.php(41): App\Models\AuthModel->authenticate('admin@nexusqtec...', 'admin123')
#7 D:\Developer\singleFile\Nexus_SingleFile_BE\BE\vendor\codeigniter4\framework\system\CodeIgniter.php(933): App\Controllers\Api\Auth->login()
#8 D:\Developer\singleFile\Nexus_SingleFile_BE\BE\vendor\codeigniter4\framework\system\CodeIgniter.php(507): CodeIgniter\CodeIgniter->runController(Object(App\Controllers\Api\Auth))
#9 D:\Developer\singleFile\Nexus_SingleFile_BE\BE\vendor\codeigniter4\framework\system\CodeIgniter.php(354): CodeIgniter\CodeIgniter->handleRequest(NULL, Object(Config\Cache), false)
#10 D:\Developer\singleFile\Nexus_SingleFile_BE\BE\vendor\codeigniter4\framework\system\Boot.php(363): CodeIgniter\CodeIgniter->run()
#11 D:\Developer\singleFile\Nexus_SingleFile_BE\BE\vendor\codeigniter4\framework\system\Boot.php(68): CodeIgniter\Boot::runCodeIgniter(Object(CodeIgniter\CodeIgniter))
#12 D:\Developer\singleFile\Nexus_SingleFile_BE\BE\public\index.php(60): CodeIgniter\Boot::bootWeb(Object(Config\Paths))
#13 D:\Developer\singleFile\Nexus_SingleFile_BE\BE\vendor\codeigniter4\framework\system\rewrite.php(44): require_once('D:\\Developer\\si...')
#14 {main}
ERROR - 2026-03-01 07:11:48 --> Error guardando refresh token: Cannot add or update a child row: a foreign key constraint fails (`nexfile`.`user_refresh_token`, CONSTRAINT `FK_user_refresh_token_IdLastUserUpdate` FOREIGN KEY (`id_last_user_update`) REFERENCES `user` (`id`) ON DELETE SET NULL ON UPDATE CASCADE)
ERROR - 2026-03-01 07:11:56 --> mysqli_sql_exception: Cannot add or update a child row: a foreign key constraint fails (`nexfile`.`user_refresh_token`, CONSTRAINT `FK_user_refresh_token_IdLastUserUpdate` FOREIGN KEY (`id_last_user_update`) REFERENCES `user` (`id`) ON DELETE SET NULL ON UPDATE CASCADE) in D:\Developer\singleFile\Nexus_SingleFile_BE\BE\vendor\codeigniter4\framework\system\Database\MySQLi\Connection.php:327
Stack trace:
#0 D:\Developer\singleFile\Nexus_SingleFile_BE\BE\vendor\codeigniter4\framework\system\Database\MySQLi\Connection.php(327): mysqli->query('INSERT INTO `us...', 0)
#1 D:\Developer\singleFile\Nexus_SingleFile_BE\BE\vendor\codeigniter4\framework\system\Database\BaseConnection.php(729): CodeIgniter\Database\MySQLi\Connection->execute('INSERT INTO `us...')
#2 D:\Developer\singleFile\Nexus_SingleFile_BE\BE\vendor\codeigniter4\framework\system\Database\BaseConnection.php(646): CodeIgniter\Database\BaseConnection->simpleQuery('INSERT INTO `us...')
#3 D:\Developer\singleFile\Nexus_SingleFile_BE\BE\vendor\codeigniter4\framework\system\Database\BaseBuilder.php(2345): CodeIgniter\Database\BaseConnection->query('INSERT INTO `us...', Array, false)
#4 D:\Developer\singleFile\Nexus_SingleFile_BE\BE\app\Models\AuthModel.php(223): CodeIgniter\Database\BaseBuilder->insert(Array)
#5 D:\Developer\singleFile\Nexus_SingleFile_BE\BE\app\Models\AuthModel.php(92): App\Models\AuthModel->saveRefreshToken('1', 'eyJ0eXAiOiJKV1Q...')
#6 D:\Developer\singleFile\Nexus_SingleFile_BE\BE\app\Controllers\Api\Auth.php(41): App\Models\AuthModel->authenticate('admin@nexusqtec...', 'admin123')
#7 D:\Developer\singleFile\Nexus_SingleFile_BE\BE\vendor\codeigniter4\framework\system\CodeIgniter.php(933): App\Controllers\Api\Auth->login()
#8 D:\Developer\singleFile\Nexus_SingleFile_BE\BE\vendor\codeigniter4\framework\system\CodeIgniter.php(507): CodeIgniter\CodeIgniter->runController(Object(App\Controllers\Api\Auth))
#9 D:\Developer\singleFile\Nexus_SingleFile_BE\BE\vendor\codeigniter4\framework\system\CodeIgniter.php(354): CodeIgniter\CodeIgniter->handleRequest(NULL, Object(Config\Cache), false)
#10 D:\Developer\singleFile\Nexus_SingleFile_BE\BE\vendor\codeigniter4\framework\system\Boot.php(363): CodeIgniter\CodeIgniter->run()
#11 D:\Developer\singleFile\Nexus_SingleFile_BE\BE\vendor\codeigniter4\framework\system\Boot.php(68): CodeIgniter\Boot::runCodeIgniter(Object(CodeIgniter\CodeIgniter))
#12 D:\Developer\singleFile\Nexus_SingleFile_BE\BE\public\index.php(60): CodeIgniter\Boot::bootWeb(Object(Config\Paths))
#13 D:\Developer\singleFile\Nexus_SingleFile_BE\BE\vendor\codeigniter4\framework\system\rewrite.php(44): require_once('D:\\Developer\\si...')
#14 {main}
ERROR - 2026-03-01 07:11:56 --> Error guardando refresh token: Cannot add or update a child row: a foreign key constraint fails (`nexfile`.`user_refresh_token`, CONSTRAINT `FK_user_refresh_token_IdLastUserUpdate` FOREIGN KEY (`id_last_user_update`) REFERENCES `user` (`id`) ON DELETE SET NULL ON UPDATE CASCADE)
ERROR - 2026-03-01 07:11:58 --> mysqli_sql_exception: Cannot add or update a child row: a foreign key constraint fails (`nexfile`.`user_refresh_token`, CONSTRAINT `FK_user_refresh_token_IdLastUserUpdate` FOREIGN KEY (`id_last_user_update`) REFERENCES `user` (`id`) ON DELETE SET NULL ON UPDATE CASCADE) in D:\Developer\singleFile\Nexus_SingleFile_BE\BE\vendor\codeigniter4\framework\system\Database\MySQLi\Connection.php:327
Stack trace:
#0 D:\Developer\singleFile\Nexus_SingleFile_BE\BE\vendor\codeigniter4\framework\system\Database\MySQLi\Connection.php(327): mysqli->query('INSERT INTO `us...', 0)
#1 D:\Developer\singleFile\Nexus_SingleFile_BE\BE\vendor\codeigniter4\framework\system\Database\BaseConnection.php(729): CodeIgniter\Database\MySQLi\Connection->execute('INSERT INTO `us...')
#2 D:\Developer\singleFile\Nexus_SingleFile_BE\BE\vendor\codeigniter4\framework\system\Database\BaseConnection.php(646): CodeIgniter\Database\BaseConnection->simpleQuery('INSERT INTO `us...')
#3 D:\Developer\singleFile\Nexus_SingleFile_BE\BE\vendor\codeigniter4\framework\system\Database\BaseBuilder.php(2345): CodeIgniter\Database\BaseConnection->query('INSERT INTO `us...', Array, false)
#4 D:\Developer\singleFile\Nexus_SingleFile_BE\BE\app\Models\AuthModel.php(223): CodeIgniter\Database\BaseBuilder->insert(Array)
#5 D:\Developer\singleFile\Nexus_SingleFile_BE\BE\app\Models\AuthModel.php(92): App\Models\AuthModel->saveRefreshToken('1', 'eyJ0eXAiOiJKV1Q...')
#6 D:\Developer\singleFile\Nexus_SingleFile_BE\BE\app\Controllers\Api\Auth.php(41): App\Models\AuthModel->authenticate('admin@nexusqtec...', 'admin123')
#7 D:\Developer\singleFile\Nexus_SingleFile_BE\BE\vendor\codeigniter4\framework\system\CodeIgniter.php(933): App\Controllers\Api\Auth->login()
#8 D:\Developer\singleFile\Nexus_SingleFile_BE\BE\vendor\codeigniter4\framework\system\CodeIgniter.php(507): CodeIgniter\CodeIgniter->runController(Object(App\Controllers\Api\Auth))
#9 D:\Developer\singleFile\Nexus_SingleFile_BE\BE\vendor\codeigniter4\framework\system\CodeIgniter.php(354): CodeIgniter\CodeIgniter->handleRequest(NULL, Object(Config\Cache), false)
#10 D:\Developer\singleFile\Nexus_SingleFile_BE\BE\vendor\codeigniter4\framework\system\Boot.php(363): CodeIgniter\CodeIgniter->run()
#11 D:\Developer\singleFile\Nexus_SingleFile_BE\BE\vendor\codeigniter4\framework\system\Boot.php(68): CodeIgniter\Boot::runCodeIgniter(Object(CodeIgniter\CodeIgniter))
#12 D:\Developer\singleFile\Nexus_SingleFile_BE\BE\public\index.php(60): CodeIgniter\Boot::bootWeb(Object(Config\Paths))
#13 D:\Developer\singleFile\Nexus_SingleFile_BE\BE\vendor\codeigniter4\framework\system\rewrite.php(44): require_once('D:\\Developer\\si...')
#14 {main}
ERROR - 2026-03-01 07:11:58 --> Error guardando refresh token: Cannot add or update a child row: a foreign key constraint fails (`nexfile`.`user_refresh_token`, CONSTRAINT `FK_user_refresh_token_IdLastUserUpdate` FOREIGN KEY (`id_last_user_update`) REFERENCES `user` (`id`) ON DELETE SET NULL ON UPDATE CASCADE)
ERROR - 2026-03-01 07:12:06 --> mysqli_sql_exception: Cannot add or update a child row: a foreign key constraint fails (`nexfile`.`user_refresh_token`, CONSTRAINT `FK_user_refresh_token_IdLastUserUpdate` FOREIGN KEY (`id_last_user_update`) REFERENCES `user` (`id`) ON DELETE SET NULL ON UPDATE CASCADE) in D:\Developer\singleFile\Nexus_SingleFile_BE\BE\vendor\codeigniter4\framework\system\Database\MySQLi\Connection.php:327
Stack trace:
#0 D:\Developer\singleFile\Nexus_SingleFile_BE\BE\vendor\codeigniter4\framework\system\Database\MySQLi\Connection.php(327): mysqli->query('INSERT INTO `us...', 0)
#1 D:\Developer\singleFile\Nexus_SingleFile_BE\BE\vendor\codeigniter4\framework\system\Database\BaseConnection.php(729): CodeIgniter\Database\MySQLi\Connection->execute('INSERT INTO `us...')
#2 D:\Developer\singleFile\Nexus_SingleFile_BE\BE\vendor\codeigniter4\framework\system\Database\BaseConnection.php(646): CodeIgniter\Database\BaseConnection->simpleQuery('INSERT INTO `us...')
#3 D:\Developer\singleFile\Nexus_SingleFile_BE\BE\vendor\codeigniter4\framework\system\Database\BaseBuilder.php(2345): CodeIgniter\Database\BaseConnection->query('INSERT INTO `us...', Array, false)
#4 D:\Developer\singleFile\Nexus_SingleFile_BE\BE\app\Models\AuthModel.php(223): CodeIgniter\Database\BaseBuilder->insert(Array)
#5 D:\Developer\singleFile\Nexus_SingleFile_BE\BE\app\Models\AuthModel.php(92): App\Models\AuthModel->saveRefreshToken('1', 'eyJ0eXAiOiJKV1Q...')
#6 D:\Developer\singleFile\Nexus_SingleFile_BE\BE\app\Controllers\Api\Auth.php(41): App\Models\AuthModel->authenticate('admin@nexusqtec...', 'admin123')
#7 D:\Developer\singleFile\Nexus_SingleFile_BE\BE\vendor\codeigniter4\framework\system\CodeIgniter.php(933): App\Controllers\Api\Auth->login()
#8 D:\Developer\singleFile\Nexus_SingleFile_BE\BE\vendor\codeigniter4\framework\system\CodeIgniter.php(507): CodeIgniter\CodeIgniter->runController(Object(App\Controllers\Api\Auth))
#9 D:\Developer\singleFile\Nexus_SingleFile_BE\BE\vendor\codeigniter4\framework\system\CodeIgniter.php(354): CodeIgniter\CodeIgniter->handleRequest(NULL, Object(Config\Cache), false)
#10 D:\Developer\singleFile\Nexus_SingleFile_BE\BE\vendor\codeigniter4\framework\system\Boot.php(363): CodeIgniter\CodeIgniter->run()
#11 D:\Developer\singleFile\Nexus_SingleFile_BE\BE\vendor\codeigniter4\framework\system\Boot.php(68): CodeIgniter\Boot::runCodeIgniter(Object(CodeIgniter\CodeIgniter))
#12 D:\Developer\singleFile\Nexus_SingleFile_BE\BE\public\index.php(60): CodeIgniter\Boot::bootWeb(Object(Config\Paths))
#13 D:\Developer\singleFile\Nexus_SingleFile_BE\BE\vendor\codeigniter4\framework\system\rewrite.php(44): require_once('D:\\Developer\\si...')
#14 {main}
ERROR - 2026-03-01 07:12:06 --> Error guardando refresh token: Cannot add or update a child row: a foreign key constraint fails (`nexfile`.`user_refresh_token`, CONSTRAINT `FK_user_refresh_token_IdLastUserUpdate` FOREIGN KEY (`id_last_user_update`) REFERENCES `user` (`id`) ON DELETE SET NULL ON UPDATE CASCADE)
ERROR - 2026-03-01 07:12:08 --> mysqli_sql_exception: Cannot add or update a child row: a foreign key constraint fails (`nexfile`.`user_refresh_token`, CONSTRAINT `FK_user_refresh_token_IdLastUserUpdate` FOREIGN KEY (`id_last_user_update`) REFERENCES `user` (`id`) ON DELETE SET NULL ON UPDATE CASCADE) in D:\Developer\singleFile\Nexus_SingleFile_BE\BE\vendor\codeigniter4\framework\system\Database\MySQLi\Connection.php:327
Stack trace:
#0 D:\Developer\singleFile\Nexus_SingleFile_BE\BE\vendor\codeigniter4\framework\system\Database\MySQLi\Connection.php(327): mysqli->query('INSERT INTO `us...', 0)
#1 D:\Developer\singleFile\Nexus_SingleFile_BE\BE\vendor\codeigniter4\framework\system\Database\BaseConnection.php(729): CodeIgniter\Database\MySQLi\Connection->execute('INSERT INTO `us...')
#2 D:\Developer\singleFile\Nexus_SingleFile_BE\BE\vendor\codeigniter4\framework\system\Database\BaseConnection.php(646): CodeIgniter\Database\BaseConnection->simpleQuery('INSERT INTO `us...')
#3 D:\Developer\singleFile\Nexus_SingleFile_BE\BE\vendor\codeigniter4\framework\system\Database\BaseBuilder.php(2345): CodeIgniter\Database\BaseConnection->query('INSERT INTO `us...', Array, false)
#4 D:\Developer\singleFile\Nexus_SingleFile_BE\BE\app\Models\AuthModel.php(223): CodeIgniter\Database\BaseBuilder->insert(Array)
#5 D:\Developer\singleFile\Nexus_SingleFile_BE\BE\app\Models\AuthModel.php(92): App\Models\AuthModel->saveRefreshToken('1', 'eyJ0eXAiOiJKV1Q...')
#6 D:\Developer\singleFile\Nexus_SingleFile_BE\BE\app\Controllers\Api\Auth.php(41): App\Models\AuthModel->authenticate('admin@nexusqtec...', 'admin123')
#7 D:\Developer\singleFile\Nexus_SingleFile_BE\BE\vendor\codeigniter4\framework\system\CodeIgniter.php(933): App\Controllers\Api\Auth->login()
#8 D:\Developer\singleFile\Nexus_SingleFile_BE\BE\vendor\codeigniter4\framework\system\CodeIgniter.php(507): CodeIgniter\CodeIgniter->runController(Object(App\Controllers\Api\Auth))
#9 D:\Developer\singleFile\Nexus_SingleFile_BE\BE\vendor\codeigniter4\framework\system\CodeIgniter.php(354): CodeIgniter\CodeIgniter->handleRequest(NULL, Object(Config\Cache), false)
#10 D:\Developer\singleFile\Nexus_SingleFile_BE\BE\vendor\codeigniter4\framework\system\Boot.php(363): CodeIgniter\CodeIgniter->run()
#11 D:\Developer\singleFile\Nexus_SingleFile_BE\BE\vendor\codeigniter4\framework\system\Boot.php(68): CodeIgniter\Boot::runCodeIgniter(Object(CodeIgniter\CodeIgniter))
#12 D:\Developer\singleFile\Nexus_SingleFile_BE\BE\public\index.php(60): CodeIgniter\Boot::bootWeb(Object(Config\Paths))
#13 D:\Developer\singleFile\Nexus_SingleFile_BE\BE\vendor\codeigniter4\framework\system\rewrite.php(44): require_once('D:\\Developer\\si...')
#14 {main}
ERROR - 2026-03-01 07:12:08 --> Error guardando refresh token: Cannot add or update a child row: a foreign key constraint fails (`nexfile`.`user_refresh_token`, CONSTRAINT `FK_user_refresh_token_IdLastUserUpdate` FOREIGN KEY (`id_last_user_update`) REFERENCES `user` (`id`) ON DELETE SET NULL ON UPDATE CASCADE)
ERROR - 2026-03-01 07:12:16 --> mysqli_sql_exception: Cannot add or update a child row: a foreign key constraint fails (`nexfile`.`user_refresh_token`, CONSTRAINT `FK_user_refresh_token_IdLastUserUpdate` FOREIGN KEY (`id_last_user_update`) REFERENCES `user` (`id`) ON DELETE SET NULL ON UPDATE CASCADE) in D:\Developer\singleFile\Nexus_SingleFile_BE\BE\vendor\codeigniter4\framework\system\Database\MySQLi\Connection.php:327
Stack trace:
#0 D:\Developer\singleFile\Nexus_SingleFile_BE\BE\vendor\codeigniter4\framework\system\Database\MySQLi\Connection.php(327): mysqli->query('INSERT INTO `us...', 0)
#1 D:\Developer\singleFile\Nexus_SingleFile_BE\BE\vendor\codeigniter4\framework\system\Database\BaseConnection.php(729): CodeIgniter\Database\MySQLi\Connection->execute('INSERT INTO `us...')
#2 D:\Developer\singleFile\Nexus_SingleFile_BE\BE\vendor\codeigniter4\framework\system\Database\BaseConnection.php(646): CodeIgniter\Database\BaseConnection->simpleQuery('INSERT INTO `us...')
#3 D:\Developer\singleFile\Nexus_SingleFile_BE\BE\vendor\codeigniter4\framework\system\Database\BaseBuilder.php(2345): CodeIgniter\Database\BaseConnection->query('INSERT INTO `us...', Array, false)
#4 D:\Developer\singleFile\Nexus_SingleFile_BE\BE\app\Models\AuthModel.php(223): CodeIgniter\Database\BaseBuilder->insert(Array)
#5 D:\Developer\singleFile\Nexus_SingleFile_BE\BE\app\Models\AuthModel.php(92): App\Models\AuthModel->saveRefreshToken('1', 'eyJ0eXAiOiJKV1Q...')
#6 D:\Developer\singleFile\Nexus_SingleFile_BE\BE\app\Controllers\Api\Auth.php(41): App\Models\AuthModel->authenticate('admin@nexusqtec...', 'admin123')
#7 D:\Developer\singleFile\Nexus_SingleFile_BE\BE\vendor\codeigniter4\framework\system\CodeIgniter.php(933): App\Controllers\Api\Auth->login()
#8 D:\Developer\singleFile\Nexus_SingleFile_BE\BE\vendor\codeigniter4\framework\system\CodeIgniter.php(507): CodeIgniter\CodeIgniter->runController(Object(App\Controllers\Api\Auth))
#9 D:\Developer\singleFile\Nexus_SingleFile_BE\BE\vendor\codeigniter4\framework\system\CodeIgniter.php(354): CodeIgniter\CodeIgniter->handleRequest(NULL, Object(Config\Cache), false)
#10 D:\Developer\singleFile\Nexus_SingleFile_BE\BE\vendor\codeigniter4\framework\system\Boot.php(363): CodeIgniter\CodeIgniter->run()
#11 D:\Developer\singleFile\Nexus_SingleFile_BE\BE\vendor\codeigniter4\framework\system\Boot.php(68): CodeIgniter\Boot::runCodeIgniter(Object(CodeIgniter\CodeIgniter))
#12 D:\Developer\singleFile\Nexus_SingleFile_BE\BE\public\index.php(60): CodeIgniter\Boot::bootWeb(Object(Config\Paths))
#13 D:\Developer\singleFile\Nexus_SingleFile_BE\BE\vendor\codeigniter4\framework\system\rewrite.php(44): require_once('D:\\Developer\\si...')
#14 {main}
ERROR - 2026-03-01 07:12:16 --> Error guardando refresh token: Cannot add or update a child row: a foreign key constraint fails (`nexfile`.`user_refresh_token`, CONSTRAINT `FK_user_refresh_token_IdLastUserUpdate` FOREIGN KEY (`id_last_user_update`) REFERENCES `user` (`id`) ON DELETE SET NULL ON UPDATE CASCADE)
ERROR - 2026-03-01 07:12:22 --> mysqli_sql_exception: Cannot add or update a child row: a foreign key constraint fails (`nexfile`.`user_refresh_token`, CONSTRAINT `FK_user_refresh_token_IdLastUserUpdate` FOREIGN KEY (`id_last_user_update`) REFERENCES `user` (`id`) ON DELETE SET NULL ON UPDATE CASCADE) in D:\Developer\singleFile\Nexus_SingleFile_BE\BE\vendor\codeigniter4\framework\system\Database\MySQLi\Connection.php:327
Stack trace:
#0 D:\Developer\singleFile\Nexus_SingleFile_BE\BE\vendor\codeigniter4\framework\system\Database\MySQLi\Connection.php(327): mysqli->query('INSERT INTO `us...', 0)
#1 D:\Developer\singleFile\Nexus_SingleFile_BE\BE\vendor\codeigniter4\framework\system\Database\BaseConnection.php(729): CodeIgniter\Database\MySQLi\Connection->execute('INSERT INTO `us...')
#2 D:\Developer\singleFile\Nexus_SingleFile_BE\BE\vendor\codeigniter4\framework\system\Database\BaseConnection.php(646): CodeIgniter\Database\BaseConnection->simpleQuery('INSERT INTO `us...')
#3 D:\Developer\singleFile\Nexus_SingleFile_BE\BE\vendor\codeigniter4\framework\system\Database\BaseBuilder.php(2345): CodeIgniter\Database\BaseConnection->query('INSERT INTO `us...', Array, false)
#4 D:\Developer\singleFile\Nexus_SingleFile_BE\BE\app\Models\AuthModel.php(223): CodeIgniter\Database\BaseBuilder->insert(Array)
#5 D:\Developer\singleFile\Nexus_SingleFile_BE\BE\app\Models\AuthModel.php(92): App\Models\AuthModel->saveRefreshToken('1', 'eyJ0eXAiOiJKV1Q...')
#6 D:\Developer\singleFile\Nexus_SingleFile_BE\BE\app\Controllers\Api\Auth.php(41): App\Models\AuthModel->authenticate('admin@nexusqtec...', 'admin123')
#7 D:\Developer\singleFile\Nexus_SingleFile_BE\BE\vendor\codeigniter4\framework\system\CodeIgniter.php(933): App\Controllers\Api\Auth->login()
#8 D:\Developer\singleFile\Nexus_SingleFile_BE\BE\vendor\codeigniter4\framework\system\CodeIgniter.php(507): CodeIgniter\CodeIgniter->runController(Object(App\Controllers\Api\Auth))
#9 D:\Developer\singleFile\Nexus_SingleFile_BE\BE\vendor\codeigniter4\framework\system\CodeIgniter.php(354): CodeIgniter\CodeIgniter->handleRequest(NULL, Object(Config\Cache), false)
#10 D:\Developer\singleFile\Nexus_SingleFile_BE\BE\vendor\codeigniter4\framework\system\Boot.php(363): CodeIgniter\CodeIgniter->run()
#11 D:\Developer\singleFile\Nexus_SingleFile_BE\BE\vendor\codeigniter4\framework\system\Boot.php(68): CodeIgniter\Boot::runCodeIgniter(Object(CodeIgniter\CodeIgniter))
#12 D:\Developer\singleFile\Nexus_SingleFile_BE\BE\public\index.php(60): CodeIgniter\Boot::bootWeb(Object(Config\Paths))
#13 D:\Developer\singleFile\Nexus_SingleFile_BE\BE\vendor\codeigniter4\framework\system\rewrite.php(44): require_once('D:\\Developer\\si...')
#14 {main}
ERROR - 2026-03-01 07:12:22 --> Error guardando refresh token: Cannot add or update a child row: a foreign key constraint fails (`nexfile`.`user_refresh_token`, CONSTRAINT `FK_user_refresh_token_IdLastUserUpdate` FOREIGN KEY (`id_last_user_update`) REFERENCES `user` (`id`) ON DELETE SET NULL ON UPDATE CASCADE)
ERROR - 2026-03-01 07:12:30 --> mysqli_sql_exception: Cannot add or update a child row: a foreign key constraint fails (`nexfile`.`user_refresh_token`, CONSTRAINT `FK_user_refresh_token_IdLastUserUpdate` FOREIGN KEY (`id_last_user_update`) REFERENCES `user` (`id`) ON DELETE SET NULL ON UPDATE CASCADE) in D:\Developer\singleFile\Nexus_SingleFile_BE\BE\vendor\codeigniter4\framework\system\Database\MySQLi\Connection.php:327
Stack trace:
#0 D:\Developer\singleFile\Nexus_SingleFile_BE\BE\vendor\codeigniter4\framework\system\Database\MySQLi\Connection.php(327): mysqli->query('INSERT INTO `us...', 0)
#1 D:\Developer\singleFile\Nexus_SingleFile_BE\BE\vendor\codeigniter4\framework\system\Database\BaseConnection.php(729): CodeIgniter\Database\MySQLi\Connection->execute('INSERT INTO `us...')
#2 D:\Developer\singleFile\Nexus_SingleFile_BE\BE\vendor\codeigniter4\framework\system\Database\BaseConnection.php(646): CodeIgniter\Database\BaseConnection->simpleQuery('INSERT INTO `us...')
#3 D:\Developer\singleFile\Nexus_SingleFile_BE\BE\vendor\codeigniter4\framework\system\Database\BaseBuilder.php(2345): CodeIgniter\Database\BaseConnection->query('INSERT INTO `us...', Array, false)
#4 D:\Developer\singleFile\Nexus_SingleFile_BE\BE\app\Models\AuthModel.php(223): CodeIgniter\Database\BaseBuilder->insert(Array)
#5 D:\Developer\singleFile\Nexus_SingleFile_BE\BE\app\Models\AuthModel.php(92): App\Models\AuthModel->saveRefreshToken('1', 'eyJ0eXAiOiJKV1Q...')
#6 D:\Developer\singleFile\Nexus_SingleFile_BE\BE\app\Controllers\Api\Auth.php(41): App\Models\AuthModel->authenticate('admin@nexusqtec...', 'admin123')
#7 D:\Developer\singleFile\Nexus_SingleFile_BE\BE\vendor\codeigniter4\framework\system\CodeIgniter.php(933): App\Controllers\Api\Auth->login()
#8 D:\Developer\singleFile\Nexus_SingleFile_BE\BE\vendor\codeigniter4\framework\system\CodeIgniter.php(507): CodeIgniter\CodeIgniter->runController(Object(App\Controllers\Api\Auth))
#9 D:\Developer\singleFile\Nexus_SingleFile_BE\BE\vendor\codeigniter4\framework\system\CodeIgniter.php(354): CodeIgniter\CodeIgniter->handleRequest(NULL, Object(Config\Cache), false)
#10 D:\Developer\singleFile\Nexus_SingleFile_BE\BE\vendor\codeigniter4\framework\system\Boot.php(363): CodeIgniter\CodeIgniter->run()
#11 D:\Developer\singleFile\Nexus_SingleFile_BE\BE\vendor\codeigniter4\framework\system\Boot.php(68): CodeIgniter\Boot::runCodeIgniter(Object(CodeIgniter\CodeIgniter))
#12 D:\Developer\singleFile\Nexus_SingleFile_BE\BE\public\index.php(60): CodeIgniter\Boot::bootWeb(Object(Config\Paths))
#13 D:\Developer\singleFile\Nexus_SingleFile_BE\BE\vendor\codeigniter4\framework\system\rewrite.php(44): require_once('D:\\Developer\\si...')
#14 {main}
ERROR - 2026-03-01 07:12:30 --> Error guardando refresh token: Cannot add or update a child row: a foreign key constraint fails (`nexfile`.`user_refresh_token`, CONSTRAINT `FK_user_refresh_token_IdLastUserUpdate` FOREIGN KEY (`id_last_user_update`) REFERENCES `user` (`id`) ON DELETE SET NULL ON UPDATE CASCADE)
CRITICAL - 2026-03-01 07:12:32 --> ErrorException: Cannot use isset() on the result of an expression (you can use "null !== expression" instead)
[Method: GET, Route: api/user]
in APPPATH\Controllers\Api\User.php on line 408.
 1 [internal function]: CodeIgniter\Debug\Exceptions->shutdownHandler()
ERROR - 2026-03-01 07:12:34 --> mysqli_sql_exception: Cannot add or update a child row: a foreign key constraint fails (`nexfile`.`user_refresh_token`, CONSTRAINT `FK_user_refresh_token_IdLastUserUpdate` FOREIGN KEY (`id_last_user_update`) REFERENCES `user` (`id`) ON DELETE SET NULL ON UPDATE CASCADE) in D:\Developer\singleFile\Nexus_SingleFile_BE\BE\vendor\codeigniter4\framework\system\Database\MySQLi\Connection.php:327
Stack trace:
#0 D:\Developer\singleFile\Nexus_SingleFile_BE\BE\vendor\codeigniter4\framework\system\Database\MySQLi\Connection.php(327): mysqli->query('INSERT INTO `us...', 0)
#1 D:\Developer\singleFile\Nexus_SingleFile_BE\BE\vendor\codeigniter4\framework\system\Database\BaseConnection.php(729): CodeIgniter\Database\MySQLi\Connection->execute('INSERT INTO `us...')
#2 D:\Developer\singleFile\Nexus_SingleFile_BE\BE\vendor\codeigniter4\framework\system\Database\BaseConnection.php(646): CodeIgniter\Database\BaseConnection->simpleQuery('INSERT INTO `us...')
#3 D:\Developer\singleFile\Nexus_SingleFile_BE\BE\vendor\codeigniter4\framework\system\Database\BaseBuilder.php(2345): CodeIgniter\Database\BaseConnection->query('INSERT INTO `us...', Array, false)
#4 D:\Developer\singleFile\Nexus_SingleFile_BE\BE\app\Models\AuthModel.php(223): CodeIgniter\Database\BaseBuilder->insert(Array)
#5 D:\Developer\singleFile\Nexus_SingleFile_BE\BE\app\Models\AuthModel.php(92): App\Models\AuthModel->saveRefreshToken('1', 'eyJ0eXAiOiJKV1Q...')
#6 D:\Developer\singleFile\Nexus_SingleFile_BE\BE\app\Controllers\Api\Auth.php(41): App\Models\AuthModel->authenticate('admin@nexusqtec...', 'admin123')
#7 D:\Developer\singleFile\Nexus_SingleFile_BE\BE\vendor\codeigniter4\framework\system\CodeIgniter.php(933): App\Controllers\Api\Auth->login()
#8 D:\Developer\singleFile\Nexus_SingleFile_BE\BE\vendor\codeigniter4\framework\system\CodeIgniter.php(507): CodeIgniter\CodeIgniter->runController(Object(App\Controllers\Api\Auth))
#9 D:\Developer\singleFile\Nexus_SingleFile_BE\BE\vendor\codeigniter4\framework\system\CodeIgniter.php(354): CodeIgniter\CodeIgniter->handleRequest(NULL, Object(Config\Cache), false)
#10 D:\Developer\singleFile\Nexus_SingleFile_BE\BE\vendor\codeigniter4\framework\system\Boot.php(363): CodeIgniter\CodeIgniter->run()
#11 D:\Developer\singleFile\Nexus_SingleFile_BE\BE\vendor\codeigniter4\framework\system\Boot.php(68): CodeIgniter\Boot::runCodeIgniter(Object(CodeIgniter\CodeIgniter))
#12 D:\Developer\singleFile\Nexus_SingleFile_BE\BE\public\index.php(60): CodeIgniter\Boot::bootWeb(Object(Config\Paths))
#13 D:\Developer\singleFile\Nexus_SingleFile_BE\BE\vendor\codeigniter4\framework\system\rewrite.php(44): require_once('D:\\Developer\\si...')
#14 {main}
ERROR - 2026-03-01 07:12:34 --> Error guardando refresh token: Cannot add or update a child row: a foreign key constraint fails (`nexfile`.`user_refresh_token`, CONSTRAINT `FK_user_refresh_token_IdLastUserUpdate` FOREIGN KEY (`id_last_user_update`) REFERENCES `user` (`id`) ON DELETE SET NULL ON UPDATE CASCADE)
CRITICAL - 2026-03-01 07:12:35 --> ErrorException: Cannot use isset() on the result of an expression (you can use "null !== expression" instead)
[Method: GET, Route: api/user]
in APPPATH\Controllers\Api\User.php on line 408.
 1 [internal function]: CodeIgniter\Debug\Exceptions->shutdownHandler()
ERROR - 2026-03-01 07:12:39 --> mysqli_sql_exception: Cannot add or update a child row: a foreign key constraint fails (`nexfile`.`user_refresh_token`, CONSTRAINT `FK_user_refresh_token_IdLastUserUpdate` FOREIGN KEY (`id_last_user_update`) REFERENCES `user` (`id`) ON DELETE SET NULL ON UPDATE CASCADE) in D:\Developer\singleFile\Nexus_SingleFile_BE\BE\vendor\codeigniter4\framework\system\Database\MySQLi\Connection.php:327
Stack trace:
#0 D:\Developer\singleFile\Nexus_SingleFile_BE\BE\vendor\codeigniter4\framework\system\Database\MySQLi\Connection.php(327): mysqli->query('INSERT INTO `us...', 0)
#1 D:\Developer\singleFile\Nexus_SingleFile_BE\BE\vendor\codeigniter4\framework\system\Database\BaseConnection.php(729): CodeIgniter\Database\MySQLi\Connection->execute('INSERT INTO `us...')
#2 D:\Developer\singleFile\Nexus_SingleFile_BE\BE\vendor\codeigniter4\framework\system\Database\BaseConnection.php(646): CodeIgniter\Database\BaseConnection->simpleQuery('INSERT INTO `us...')
#3 D:\Developer\singleFile\Nexus_SingleFile_BE\BE\vendor\codeigniter4\framework\system\Database\BaseBuilder.php(2345): CodeIgniter\Database\BaseConnection->query('INSERT INTO `us...', Array, false)
#4 D:\Developer\singleFile\Nexus_SingleFile_BE\BE\app\Models\AuthModel.php(223): CodeIgniter\Database\BaseBuilder->insert(Array)
#5 D:\Developer\singleFile\Nexus_SingleFile_BE\BE\app\Models\AuthModel.php(92): App\Models\AuthModel->saveRefreshToken('1', 'eyJ0eXAiOiJKV1Q...')
#6 D:\Developer\singleFile\Nexus_SingleFile_BE\BE\app\Controllers\Api\Auth.php(41): App\Models\AuthModel->authenticate('admin@nexusqtec...', 'admin123')
#7 D:\Developer\singleFile\Nexus_SingleFile_BE\BE\vendor\codeigniter4\framework\system\CodeIgniter.php(933): App\Controllers\Api\Auth->login()
#8 D:\Developer\singleFile\Nexus_SingleFile_BE\BE\vendor\codeigniter4\framework\system\CodeIgniter.php(507): CodeIgniter\CodeIgniter->runController(Object(App\Controllers\Api\Auth))
#9 D:\Developer\singleFile\Nexus_SingleFile_BE\BE\vendor\codeigniter4\framework\system\CodeIgniter.php(354): CodeIgniter\CodeIgniter->handleRequest(NULL, Object(Config\Cache), false)
#10 D:\Developer\singleFile\Nexus_SingleFile_BE\BE\vendor\codeigniter4\framework\system\Boot.php(363): CodeIgniter\CodeIgniter->run()
#11 D:\Developer\singleFile\Nexus_SingleFile_BE\BE\vendor\codeigniter4\framework\system\Boot.php(68): CodeIgniter\Boot::runCodeIgniter(Object(CodeIgniter\CodeIgniter))
#12 D:\Developer\singleFile\Nexus_SingleFile_BE\BE\public\index.php(60): CodeIgniter\Boot::bootWeb(Object(Config\Paths))
#13 D:\Developer\singleFile\Nexus_SingleFile_BE\BE\vendor\codeigniter4\framework\system\rewrite.php(44): require_once('D:\\Developer\\si...')
#14 {main}
ERROR - 2026-03-01 07:12:39 --> Error guardando refresh token: Cannot add or update a child row: a foreign key constraint fails (`nexfile`.`user_refresh_token`, CONSTRAINT `FK_user_refresh_token_IdLastUserUpdate` FOREIGN KEY (`id_last_user_update`) REFERENCES `user` (`id`) ON DELETE SET NULL ON UPDATE CASCADE)
ERROR - 2026-03-01 07:12:40 --> mysqli_sql_exception: Cannot add or update a child row: a foreign key constraint fails (`nexfile`.`user_refresh_token`, CONSTRAINT `FK_user_refresh_token_IdLastUserUpdate` FOREIGN KEY (`id_last_user_update`) REFERENCES `user` (`id`) ON DELETE SET NULL ON UPDATE CASCADE) in D:\Developer\singleFile\Nexus_SingleFile_BE\BE\vendor\codeigniter4\framework\system\Database\MySQLi\Connection.php:327
Stack trace:
#0 D:\Developer\singleFile\Nexus_SingleFile_BE\BE\vendor\codeigniter4\framework\system\Database\MySQLi\Connection.php(327): mysqli->query('INSERT INTO `us...', 0)
#1 D:\Developer\singleFile\Nexus_SingleFile_BE\BE\vendor\codeigniter4\framework\system\Database\BaseConnection.php(729): CodeIgniter\Database\MySQLi\Connection->execute('INSERT INTO `us...')
#2 D:\Developer\singleFile\Nexus_SingleFile_BE\BE\vendor\codeigniter4\framework\system\Database\BaseConnection.php(646): CodeIgniter\Database\BaseConnection->simpleQuery('INSERT INTO `us...')
#3 D:\Developer\singleFile\Nexus_SingleFile_BE\BE\vendor\codeigniter4\framework\system\Database\BaseBuilder.php(2345): CodeIgniter\Database\BaseConnection->query('INSERT INTO `us...', Array, false)
#4 D:\Developer\singleFile\Nexus_SingleFile_BE\BE\app\Models\AuthModel.php(223): CodeIgniter\Database\BaseBuilder->insert(Array)
#5 D:\Developer\singleFile\Nexus_SingleFile_BE\BE\app\Models\AuthModel.php(92): App\Models\AuthModel->saveRefreshToken('1', 'eyJ0eXAiOiJKV1Q...')
#6 D:\Developer\singleFile\Nexus_SingleFile_BE\BE\app\Controllers\Api\Auth.php(41): App\Models\AuthModel->authenticate('admin@nexusqtec...', 'admin123')
#7 D:\Developer\singleFile\Nexus_SingleFile_BE\BE\vendor\codeigniter4\framework\system\CodeIgniter.php(933): App\Controllers\Api\Auth->login()
#8 D:\Developer\singleFile\Nexus_SingleFile_BE\BE\vendor\codeigniter4\framework\system\CodeIgniter.php(507): CodeIgniter\CodeIgniter->runController(Object(App\Controllers\Api\Auth))
#9 D:\Developer\singleFile\Nexus_SingleFile_BE\BE\vendor\codeigniter4\framework\system\CodeIgniter.php(354): CodeIgniter\CodeIgniter->handleRequest(NULL, Object(Config\Cache), false)
#10 D:\Developer\singleFile\Nexus_SingleFile_BE\BE\vendor\codeigniter4\framework\system\Boot.php(363): CodeIgniter\CodeIgniter->run()
#11 D:\Developer\singleFile\Nexus_SingleFile_BE\BE\vendor\codeigniter4\framework\system\Boot.php(68): CodeIgniter\Boot::runCodeIgniter(Object(CodeIgniter\CodeIgniter))
#12 D:\Developer\singleFile\Nexus_SingleFile_BE\BE\public\index.php(60): CodeIgniter\Boot::bootWeb(Object(Config\Paths))
#13 D:\Developer\singleFile\Nexus_SingleFile_BE\BE\vendor\codeigniter4\framework\system\rewrite.php(44): require_once('D:\\Developer\\si...')
#14 {main}
ERROR - 2026-03-01 07:12:40 --> Error guardando refresh token: Cannot add or update a child row: a foreign key constraint fails (`nexfile`.`user_refresh_token`, CONSTRAINT `FK_user_refresh_token_IdLastUserUpdate` FOREIGN KEY (`id_last_user_update`) REFERENCES `user` (`id`) ON DELETE SET NULL ON UPDATE CASCADE)
CRITICAL - 2026-03-01 07:12:41 --> ErrorException: Cannot use isset() on the result of an expression (you can use "null !== expression" instead)
[Method: POST, Route: api/user]
in APPPATH\Controllers\Api\User.php on line 408.
 1 [internal function]: CodeIgniter\Debug\Exceptions->shutdownHandler()
CRITICAL - 2026-03-01 07:12:41 --> ErrorException: Cannot use isset() on the result of an expression (you can use "null !== expression" instead)
[Method: POST, Route: api/user]
in APPPATH\Controllers\Api\User.php on line 408.
 1 [internal function]: CodeIgniter\Debug\Exceptions->shutdownHandler()
ERROR - 2026-03-01 07:12:46 --> mysqli_sql_exception: Cannot add or update a child row: a foreign key constraint fails (`nexfile`.`user_refresh_token`, CONSTRAINT `FK_user_refresh_token_IdLastUserUpdate` FOREIGN KEY (`id_last_user_update`) REFERENCES `user` (`id`) ON DELETE SET NULL ON UPDATE CASCADE) in D:\Developer\singleFile\Nexus_SingleFile_BE\BE\vendor\codeigniter4\framework\system\Database\MySQLi\Connection.php:327
Stack trace:
#0 D:\Developer\singleFile\Nexus_SingleFile_BE\BE\vendor\codeigniter4\framework\system\Database\MySQLi\Connection.php(327): mysqli->query('INSERT INTO `us...', 0)
#1 D:\Developer\singleFile\Nexus_SingleFile_BE\BE\vendor\codeigniter4\framework\system\Database\BaseConnection.php(729): CodeIgniter\Database\MySQLi\Connection->execute('INSERT INTO `us...')
#2 D:\Developer\singleFile\Nexus_SingleFile_BE\BE\vendor\codeigniter4\framework\system\Database\BaseConnection.php(646): CodeIgniter\Database\BaseConnection->simpleQuery('INSERT INTO `us...')
#3 D:\Developer\singleFile\Nexus_SingleFile_BE\BE\vendor\codeigniter4\framework\system\Database\BaseBuilder.php(2345): CodeIgniter\Database\BaseConnection->query('INSERT INTO `us...', Array, false)
#4 D:\Developer\singleFile\Nexus_SingleFile_BE\BE\app\Models\AuthModel.php(223): CodeIgniter\Database\BaseBuilder->insert(Array)
#5 D:\Developer\singleFile\Nexus_SingleFile_BE\BE\app\Models\AuthModel.php(92): App\Models\AuthModel->saveRefreshToken('1', 'eyJ0eXAiOiJKV1Q...')
#6 D:\Developer\singleFile\Nexus_SingleFile_BE\BE\app\Controllers\Api\Auth.php(41): App\Models\AuthModel->authenticate('admin@nexusqtec...', 'admin123')
#7 D:\Developer\singleFile\Nexus_SingleFile_BE\BE\vendor\codeigniter4\framework\system\CodeIgniter.php(933): App\Controllers\Api\Auth->login()
#8 D:\Developer\singleFile\Nexus_SingleFile_BE\BE\vendor\codeigniter4\framework\system\CodeIgniter.php(507): CodeIgniter\CodeIgniter->runController(Object(App\Controllers\Api\Auth))
#9 D:\Developer\singleFile\Nexus_SingleFile_BE\BE\vendor\codeigniter4\framework\system\CodeIgniter.php(354): CodeIgniter\CodeIgniter->handleRequest(NULL, Object(Config\Cache), false)
#10 D:\Developer\singleFile\Nexus_SingleFile_BE\BE\vendor\codeigniter4\framework\system\Boot.php(363): CodeIgniter\CodeIgniter->run()
#11 D:\Developer\singleFile\Nexus_SingleFile_BE\BE\vendor\codeigniter4\framework\system\Boot.php(68): CodeIgniter\Boot::runCodeIgniter(Object(CodeIgniter\CodeIgniter))
#12 D:\Developer\singleFile\Nexus_SingleFile_BE\BE\public\index.php(60): CodeIgniter\Boot::bootWeb(Object(Config\Paths))
#13 D:\Developer\singleFile\Nexus_SingleFile_BE\BE\vendor\codeigniter4\framework\system\rewrite.php(44): require_once('D:\\Developer\\si...')
#14 {main}
ERROR - 2026-03-01 07:12:46 --> Error guardando refresh token: Cannot add or update a child row: a foreign key constraint fails (`nexfile`.`user_refresh_token`, CONSTRAINT `FK_user_refresh_token_IdLastUserUpdate` FOREIGN KEY (`id_last_user_update`) REFERENCES `user` (`id`) ON DELETE SET NULL ON UPDATE CASCADE)
ERROR - 2026-03-01 07:12:48 --> mysqli_sql_exception: Cannot add or update a child row: a foreign key constraint fails (`nexfile`.`user_refresh_token`, CONSTRAINT `FK_user_refresh_token_IdLastUserUpdate` FOREIGN KEY (`id_last_user_update`) REFERENCES `user` (`id`) ON DELETE SET NULL ON UPDATE CASCADE) in D:\Developer\singleFile\Nexus_SingleFile_BE\BE\vendor\codeigniter4\framework\system\Database\MySQLi\Connection.php:327
Stack trace:
#0 D:\Developer\singleFile\Nexus_SingleFile_BE\BE\vendor\codeigniter4\framework\system\Database\MySQLi\Connection.php(327): mysqli->query('INSERT INTO `us...', 0)
#1 D:\Developer\singleFile\Nexus_SingleFile_BE\BE\vendor\codeigniter4\framework\system\Database\BaseConnection.php(729): CodeIgniter\Database\MySQLi\Connection->execute('INSERT INTO `us...')
#2 D:\Developer\singleFile\Nexus_SingleFile_BE\BE\vendor\codeigniter4\framework\system\Database\BaseConnection.php(646): CodeIgniter\Database\BaseConnection->simpleQuery('INSERT INTO `us...')
#3 D:\Developer\singleFile\Nexus_SingleFile_BE\BE\vendor\codeigniter4\framework\system\Database\BaseBuilder.php(2345): CodeIgniter\Database\BaseConnection->query('INSERT INTO `us...', Array, false)
#4 D:\Developer\singleFile\Nexus_SingleFile_BE\BE\app\Models\AuthModel.php(223): CodeIgniter\Database\BaseBuilder->insert(Array)
#5 D:\Developer\singleFile\Nexus_SingleFile_BE\BE\app\Models\AuthModel.php(92): App\Models\AuthModel->saveRefreshToken('1', 'eyJ0eXAiOiJKV1Q...')
#6 D:\Developer\singleFile\Nexus_SingleFile_BE\BE\app\Controllers\Api\Auth.php(41): App\Models\AuthModel->authenticate('admin@nexusqtec...', 'admin123')
#7 D:\Developer\singleFile\Nexus_SingleFile_BE\BE\vendor\codeigniter4\framework\system\CodeIgniter.php(933): App\Controllers\Api\Auth->login()
#8 D:\Developer\singleFile\Nexus_SingleFile_BE\BE\vendor\codeigniter4\framework\system\CodeIgniter.php(507): CodeIgniter\CodeIgniter->runController(Object(App\Controllers\Api\Auth))
#9 D:\Developer\singleFile\Nexus_SingleFile_BE\BE\vendor\codeigniter4\framework\system\CodeIgniter.php(354): CodeIgniter\CodeIgniter->handleRequest(NULL, Object(Config\Cache), false)
#10 D:\Developer\singleFile\Nexus_SingleFile_BE\BE\vendor\codeigniter4\framework\system\Boot.php(363): CodeIgniter\CodeIgniter->run()
#11 D:\Developer\singleFile\Nexus_SingleFile_BE\BE\vendor\codeigniter4\framework\system\Boot.php(68): CodeIgniter\Boot::runCodeIgniter(Object(CodeIgniter\CodeIgniter))
#12 D:\Developer\singleFile\Nexus_SingleFile_BE\BE\public\index.php(60): CodeIgniter\Boot::bootWeb(Object(Config\Paths))
#13 D:\Developer\singleFile\Nexus_SingleFile_BE\BE\vendor\codeigniter4\framework\system\rewrite.php(44): require_once('D:\\Developer\\si...')
#14 {main}
ERROR - 2026-03-01 07:12:48 --> Error guardando refresh token: Cannot add or update a child row: a foreign key constraint fails (`nexfile`.`user_refresh_token`, CONSTRAINT `FK_user_refresh_token_IdLastUserUpdate` FOREIGN KEY (`id_last_user_update`) REFERENCES `user` (`id`) ON DELETE SET NULL ON UPDATE CASCADE)
CRITICAL - 2026-03-01 07:12:48 --> ErrorException: Cannot use isset() on the result of an expression (you can use "null !== expression" instead)
[Method: POST, Route: api/user]
in APPPATH\Controllers\Api\User.php on line 408.
 1 [internal function]: CodeIgniter\Debug\Exceptions->shutdownHandler()
CRITICAL - 2026-03-01 07:12:48 --> ErrorException: Cannot use isset() on the result of an expression (you can use "null !== expression" instead)
[Method: GET, Route: api/user/check-username]
in APPPATH\Controllers\Api\User.php on line 408.
 1 [internal function]: CodeIgniter\Debug\Exceptions->shutdownHandler()
ERROR - 2026-03-01 07:12:53 --> mysqli_sql_exception: Cannot add or update a child row: a foreign key constraint fails (`nexfile`.`user_refresh_token`, CONSTRAINT `FK_user_refresh_token_IdLastUserUpdate` FOREIGN KEY (`id_last_user_update`) REFERENCES `user` (`id`) ON DELETE SET NULL ON UPDATE CASCADE) in D:\Developer\singleFile\Nexus_SingleFile_BE\BE\vendor\codeigniter4\framework\system\Database\MySQLi\Connection.php:327
Stack trace:
#0 D:\Developer\singleFile\Nexus_SingleFile_BE\BE\vendor\codeigniter4\framework\system\Database\MySQLi\Connection.php(327): mysqli->query('INSERT INTO `us...', 0)
#1 D:\Developer\singleFile\Nexus_SingleFile_BE\BE\vendor\codeigniter4\framework\system\Database\BaseConnection.php(729): CodeIgniter\Database\MySQLi\Connection->execute('INSERT INTO `us...')
#2 D:\Developer\singleFile\Nexus_SingleFile_BE\BE\vendor\codeigniter4\framework\system\Database\BaseConnection.php(646): CodeIgniter\Database\BaseConnection->simpleQuery('INSERT INTO `us...')
#3 D:\Developer\singleFile\Nexus_SingleFile_BE\BE\vendor\codeigniter4\framework\system\Database\BaseBuilder.php(2345): CodeIgniter\Database\BaseConnection->query('INSERT INTO `us...', Array, false)
#4 D:\Developer\singleFile\Nexus_SingleFile_BE\BE\app\Models\AuthModel.php(223): CodeIgniter\Database\BaseBuilder->insert(Array)
#5 D:\Developer\singleFile\Nexus_SingleFile_BE\BE\app\Models\AuthModel.php(92): App\Models\AuthModel->saveRefreshToken('1', 'eyJ0eXAiOiJKV1Q...')
#6 D:\Developer\singleFile\Nexus_SingleFile_BE\BE\app\Controllers\Api\Auth.php(41): App\Models\AuthModel->authenticate('admin@nexusqtec...', 'admin123')
#7 D:\Developer\singleFile\Nexus_SingleFile_BE\BE\vendor\codeigniter4\framework\system\CodeIgniter.php(933): App\Controllers\Api\Auth->login()
#8 D:\Developer\singleFile\Nexus_SingleFile_BE\BE\vendor\codeigniter4\framework\system\CodeIgniter.php(507): CodeIgniter\CodeIgniter->runController(Object(App\Controllers\Api\Auth))
#9 D:\Developer\singleFile\Nexus_SingleFile_BE\BE\vendor\codeigniter4\framework\system\CodeIgniter.php(354): CodeIgniter\CodeIgniter->handleRequest(NULL, Object(Config\Cache), false)
#10 D:\Developer\singleFile\Nexus_SingleFile_BE\BE\vendor\codeigniter4\framework\system\Boot.php(363): CodeIgniter\CodeIgniter->run()
#11 D:\Developer\singleFile\Nexus_SingleFile_BE\BE\vendor\codeigniter4\framework\system\Boot.php(68): CodeIgniter\Boot::runCodeIgniter(Object(CodeIgniter\CodeIgniter))
#12 D:\Developer\singleFile\Nexus_SingleFile_BE\BE\public\index.php(60): CodeIgniter\Boot::bootWeb(Object(Config\Paths))
#13 D:\Developer\singleFile\Nexus_SingleFile_BE\BE\vendor\codeigniter4\framework\system\rewrite.php(44): require_once('D:\\Developer\\si...')
#14 {main}
ERROR - 2026-03-01 07:12:53 --> Error guardando refresh token: Cannot add or update a child row: a foreign key constraint fails (`nexfile`.`user_refresh_token`, CONSTRAINT `FK_user_refresh_token_IdLastUserUpdate` FOREIGN KEY (`id_last_user_update`) REFERENCES `user` (`id`) ON DELETE SET NULL ON UPDATE CASCADE)
CRITICAL - 2026-03-01 07:12:53 --> ErrorException: Cannot use isset() on the result of an expression (you can use "null !== expression" instead)
[Method: GET, Route: api/user/check-email]
in APPPATH\Controllers\Api\User.php on line 408.
 1 [internal function]: CodeIgniter\Debug\Exceptions->shutdownHandler()
ERROR - 2026-03-01 07:15:19 --> mysqli_sql_exception: Cannot add or update a child row: a foreign key constraint fails (`nexfile`.`user_refresh_token`, CONSTRAINT `FK_user_refresh_token_IdLastUserUpdate` FOREIGN KEY (`id_last_user_update`) REFERENCES `user` (`id`) ON DELETE SET NULL ON UPDATE CASCADE) in D:\Developer\singleFile\Nexus_SingleFile_BE\BE\vendor\codeigniter4\framework\system\Database\MySQLi\Connection.php:327
Stack trace:
#0 D:\Developer\singleFile\Nexus_SingleFile_BE\BE\vendor\codeigniter4\framework\system\Database\MySQLi\Connection.php(327): mysqli->query('INSERT INTO `us...', 0)
#1 D:\Developer\singleFile\Nexus_SingleFile_BE\BE\vendor\codeigniter4\framework\system\Database\BaseConnection.php(729): CodeIgniter\Database\MySQLi\Connection->execute('INSERT INTO `us...')
#2 D:\Developer\singleFile\Nexus_SingleFile_BE\BE\vendor\codeigniter4\framework\system\Database\BaseConnection.php(646): CodeIgniter\Database\BaseConnection->simpleQuery('INSERT INTO `us...')
#3 D:\Developer\singleFile\Nexus_SingleFile_BE\BE\vendor\codeigniter4\framework\system\Database\BaseBuilder.php(2345): CodeIgniter\Database\BaseConnection->query('INSERT INTO `us...', Array, false)
#4 D:\Developer\singleFile\Nexus_SingleFile_BE\BE\app\Models\AuthModel.php(223): CodeIgniter\Database\BaseBuilder->insert(Array)
#5 D:\Developer\singleFile\Nexus_SingleFile_BE\BE\app\Models\AuthModel.php(92): App\Models\AuthModel->saveRefreshToken('1', 'eyJ0eXAiOiJKV1Q...')
#6 D:\Developer\singleFile\Nexus_SingleFile_BE\BE\app\Controllers\Api\Auth.php(41): App\Models\AuthModel->authenticate('admin@nexusqtec...', 'admin123')
#7 D:\Developer\singleFile\Nexus_SingleFile_BE\BE\vendor\codeigniter4\framework\system\CodeIgniter.php(933): App\Controllers\Api\Auth->login()
#8 D:\Developer\singleFile\Nexus_SingleFile_BE\BE\vendor\codeigniter4\framework\system\CodeIgniter.php(507): CodeIgniter\CodeIgniter->runController(Object(App\Controllers\Api\Auth))
#9 D:\Developer\singleFile\Nexus_SingleFile_BE\BE\vendor\codeigniter4\framework\system\CodeIgniter.php(354): CodeIgniter\CodeIgniter->handleRequest(NULL, Object(Config\Cache), false)
#10 D:\Developer\singleFile\Nexus_SingleFile_BE\BE\vendor\codeigniter4\framework\system\Boot.php(363): CodeIgniter\CodeIgniter->run()
#11 D:\Developer\singleFile\Nexus_SingleFile_BE\BE\vendor\codeigniter4\framework\system\Boot.php(68): CodeIgniter\Boot::runCodeIgniter(Object(CodeIgniter\CodeIgniter))
#12 D:\Developer\singleFile\Nexus_SingleFile_BE\BE\public\index.php(60): CodeIgniter\Boot::bootWeb(Object(Config\Paths))
#13 D:\Developer\singleFile\Nexus_SingleFile_BE\BE\vendor\codeigniter4\framework\system\rewrite.php(44): require_once('D:\\Developer\\si...')
#14 {main}
ERROR - 2026-03-01 07:15:19 --> Error guardando refresh token: Cannot add or update a child row: a foreign key constraint fails (`nexfile`.`user_refresh_token`, CONSTRAINT `FK_user_refresh_token_IdLastUserUpdate` FOREIGN KEY (`id_last_user_update`) REFERENCES `user` (`id`) ON DELETE SET NULL ON UPDATE CASCADE)
ERROR - 2026-03-01 07:15:21 --> mysqli_sql_exception: Cannot add or update a child row: a foreign key constraint fails (`nexfile`.`user_refresh_token`, CONSTRAINT `FK_user_refresh_token_IdLastUserUpdate` FOREIGN KEY (`id_last_user_update`) REFERENCES `user` (`id`) ON DELETE SET NULL ON UPDATE CASCADE) in D:\Developer\singleFile\Nexus_SingleFile_BE\BE\vendor\codeigniter4\framework\system\Database\MySQLi\Connection.php:327
Stack trace:
#0 D:\Developer\singleFile\Nexus_SingleFile_BE\BE\vendor\codeigniter4\framework\system\Database\MySQLi\Connection.php(327): mysqli->query('INSERT INTO `us...', 0)
#1 D:\Developer\singleFile\Nexus_SingleFile_BE\BE\vendor\codeigniter4\framework\system\Database\BaseConnection.php(729): CodeIgniter\Database\MySQLi\Connection->execute('INSERT INTO `us...')
#2 D:\Developer\singleFile\Nexus_SingleFile_BE\BE\vendor\codeigniter4\framework\system\Database\BaseConnection.php(646): CodeIgniter\Database\BaseConnection->simpleQuery('INSERT INTO `us...')
#3 D:\Developer\singleFile\Nexus_SingleFile_BE\BE\vendor\codeigniter4\framework\system\Database\BaseBuilder.php(2345): CodeIgniter\Database\BaseConnection->query('INSERT INTO `us...', Array, false)
#4 D:\Developer\singleFile\Nexus_SingleFile_BE\BE\app\Models\AuthModel.php(223): CodeIgniter\Database\BaseBuilder->insert(Array)
#5 D:\Developer\singleFile\Nexus_SingleFile_BE\BE\app\Models\AuthModel.php(92): App\Models\AuthModel->saveRefreshToken('1', 'eyJ0eXAiOiJKV1Q...')
#6 D:\Developer\singleFile\Nexus_SingleFile_BE\BE\app\Controllers\Api\Auth.php(41): App\Models\AuthModel->authenticate('admin@nexusqtec...', 'admin123')
#7 D:\Developer\singleFile\Nexus_SingleFile_BE\BE\vendor\codeigniter4\framework\system\CodeIgniter.php(933): App\Controllers\Api\Auth->login()
#8 D:\Developer\singleFile\Nexus_SingleFile_BE\BE\vendor\codeigniter4\framework\system\CodeIgniter.php(507): CodeIgniter\CodeIgniter->runController(Object(App\Controllers\Api\Auth))
#9 D:\Developer\singleFile\Nexus_SingleFile_BE\BE\vendor\codeigniter4\framework\system\CodeIgniter.php(354): CodeIgniter\CodeIgniter->handleRequest(NULL, Object(Config\Cache), false)
#10 D:\Developer\singleFile\Nexus_SingleFile_BE\BE\vendor\codeigniter4\framework\system\Boot.php(363): CodeIgniter\CodeIgniter->run()
#11 D:\Developer\singleFile\Nexus_SingleFile_BE\BE\vendor\codeigniter4\framework\system\Boot.php(68): CodeIgniter\Boot::runCodeIgniter(Object(CodeIgniter\CodeIgniter))
#12 D:\Developer\singleFile\Nexus_SingleFile_BE\BE\public\index.php(60): CodeIgniter\Boot::bootWeb(Object(Config\Paths))
#13 D:\Developer\singleFile\Nexus_SingleFile_BE\BE\vendor\codeigniter4\framework\system\rewrite.php(44): require_once('D:\\Developer\\si...')
#14 {main}
ERROR - 2026-03-01 07:15:21 --> Error guardando refresh token: Cannot add or update a child row: a foreign key constraint fails (`nexfile`.`user_refresh_token`, CONSTRAINT `FK_user_refresh_token_IdLastUserUpdate` FOREIGN KEY (`id_last_user_update`) REFERENCES `user` (`id`) ON DELETE SET NULL ON UPDATE CASCADE)
ERROR - 2026-03-01 07:15:25 --> mysqli_sql_exception: Unknown column 'd.IdDocumentType' in 'on clause' in D:\Developer\singleFile\Nexus_SingleFile_BE\BE\vendor\codeigniter4\framework\system\Database\MySQLi\Connection.php:327
Stack trace:
#0 D:\Developer\singleFile\Nexus_SingleFile_BE\BE\vendor\codeigniter4\framework\system\Database\MySQLi\Connection.php(327): mysqli->query('SELECT `dt`.`Na...', 0)
#1 D:\Developer\singleFile\Nexus_SingleFile_BE\BE\vendor\codeigniter4\framework\system\Database\BaseConnection.php(729): CodeIgniter\Database\MySQLi\Connection->execute('SELECT `dt`.`Na...')
#2 D:\Developer\singleFile\Nexus_SingleFile_BE\BE\vendor\codeigniter4\framework\system\Database\BaseConnection.php(646): CodeIgniter\Database\BaseConnection->simpleQuery('SELECT `dt`.`Na...')
#3 D:\Developer\singleFile\Nexus_SingleFile_BE\BE\vendor\codeigniter4\framework\system\Database\BaseBuilder.php(1649): CodeIgniter\Database\BaseConnection->query('SELECT `dt`.`Na...', Array, false)
#4 D:\Developer\singleFile\Nexus_SingleFile_BE\BE\app\Controllers\Api\Analytics.php(131): CodeIgniter\Database\BaseBuilder->get()
#5 D:\Developer\singleFile\Nexus_SingleFile_BE\BE\app\Controllers\Api\Analytics.php(66): App\Controllers\Api\Analytics->getDocumentStats(Array)
#6 D:\Developer\singleFile\Nexus_SingleFile_BE\BE\vendor\codeigniter4\framework\system\CodeIgniter.php(933): App\Controllers\Api\Analytics->getDashboardData()
#7 D:\Developer\singleFile\Nexus_SingleFile_BE\BE\vendor\codeigniter4\framework\system\CodeIgniter.php(507): CodeIgniter\CodeIgniter->runController(Object(App\Controllers\Api\Analytics))
#8 D:\Developer\singleFile\Nexus_SingleFile_BE\BE\vendor\codeigniter4\framework\system\CodeIgniter.php(354): CodeIgniter\CodeIgniter->handleRequest(NULL, Object(Config\Cache), false)
#9 D:\Developer\singleFile\Nexus_SingleFile_BE\BE\vendor\codeigniter4\framework\system\Boot.php(363): CodeIgniter\CodeIgniter->run()
#10 D:\Developer\singleFile\Nexus_SingleFile_BE\BE\vendor\codeigniter4\framework\system\Boot.php(68): CodeIgniter\Boot::runCodeIgniter(Object(CodeIgniter\CodeIgniter))
#11 D:\Developer\singleFile\Nexus_SingleFile_BE\BE\public\index.php(60): CodeIgniter\Boot::bootWeb(Object(Config\Paths))
#12 D:\Developer\singleFile\Nexus_SingleFile_BE\BE\vendor\codeigniter4\framework\system\rewrite.php(44): require_once('D:\\Developer\\si...')
#13 {main}
ERROR - 2026-03-01 07:15:25 --> Error en Analytics::getDocumentStats: Unknown column 'd.IdDocumentType' in 'on clause'
ERROR - 2026-03-01 07:15:25 --> mysqli_sql_exception: Unknown column 'process.RegistrationDate' in 'field list' in D:\Developer\singleFile\Nexus_SingleFile_BE\BE\vendor\codeigniter4\framework\system\Database\MySQLi\Connection.php:327
Stack trace:
#0 D:\Developer\singleFile\Nexus_SingleFile_BE\BE\vendor\codeigniter4\framework\system\Database\MySQLi\Connection.php(327): mysqli->query('SELECT DATE_FOR...', 0)
#1 D:\Developer\singleFile\Nexus_SingleFile_BE\BE\vendor\codeigniter4\framework\system\Database\BaseConnection.php(729): CodeIgniter\Database\MySQLi\Connection->execute('SELECT DATE_FOR...')
#2 D:\Developer\singleFile\Nexus_SingleFile_BE\BE\vendor\codeigniter4\framework\system\Database\BaseConnection.php(646): CodeIgniter\Database\BaseConnection->simpleQuery('SELECT DATE_FOR...')
#3 D:\Developer\singleFile\Nexus_SingleFile_BE\BE\vendor\codeigniter4\framework\system\Database\BaseBuilder.php(1649): CodeIgniter\Database\BaseConnection->query('SELECT DATE_FOR...', Array, false)
#4 D:\Developer\singleFile\Nexus_SingleFile_BE\BE\app\Controllers\Api\Analytics.php(272): CodeIgniter\Database\BaseBuilder->get()
#5 D:\Developer\singleFile\Nexus_SingleFile_BE\BE\app\Controllers\Api\Analytics.php(67): App\Controllers\Api\Analytics->getProcessStats(Array)
#6 D:\Developer\singleFile\Nexus_SingleFile_BE\BE\vendor\codeigniter4\framework\system\CodeIgniter.php(933): App\Controllers\Api\Analytics->getDashboardData()
#7 D:\Developer\singleFile\Nexus_SingleFile_BE\BE\vendor\codeigniter4\framework\system\CodeIgniter.php(507): CodeIgniter\CodeIgniter->runController(Object(App\Controllers\Api\Analytics))
#8 D:\Developer\singleFile\Nexus_SingleFile_BE\BE\vendor\codeigniter4\framework\system\CodeIgniter.php(354): CodeIgniter\CodeIgniter->handleRequest(NULL, Object(Config\Cache), false)
#9 D:\Developer\singleFile\Nexus_SingleFile_BE\BE\vendor\codeigniter4\framework\system\Boot.php(363): CodeIgniter\CodeIgniter->run()
#10 D:\Developer\singleFile\Nexus_SingleFile_BE\BE\vendor\codeigniter4\framework\system\Boot.php(68): CodeIgniter\Boot::runCodeIgniter(Object(CodeIgniter\CodeIgniter))
#11 D:\Developer\singleFile\Nexus_SingleFile_BE\BE\public\index.php(60): CodeIgniter\Boot::bootWeb(Object(Config\Paths))
#12 D:\Developer\singleFile\Nexus_SingleFile_BE\BE\vendor\codeigniter4\framework\system\rewrite.php(44): require_once('D:\\Developer\\si...')
#13 {main}
ERROR - 2026-03-01 07:15:25 --> Error en Analytics::getProcessStats: Unknown column 'process.RegistrationDate' in 'field list'
ERROR - 2026-03-01 07:15:25 --> Trace: #0 D:\Developer\singleFile\Nexus_SingleFile_BE\BE\vendor\codeigniter4\framework\system\Database\BaseBuilder.php(1649): CodeIgniter\Database\BaseConnection->query('SELECT DATE_FOR...', Array, false)
#1 D:\Developer\singleFile\Nexus_SingleFile_BE\BE\app\Controllers\Api\Analytics.php(272): CodeIgniter\Database\BaseBuilder->get()
#2 D:\Developer\singleFile\Nexus_SingleFile_BE\BE\app\Controllers\Api\Analytics.php(67): App\Controllers\Api\Analytics->getProcessStats(Array)
#3 D:\Developer\singleFile\Nexus_SingleFile_BE\BE\vendor\codeigniter4\framework\system\CodeIgniter.php(933): App\Controllers\Api\Analytics->getDashboardData()
#4 D:\Developer\singleFile\Nexus_SingleFile_BE\BE\vendor\codeigniter4\framework\system\CodeIgniter.php(507): CodeIgniter\CodeIgniter->runController(Object(App\Controllers\Api\Analytics))
#5 D:\Developer\singleFile\Nexus_SingleFile_BE\BE\vendor\codeigniter4\framework\system\CodeIgniter.php(354): CodeIgniter\CodeIgniter->handleRequest(NULL, Object(Config\Cache), false)
#6 D:\Developer\singleFile\Nexus_SingleFile_BE\BE\vendor\codeigniter4\framework\system\Boot.php(363): CodeIgniter\CodeIgniter->run()
#7 D:\Developer\singleFile\Nexus_SingleFile_BE\BE\vendor\codeigniter4\framework\system\Boot.php(68): CodeIgniter\Boot::runCodeIgniter(Object(CodeIgniter\CodeIgniter))
#8 D:\Developer\singleFile\Nexus_SingleFile_BE\BE\public\index.php(60): CodeIgniter\Boot::bootWeb(Object(Config\Paths))
#9 D:\Developer\singleFile\Nexus_SingleFile_BE\BE\vendor\codeigniter4\framework\system\rewrite.php(44): require_once('D:\\Developer\\si...')
#10 {main}
ERROR - 2026-03-01 07:15:29 --> mysqli_sql_exception: Cannot add or update a child row: a foreign key constraint fails (`nexfile`.`user_refresh_token`, CONSTRAINT `FK_user_refresh_token_IdLastUserUpdate` FOREIGN KEY (`id_last_user_update`) REFERENCES `user` (`id`) ON DELETE SET NULL ON UPDATE CASCADE) in D:\Developer\singleFile\Nexus_SingleFile_BE\BE\vendor\codeigniter4\framework\system\Database\MySQLi\Connection.php:327
Stack trace:
#0 D:\Developer\singleFile\Nexus_SingleFile_BE\BE\vendor\codeigniter4\framework\system\Database\MySQLi\Connection.php(327): mysqli->query('INSERT INTO `us...', 0)
#1 D:\Developer\singleFile\Nexus_SingleFile_BE\BE\vendor\codeigniter4\framework\system\Database\BaseConnection.php(729): CodeIgniter\Database\MySQLi\Connection->execute('INSERT INTO `us...')
#2 D:\Developer\singleFile\Nexus_SingleFile_BE\BE\vendor\codeigniter4\framework\system\Database\BaseConnection.php(646): CodeIgniter\Database\BaseConnection->simpleQuery('INSERT INTO `us...')
#3 D:\Developer\singleFile\Nexus_SingleFile_BE\BE\vendor\codeigniter4\framework\system\Database\BaseBuilder.php(2345): CodeIgniter\Database\BaseConnection->query('INSERT INTO `us...', Array, false)
#4 D:\Developer\singleFile\Nexus_SingleFile_BE\BE\app\Models\AuthModel.php(223): CodeIgniter\Database\BaseBuilder->insert(Array)
#5 D:\Developer\singleFile\Nexus_SingleFile_BE\BE\app\Models\AuthModel.php(92): App\Models\AuthModel->saveRefreshToken('1', 'eyJ0eXAiOiJKV1Q...')
#6 D:\Developer\singleFile\Nexus_SingleFile_BE\BE\app\Controllers\Api\Auth.php(41): App\Models\AuthModel->authenticate('admin@nexusqtec...', 'admin123')
#7 D:\Developer\singleFile\Nexus_SingleFile_BE\BE\vendor\codeigniter4\framework\system\CodeIgniter.php(933): App\Controllers\Api\Auth->login()
#8 D:\Developer\singleFile\Nexus_SingleFile_BE\BE\vendor\codeigniter4\framework\system\CodeIgniter.php(507): CodeIgniter\CodeIgniter->runController(Object(App\Controllers\Api\Auth))
#9 D:\Developer\singleFile\Nexus_SingleFile_BE\BE\vendor\codeigniter4\framework\system\CodeIgniter.php(354): CodeIgniter\CodeIgniter->handleRequest(NULL, Object(Config\Cache), false)
#10 D:\Developer\singleFile\Nexus_SingleFile_BE\BE\vendor\codeigniter4\framework\system\Boot.php(363): CodeIgniter\CodeIgniter->run()
#11 D:\Developer\singleFile\Nexus_SingleFile_BE\BE\vendor\codeigniter4\framework\system\Boot.php(68): CodeIgniter\Boot::runCodeIgniter(Object(CodeIgniter\CodeIgniter))
#12 D:\Developer\singleFile\Nexus_SingleFile_BE\BE\public\index.php(60): CodeIgniter\Boot::bootWeb(Object(Config\Paths))
#13 D:\Developer\singleFile\Nexus_SingleFile_BE\BE\vendor\codeigniter4\framework\system\rewrite.php(44): require_once('D:\\Developer\\si...')
#14 {main}
ERROR - 2026-03-01 07:15:29 --> Error guardando refresh token: Cannot add or update a child row: a foreign key constraint fails (`nexfile`.`user_refresh_token`, CONSTRAINT `FK_user_refresh_token_IdLastUserUpdate` FOREIGN KEY (`id_last_user_update`) REFERENCES `user` (`id`) ON DELETE SET NULL ON UPDATE CASCADE)
ERROR - 2026-03-01 07:15:34 --> mysqli_sql_exception: Cannot add or update a child row: a foreign key constraint fails (`nexfile`.`user_refresh_token`, CONSTRAINT `FK_user_refresh_token_IdLastUserUpdate` FOREIGN KEY (`id_last_user_update`) REFERENCES `user` (`id`) ON DELETE SET NULL ON UPDATE CASCADE) in D:\Developer\singleFile\Nexus_SingleFile_BE\BE\vendor\codeigniter4\framework\system\Database\MySQLi\Connection.php:327
Stack trace:
#0 D:\Developer\singleFile\Nexus_SingleFile_BE\BE\vendor\codeigniter4\framework\system\Database\MySQLi\Connection.php(327): mysqli->query('INSERT INTO `us...', 0)
#1 D:\Developer\singleFile\Nexus_SingleFile_BE\BE\vendor\codeigniter4\framework\system\Database\BaseConnection.php(729): CodeIgniter\Database\MySQLi\Connection->execute('INSERT INTO `us...')
#2 D:\Developer\singleFile\Nexus_SingleFile_BE\BE\vendor\codeigniter4\framework\system\Database\BaseConnection.php(646): CodeIgniter\Database\BaseConnection->simpleQuery('INSERT INTO `us...')
#3 D:\Developer\singleFile\Nexus_SingleFile_BE\BE\vendor\codeigniter4\framework\system\Database\BaseBuilder.php(2345): CodeIgniter\Database\BaseConnection->query('INSERT INTO `us...', Array, false)
#4 D:\Developer\singleFile\Nexus_SingleFile_BE\BE\app\Models\AuthModel.php(223): CodeIgniter\Database\BaseBuilder->insert(Array)
#5 D:\Developer\singleFile\Nexus_SingleFile_BE\BE\app\Models\AuthModel.php(92): App\Models\AuthModel->saveRefreshToken('1', 'eyJ0eXAiOiJKV1Q...')
#6 D:\Developer\singleFile\Nexus_SingleFile_BE\BE\app\Controllers\Api\Auth.php(41): App\Models\AuthModel->authenticate('admin@nexusqtec...', 'admin123')
#7 D:\Developer\singleFile\Nexus_SingleFile_BE\BE\vendor\codeigniter4\framework\system\CodeIgniter.php(933): App\Controllers\Api\Auth->login()
#8 D:\Developer\singleFile\Nexus_SingleFile_BE\BE\vendor\codeigniter4\framework\system\CodeIgniter.php(507): CodeIgniter\CodeIgniter->runController(Object(App\Controllers\Api\Auth))
#9 D:\Developer\singleFile\Nexus_SingleFile_BE\BE\vendor\codeigniter4\framework\system\CodeIgniter.php(354): CodeIgniter\CodeIgniter->handleRequest(NULL, Object(Config\Cache), false)
#10 D:\Developer\singleFile\Nexus_SingleFile_BE\BE\vendor\codeigniter4\framework\system\Boot.php(363): CodeIgniter\CodeIgniter->run()
#11 D:\Developer\singleFile\Nexus_SingleFile_BE\BE\vendor\codeigniter4\framework\system\Boot.php(68): CodeIgniter\Boot::runCodeIgniter(Object(CodeIgniter\CodeIgniter))
#12 D:\Developer\singleFile\Nexus_SingleFile_BE\BE\public\index.php(60): CodeIgniter\Boot::bootWeb(Object(Config\Paths))
#13 D:\Developer\singleFile\Nexus_SingleFile_BE\BE\vendor\codeigniter4\framework\system\rewrite.php(44): require_once('D:\\Developer\\si...')
#14 {main}
ERROR - 2026-03-01 07:15:34 --> Error guardando refresh token: Cannot add or update a child row: a foreign key constraint fails (`nexfile`.`user_refresh_token`, CONSTRAINT `FK_user_refresh_token_IdLastUserUpdate` FOREIGN KEY (`id_last_user_update`) REFERENCES `user` (`id`) ON DELETE SET NULL ON UPDATE CASCADE)
ERROR - 2026-03-01 07:15:36 --> mysqli_sql_exception: Cannot add or update a child row: a foreign key constraint fails (`nexfile`.`user_refresh_token`, CONSTRAINT `FK_user_refresh_token_IdLastUserUpdate` FOREIGN KEY (`id_last_user_update`) REFERENCES `user` (`id`) ON DELETE SET NULL ON UPDATE CASCADE) in D:\Developer\singleFile\Nexus_SingleFile_BE\BE\vendor\codeigniter4\framework\system\Database\MySQLi\Connection.php:327
Stack trace:
#0 D:\Developer\singleFile\Nexus_SingleFile_BE\BE\vendor\codeigniter4\framework\system\Database\MySQLi\Connection.php(327): mysqli->query('INSERT INTO `us...', 0)
#1 D:\Developer\singleFile\Nexus_SingleFile_BE\BE\vendor\codeigniter4\framework\system\Database\BaseConnection.php(729): CodeIgniter\Database\MySQLi\Connection->execute('INSERT INTO `us...')
#2 D:\Developer\singleFile\Nexus_SingleFile_BE\BE\vendor\codeigniter4\framework\system\Database\BaseConnection.php(646): CodeIgniter\Database\BaseConnection->simpleQuery('INSERT INTO `us...')
#3 D:\Developer\singleFile\Nexus_SingleFile_BE\BE\vendor\codeigniter4\framework\system\Database\BaseBuilder.php(2345): CodeIgniter\Database\BaseConnection->query('INSERT INTO `us...', Array, false)
#4 D:\Developer\singleFile\Nexus_SingleFile_BE\BE\app\Models\AuthModel.php(223): CodeIgniter\Database\BaseBuilder->insert(Array)
#5 D:\Developer\singleFile\Nexus_SingleFile_BE\BE\app\Models\AuthModel.php(92): App\Models\AuthModel->saveRefreshToken('1', 'eyJ0eXAiOiJKV1Q...')
#6 D:\Developer\singleFile\Nexus_SingleFile_BE\BE\app\Controllers\Api\Auth.php(41): App\Models\AuthModel->authenticate('admin@nexusqtec...', 'admin123')
#7 D:\Developer\singleFile\Nexus_SingleFile_BE\BE\vendor\codeigniter4\framework\system\CodeIgniter.php(933): App\Controllers\Api\Auth->login()
#8 D:\Developer\singleFile\Nexus_SingleFile_BE\BE\vendor\codeigniter4\framework\system\CodeIgniter.php(507): CodeIgniter\CodeIgniter->runController(Object(App\Controllers\Api\Auth))
#9 D:\Developer\singleFile\Nexus_SingleFile_BE\BE\vendor\codeigniter4\framework\system\CodeIgniter.php(354): CodeIgniter\CodeIgniter->handleRequest(NULL, Object(Config\Cache), false)
#10 D:\Developer\singleFile\Nexus_SingleFile_BE\BE\vendor\codeigniter4\framework\system\Boot.php(363): CodeIgniter\CodeIgniter->run()
#11 D:\Developer\singleFile\Nexus_SingleFile_BE\BE\vendor\codeigniter4\framework\system\Boot.php(68): CodeIgniter\Boot::runCodeIgniter(Object(CodeIgniter\CodeIgniter))
#12 D:\Developer\singleFile\Nexus_SingleFile_BE\BE\public\index.php(60): CodeIgniter\Boot::bootWeb(Object(Config\Paths))
#13 D:\Developer\singleFile\Nexus_SingleFile_BE\BE\vendor\codeigniter4\framework\system\rewrite.php(44): require_once('D:\\Developer\\si...')
#14 {main}
ERROR - 2026-03-01 07:15:36 --> Error guardando refresh token: Cannot add or update a child row: a foreign key constraint fails (`nexfile`.`user_refresh_token`, CONSTRAINT `FK_user_refresh_token_IdLastUserUpdate` FOREIGN KEY (`id_last_user_update`) REFERENCES `user` (`id`) ON DELETE SET NULL ON UPDATE CASCADE)
ERROR - 2026-03-01 07:15:43 --> mysqli_sql_exception: Cannot add or update a child row: a foreign key constraint fails (`nexfile`.`user_refresh_token`, CONSTRAINT `FK_user_refresh_token_IdLastUserUpdate` FOREIGN KEY (`id_last_user_update`) REFERENCES `user` (`id`) ON DELETE SET NULL ON UPDATE CASCADE) in D:\Developer\singleFile\Nexus_SingleFile_BE\BE\vendor\codeigniter4\framework\system\Database\MySQLi\Connection.php:327
Stack trace:
#0 D:\Developer\singleFile\Nexus_SingleFile_BE\BE\vendor\codeigniter4\framework\system\Database\MySQLi\Connection.php(327): mysqli->query('INSERT INTO `us...', 0)
#1 D:\Developer\singleFile\Nexus_SingleFile_BE\BE\vendor\codeigniter4\framework\system\Database\BaseConnection.php(729): CodeIgniter\Database\MySQLi\Connection->execute('INSERT INTO `us...')
#2 D:\Developer\singleFile\Nexus_SingleFile_BE\BE\vendor\codeigniter4\framework\system\Database\BaseConnection.php(646): CodeIgniter\Database\BaseConnection->simpleQuery('INSERT INTO `us...')
#3 D:\Developer\singleFile\Nexus_SingleFile_BE\BE\vendor\codeigniter4\framework\system\Database\BaseBuilder.php(2345): CodeIgniter\Database\BaseConnection->query('INSERT INTO `us...', Array, false)
#4 D:\Developer\singleFile\Nexus_SingleFile_BE\BE\app\Models\AuthModel.php(223): CodeIgniter\Database\BaseBuilder->insert(Array)
#5 D:\Developer\singleFile\Nexus_SingleFile_BE\BE\app\Models\AuthModel.php(92): App\Models\AuthModel->saveRefreshToken('1', 'eyJ0eXAiOiJKV1Q...')
#6 D:\Developer\singleFile\Nexus_SingleFile_BE\BE\app\Controllers\Api\Auth.php(41): App\Models\AuthModel->authenticate('admin@nexusqtec...', 'admin123')
#7 D:\Developer\singleFile\Nexus_SingleFile_BE\BE\vendor\codeigniter4\framework\system\CodeIgniter.php(933): App\Controllers\Api\Auth->login()
#8 D:\Developer\singleFile\Nexus_SingleFile_BE\BE\vendor\codeigniter4\framework\system\CodeIgniter.php(507): CodeIgniter\CodeIgniter->runController(Object(App\Controllers\Api\Auth))
#9 D:\Developer\singleFile\Nexus_SingleFile_BE\BE\vendor\codeigniter4\framework\system\CodeIgniter.php(354): CodeIgniter\CodeIgniter->handleRequest(NULL, Object(Config\Cache), false)
#10 D:\Developer\singleFile\Nexus_SingleFile_BE\BE\vendor\codeigniter4\framework\system\Boot.php(363): CodeIgniter\CodeIgniter->run()
#11 D:\Developer\singleFile\Nexus_SingleFile_BE\BE\vendor\codeigniter4\framework\system\Boot.php(68): CodeIgniter\Boot::runCodeIgniter(Object(CodeIgniter\CodeIgniter))
#12 D:\Developer\singleFile\Nexus_SingleFile_BE\BE\public\index.php(60): CodeIgniter\Boot::bootWeb(Object(Config\Paths))
#13 D:\Developer\singleFile\Nexus_SingleFile_BE\BE\vendor\codeigniter4\framework\system\rewrite.php(44): require_once('D:\\Developer\\si...')
#14 {main}
ERROR - 2026-03-01 07:15:43 --> Error guardando refresh token: Cannot add or update a child row: a foreign key constraint fails (`nexfile`.`user_refresh_token`, CONSTRAINT `FK_user_refresh_token_IdLastUserUpdate` FOREIGN KEY (`id_last_user_update`) REFERENCES `user` (`id`) ON DELETE SET NULL ON UPDATE CASCADE)
ERROR - 2026-03-01 07:15:45 --> mysqli_sql_exception: Cannot add or update a child row: a foreign key constraint fails (`nexfile`.`user_refresh_token`, CONSTRAINT `FK_user_refresh_token_IdLastUserUpdate` FOREIGN KEY (`id_last_user_update`) REFERENCES `user` (`id`) ON DELETE SET NULL ON UPDATE CASCADE) in D:\Developer\singleFile\Nexus_SingleFile_BE\BE\vendor\codeigniter4\framework\system\Database\MySQLi\Connection.php:327
Stack trace:
#0 D:\Developer\singleFile\Nexus_SingleFile_BE\BE\vendor\codeigniter4\framework\system\Database\MySQLi\Connection.php(327): mysqli->query('INSERT INTO `us...', 0)
#1 D:\Developer\singleFile\Nexus_SingleFile_BE\BE\vendor\codeigniter4\framework\system\Database\BaseConnection.php(729): CodeIgniter\Database\MySQLi\Connection->execute('INSERT INTO `us...')
#2 D:\Developer\singleFile\Nexus_SingleFile_BE\BE\vendor\codeigniter4\framework\system\Database\BaseConnection.php(646): CodeIgniter\Database\BaseConnection->simpleQuery('INSERT INTO `us...')
#3 D:\Developer\singleFile\Nexus_SingleFile_BE\BE\vendor\codeigniter4\framework\system\Database\BaseBuilder.php(2345): CodeIgniter\Database\BaseConnection->query('INSERT INTO `us...', Array, false)
#4 D:\Developer\singleFile\Nexus_SingleFile_BE\BE\app\Models\AuthModel.php(223): CodeIgniter\Database\BaseBuilder->insert(Array)
#5 D:\Developer\singleFile\Nexus_SingleFile_BE\BE\app\Models\AuthModel.php(92): App\Models\AuthModel->saveRefreshToken('1', 'eyJ0eXAiOiJKV1Q...')
#6 D:\Developer\singleFile\Nexus_SingleFile_BE\BE\app\Controllers\Api\Auth.php(41): App\Models\AuthModel->authenticate('admin@nexusqtec...', 'admin123')
#7 D:\Developer\singleFile\Nexus_SingleFile_BE\BE\vendor\codeigniter4\framework\system\CodeIgniter.php(933): App\Controllers\Api\Auth->login()
#8 D:\Developer\singleFile\Nexus_SingleFile_BE\BE\vendor\codeigniter4\framework\system\CodeIgniter.php(507): CodeIgniter\CodeIgniter->runController(Object(App\Controllers\Api\Auth))
#9 D:\Developer\singleFile\Nexus_SingleFile_BE\BE\vendor\codeigniter4\framework\system\CodeIgniter.php(354): CodeIgniter\CodeIgniter->handleRequest(NULL, Object(Config\Cache), false)
#10 D:\Developer\singleFile\Nexus_SingleFile_BE\BE\vendor\codeigniter4\framework\system\Boot.php(363): CodeIgniter\CodeIgniter->run()
#11 D:\Developer\singleFile\Nexus_SingleFile_BE\BE\vendor\codeigniter4\framework\system\Boot.php(68): CodeIgniter\Boot::runCodeIgniter(Object(CodeIgniter\CodeIgniter))
#12 D:\Developer\singleFile\Nexus_SingleFile_BE\BE\public\index.php(60): CodeIgniter\Boot::bootWeb(Object(Config\Paths))
#13 D:\Developer\singleFile\Nexus_SingleFile_BE\BE\vendor\codeigniter4\framework\system\rewrite.php(44): require_once('D:\\Developer\\si...')
#14 {main}
ERROR - 2026-03-01 07:15:45 --> Error guardando refresh token: Cannot add or update a child row: a foreign key constraint fails (`nexfile`.`user_refresh_token`, CONSTRAINT `FK_user_refresh_token_IdLastUserUpdate` FOREIGN KEY (`id_last_user_update`) REFERENCES `user` (`id`) ON DELETE SET NULL ON UPDATE CASCADE)
ERROR - 2026-03-01 07:16:12 --> mysqli_sql_exception: Cannot add or update a child row: a foreign key constraint fails (`nexfile`.`user_refresh_token`, CONSTRAINT `FK_user_refresh_token_IdLastUserUpdate` FOREIGN KEY (`id_last_user_update`) REFERENCES `user` (`id`) ON DELETE SET NULL ON UPDATE CASCADE) in D:\Developer\singleFile\Nexus_SingleFile_BE\BE\vendor\codeigniter4\framework\system\Database\MySQLi\Connection.php:327
Stack trace:
#0 D:\Developer\singleFile\Nexus_SingleFile_BE\BE\vendor\codeigniter4\framework\system\Database\MySQLi\Connection.php(327): mysqli->query('INSERT INTO `us...', 0)
#1 D:\Developer\singleFile\Nexus_SingleFile_BE\BE\vendor\codeigniter4\framework\system\Database\BaseConnection.php(729): CodeIgniter\Database\MySQLi\Connection->execute('INSERT INTO `us...')
#2 D:\Developer\singleFile\Nexus_SingleFile_BE\BE\vendor\codeigniter4\framework\system\Database\BaseConnection.php(646): CodeIgniter\Database\BaseConnection->simpleQuery('INSERT INTO `us...')
#3 D:\Developer\singleFile\Nexus_SingleFile_BE\BE\vendor\codeigniter4\framework\system\Database\BaseBuilder.php(2345): CodeIgniter\Database\BaseConnection->query('INSERT INTO `us...', Array, false)
#4 D:\Developer\singleFile\Nexus_SingleFile_BE\BE\app\Models\AuthModel.php(223): CodeIgniter\Database\BaseBuilder->insert(Array)
#5 D:\Developer\singleFile\Nexus_SingleFile_BE\BE\app\Models\AuthModel.php(92): App\Models\AuthModel->saveRefreshToken('1', 'eyJ0eXAiOiJKV1Q...')
#6 D:\Developer\singleFile\Nexus_SingleFile_BE\BE\app\Controllers\Api\Auth.php(41): App\Models\AuthModel->authenticate('admin@nexusqtec...', 'admin123')
#7 D:\Developer\singleFile\Nexus_SingleFile_BE\BE\vendor\codeigniter4\framework\system\CodeIgniter.php(933): App\Controllers\Api\Auth->login()
#8 D:\Developer\singleFile\Nexus_SingleFile_BE\BE\vendor\codeigniter4\framework\system\CodeIgniter.php(507): CodeIgniter\CodeIgniter->runController(Object(App\Controllers\Api\Auth))
#9 D:\Developer\singleFile\Nexus_SingleFile_BE\BE\vendor\codeigniter4\framework\system\CodeIgniter.php(354): CodeIgniter\CodeIgniter->handleRequest(NULL, Object(Config\Cache), false)
#10 D:\Developer\singleFile\Nexus_SingleFile_BE\BE\vendor\codeigniter4\framework\system\Boot.php(363): CodeIgniter\CodeIgniter->run()
#11 D:\Developer\singleFile\Nexus_SingleFile_BE\BE\vendor\codeigniter4\framework\system\Boot.php(68): CodeIgniter\Boot::runCodeIgniter(Object(CodeIgniter\CodeIgniter))
#12 D:\Developer\singleFile\Nexus_SingleFile_BE\BE\public\index.php(60): CodeIgniter\Boot::bootWeb(Object(Config\Paths))
#13 D:\Developer\singleFile\Nexus_SingleFile_BE\BE\vendor\codeigniter4\framework\system\rewrite.php(44): require_once('D:\\Developer\\si...')
#14 {main}
ERROR - 2026-03-01 07:16:12 --> Error guardando refresh token: Cannot add or update a child row: a foreign key constraint fails (`nexfile`.`user_refresh_token`, CONSTRAINT `FK_user_refresh_token_IdLastUserUpdate` FOREIGN KEY (`id_last_user_update`) REFERENCES `user` (`id`) ON DELETE SET NULL ON UPDATE CASCADE)
ERROR - 2026-03-01 07:16:14 --> mysqli_sql_exception: Cannot add or update a child row: a foreign key constraint fails (`nexfile`.`user_refresh_token`, CONSTRAINT `FK_user_refresh_token_IdLastUserUpdate` FOREIGN KEY (`id_last_user_update`) REFERENCES `user` (`id`) ON DELETE SET NULL ON UPDATE CASCADE) in D:\Developer\singleFile\Nexus_SingleFile_BE\BE\vendor\codeigniter4\framework\system\Database\MySQLi\Connection.php:327
Stack trace:
#0 D:\Developer\singleFile\Nexus_SingleFile_BE\BE\vendor\codeigniter4\framework\system\Database\MySQLi\Connection.php(327): mysqli->query('INSERT INTO `us...', 0)
#1 D:\Developer\singleFile\Nexus_SingleFile_BE\BE\vendor\codeigniter4\framework\system\Database\BaseConnection.php(729): CodeIgniter\Database\MySQLi\Connection->execute('INSERT INTO `us...')
#2 D:\Developer\singleFile\Nexus_SingleFile_BE\BE\vendor\codeigniter4\framework\system\Database\BaseConnection.php(646): CodeIgniter\Database\BaseConnection->simpleQuery('INSERT INTO `us...')
#3 D:\Developer\singleFile\Nexus_SingleFile_BE\BE\vendor\codeigniter4\framework\system\Database\BaseBuilder.php(2345): CodeIgniter\Database\BaseConnection->query('INSERT INTO `us...', Array, false)
#4 D:\Developer\singleFile\Nexus_SingleFile_BE\BE\app\Models\AuthModel.php(223): CodeIgniter\Database\BaseBuilder->insert(Array)
#5 D:\Developer\singleFile\Nexus_SingleFile_BE\BE\app\Models\AuthModel.php(92): App\Models\AuthModel->saveRefreshToken('1', 'eyJ0eXAiOiJKV1Q...')
#6 D:\Developer\singleFile\Nexus_SingleFile_BE\BE\app\Controllers\Api\Auth.php(41): App\Models\AuthModel->authenticate('admin@nexusqtec...', 'admin123')
#7 D:\Developer\singleFile\Nexus_SingleFile_BE\BE\vendor\codeigniter4\framework\system\CodeIgniter.php(933): App\Controllers\Api\Auth->login()
#8 D:\Developer\singleFile\Nexus_SingleFile_BE\BE\vendor\codeigniter4\framework\system\CodeIgniter.php(507): CodeIgniter\CodeIgniter->runController(Object(App\Controllers\Api\Auth))
#9 D:\Developer\singleFile\Nexus_SingleFile_BE\BE\vendor\codeigniter4\framework\system\CodeIgniter.php(354): CodeIgniter\CodeIgniter->handleRequest(NULL, Object(Config\Cache), false)
#10 D:\Developer\singleFile\Nexus_SingleFile_BE\BE\vendor\codeigniter4\framework\system\Boot.php(363): CodeIgniter\CodeIgniter->run()
#11 D:\Developer\singleFile\Nexus_SingleFile_BE\BE\vendor\codeigniter4\framework\system\Boot.php(68): CodeIgniter\Boot::runCodeIgniter(Object(CodeIgniter\CodeIgniter))
#12 D:\Developer\singleFile\Nexus_SingleFile_BE\BE\public\index.php(60): CodeIgniter\Boot::bootWeb(Object(Config\Paths))
#13 D:\Developer\singleFile\Nexus_SingleFile_BE\BE\vendor\codeigniter4\framework\system\rewrite.php(44): require_once('D:\\Developer\\si...')
#14 {main}
ERROR - 2026-03-01 07:16:14 --> Error guardando refresh token: Cannot add or update a child row: a foreign key constraint fails (`nexfile`.`user_refresh_token`, CONSTRAINT `FK_user_refresh_token_IdLastUserUpdate` FOREIGN KEY (`id_last_user_update`) REFERENCES `user` (`id`) ON DELETE SET NULL ON UPDATE CASCADE)
ERROR - 2026-03-01 07:16:22 --> mysqli_sql_exception: Cannot add or update a child row: a foreign key constraint fails (`nexfile`.`user_refresh_token`, CONSTRAINT `FK_user_refresh_token_IdLastUserUpdate` FOREIGN KEY (`id_last_user_update`) REFERENCES `user` (`id`) ON DELETE SET NULL ON UPDATE CASCADE) in D:\Developer\singleFile\Nexus_SingleFile_BE\BE\vendor\codeigniter4\framework\system\Database\MySQLi\Connection.php:327
Stack trace:
#0 D:\Developer\singleFile\Nexus_SingleFile_BE\BE\vendor\codeigniter4\framework\system\Database\MySQLi\Connection.php(327): mysqli->query('INSERT INTO `us...', 0)
#1 D:\Developer\singleFile\Nexus_SingleFile_BE\BE\vendor\codeigniter4\framework\system\Database\BaseConnection.php(729): CodeIgniter\Database\MySQLi\Connection->execute('INSERT INTO `us...')
#2 D:\Developer\singleFile\Nexus_SingleFile_BE\BE\vendor\codeigniter4\framework\system\Database\BaseConnection.php(646): CodeIgniter\Database\BaseConnection->simpleQuery('INSERT INTO `us...')
#3 D:\Developer\singleFile\Nexus_SingleFile_BE\BE\vendor\codeigniter4\framework\system\Database\BaseBuilder.php(2345): CodeIgniter\Database\BaseConnection->query('INSERT INTO `us...', Array, false)
#4 D:\Developer\singleFile\Nexus_SingleFile_BE\BE\app\Models\AuthModel.php(223): CodeIgniter\Database\BaseBuilder->insert(Array)
#5 D:\Developer\singleFile\Nexus_SingleFile_BE\BE\app\Models\AuthModel.php(92): App\Models\AuthModel->saveRefreshToken('1', 'eyJ0eXAiOiJKV1Q...')
#6 D:\Developer\singleFile\Nexus_SingleFile_BE\BE\app\Controllers\Api\Auth.php(41): App\Models\AuthModel->authenticate('admin@nexusqtec...', 'admin123')
#7 D:\Developer\singleFile\Nexus_SingleFile_BE\BE\vendor\codeigniter4\framework\system\CodeIgniter.php(933): App\Controllers\Api\Auth->login()
#8 D:\Developer\singleFile\Nexus_SingleFile_BE\BE\vendor\codeigniter4\framework\system\CodeIgniter.php(507): CodeIgniter\CodeIgniter->runController(Object(App\Controllers\Api\Auth))
#9 D:\Developer\singleFile\Nexus_SingleFile_BE\BE\vendor\codeigniter4\framework\system\CodeIgniter.php(354): CodeIgniter\CodeIgniter->handleRequest(NULL, Object(Config\Cache), false)
#10 D:\Developer\singleFile\Nexus_SingleFile_BE\BE\vendor\codeigniter4\framework\system\Boot.php(363): CodeIgniter\CodeIgniter->run()
#11 D:\Developer\singleFile\Nexus_SingleFile_BE\BE\vendor\codeigniter4\framework\system\Boot.php(68): CodeIgniter\Boot::runCodeIgniter(Object(CodeIgniter\CodeIgniter))
#12 D:\Developer\singleFile\Nexus_SingleFile_BE\BE\public\index.php(60): CodeIgniter\Boot::bootWeb(Object(Config\Paths))
#13 D:\Developer\singleFile\Nexus_SingleFile_BE\BE\vendor\codeigniter4\framework\system\rewrite.php(44): require_once('D:\\Developer\\si...')
#14 {main}
ERROR - 2026-03-01 07:16:22 --> Error guardando refresh token: Cannot add or update a child row: a foreign key constraint fails (`nexfile`.`user_refresh_token`, CONSTRAINT `FK_user_refresh_token_IdLastUserUpdate` FOREIGN KEY (`id_last_user_update`) REFERENCES `user` (`id`) ON DELETE SET NULL ON UPDATE CASCADE)
ERROR - 2026-03-01 07:16:27 --> mysqli_sql_exception: Cannot add or update a child row: a foreign key constraint fails (`nexfile`.`user_refresh_token`, CONSTRAINT `FK_user_refresh_token_IdLastUserUpdate` FOREIGN KEY (`id_last_user_update`) REFERENCES `user` (`id`) ON DELETE SET NULL ON UPDATE CASCADE) in D:\Developer\singleFile\Nexus_SingleFile_BE\BE\vendor\codeigniter4\framework\system\Database\MySQLi\Connection.php:327
Stack trace:
#0 D:\Developer\singleFile\Nexus_SingleFile_BE\BE\vendor\codeigniter4\framework\system\Database\MySQLi\Connection.php(327): mysqli->query('INSERT INTO `us...', 0)
#1 D:\Developer\singleFile\Nexus_SingleFile_BE\BE\vendor\codeigniter4\framework\system\Database\BaseConnection.php(729): CodeIgniter\Database\MySQLi\Connection->execute('INSERT INTO `us...')
#2 D:\Developer\singleFile\Nexus_SingleFile_BE\BE\vendor\codeigniter4\framework\system\Database\BaseConnection.php(646): CodeIgniter\Database\BaseConnection->simpleQuery('INSERT INTO `us...')
#3 D:\Developer\singleFile\Nexus_SingleFile_BE\BE\vendor\codeigniter4\framework\system\Database\BaseBuilder.php(2345): CodeIgniter\Database\BaseConnection->query('INSERT INTO `us...', Array, false)
#4 D:\Developer\singleFile\Nexus_SingleFile_BE\BE\app\Models\AuthModel.php(223): CodeIgniter\Database\BaseBuilder->insert(Array)
#5 D:\Developer\singleFile\Nexus_SingleFile_BE\BE\app\Models\AuthModel.php(92): App\Models\AuthModel->saveRefreshToken('1', 'eyJ0eXAiOiJKV1Q...')
#6 D:\Developer\singleFile\Nexus_SingleFile_BE\BE\app\Controllers\Api\Auth.php(41): App\Models\AuthModel->authenticate('admin@nexusqtec...', 'admin123')
#7 D:\Developer\singleFile\Nexus_SingleFile_BE\BE\vendor\codeigniter4\framework\system\CodeIgniter.php(933): App\Controllers\Api\Auth->login()
#8 D:\Developer\singleFile\Nexus_SingleFile_BE\BE\vendor\codeigniter4\framework\system\CodeIgniter.php(507): CodeIgniter\CodeIgniter->runController(Object(App\Controllers\Api\Auth))
#9 D:\Developer\singleFile\Nexus_SingleFile_BE\BE\vendor\codeigniter4\framework\system\CodeIgniter.php(354): CodeIgniter\CodeIgniter->handleRequest(NULL, Object(Config\Cache), false)
#10 D:\Developer\singleFile\Nexus_SingleFile_BE\BE\vendor\codeigniter4\framework\system\Boot.php(363): CodeIgniter\CodeIgniter->run()
#11 D:\Developer\singleFile\Nexus_SingleFile_BE\BE\vendor\codeigniter4\framework\system\Boot.php(68): CodeIgniter\Boot::runCodeIgniter(Object(CodeIgniter\CodeIgniter))
#12 D:\Developer\singleFile\Nexus_SingleFile_BE\BE\public\index.php(60): CodeIgniter\Boot::bootWeb(Object(Config\Paths))
#13 D:\Developer\singleFile\Nexus_SingleFile_BE\BE\vendor\codeigniter4\framework\system\rewrite.php(44): require_once('D:\\Developer\\si...')
#14 {main}
ERROR - 2026-03-01 07:16:27 --> Error guardando refresh token: Cannot add or update a child row: a foreign key constraint fails (`nexfile`.`user_refresh_token`, CONSTRAINT `FK_user_refresh_token_IdLastUserUpdate` FOREIGN KEY (`id_last_user_update`) REFERENCES `user` (`id`) ON DELETE SET NULL ON UPDATE CASCADE)
ERROR - 2026-03-01 07:16:36 --> mysqli_sql_exception: Cannot add or update a child row: a foreign key constraint fails (`nexfile`.`user_refresh_token`, CONSTRAINT `FK_user_refresh_token_IdLastUserUpdate` FOREIGN KEY (`id_last_user_update`) REFERENCES `user` (`id`) ON DELETE SET NULL ON UPDATE CASCADE) in D:\Developer\singleFile\Nexus_SingleFile_BE\BE\vendor\codeigniter4\framework\system\Database\MySQLi\Connection.php:327
Stack trace:
#0 D:\Developer\singleFile\Nexus_SingleFile_BE\BE\vendor\codeigniter4\framework\system\Database\MySQLi\Connection.php(327): mysqli->query('INSERT INTO `us...', 0)
#1 D:\Developer\singleFile\Nexus_SingleFile_BE\BE\vendor\codeigniter4\framework\system\Database\BaseConnection.php(729): CodeIgniter\Database\MySQLi\Connection->execute('INSERT INTO `us...')
#2 D:\Developer\singleFile\Nexus_SingleFile_BE\BE\vendor\codeigniter4\framework\system\Database\BaseConnection.php(646): CodeIgniter\Database\BaseConnection->simpleQuery('INSERT INTO `us...')
#3 D:\Developer\singleFile\Nexus_SingleFile_BE\BE\vendor\codeigniter4\framework\system\Database\BaseBuilder.php(2345): CodeIgniter\Database\BaseConnection->query('INSERT INTO `us...', Array, false)
#4 D:\Developer\singleFile\Nexus_SingleFile_BE\BE\app\Models\AuthModel.php(223): CodeIgniter\Database\BaseBuilder->insert(Array)
#5 D:\Developer\singleFile\Nexus_SingleFile_BE\BE\app\Models\AuthModel.php(92): App\Models\AuthModel->saveRefreshToken('1', 'eyJ0eXAiOiJKV1Q...')
#6 D:\Developer\singleFile\Nexus_SingleFile_BE\BE\app\Controllers\Api\Auth.php(41): App\Models\AuthModel->authenticate('admin@nexusqtec...', 'admin123')
#7 D:\Developer\singleFile\Nexus_SingleFile_BE\BE\vendor\codeigniter4\framework\system\CodeIgniter.php(933): App\Controllers\Api\Auth->login()
#8 D:\Developer\singleFile\Nexus_SingleFile_BE\BE\vendor\codeigniter4\framework\system\CodeIgniter.php(507): CodeIgniter\CodeIgniter->runController(Object(App\Controllers\Api\Auth))
#9 D:\Developer\singleFile\Nexus_SingleFile_BE\BE\vendor\codeigniter4\framework\system\CodeIgniter.php(354): CodeIgniter\CodeIgniter->handleRequest(NULL, Object(Config\Cache), false)
#10 D:\Developer\singleFile\Nexus_SingleFile_BE\BE\vendor\codeigniter4\framework\system\Boot.php(363): CodeIgniter\CodeIgniter->run()
#11 D:\Developer\singleFile\Nexus_SingleFile_BE\BE\vendor\codeigniter4\framework\system\Boot.php(68): CodeIgniter\Boot::runCodeIgniter(Object(CodeIgniter\CodeIgniter))
#12 D:\Developer\singleFile\Nexus_SingleFile_BE\BE\public\index.php(60): CodeIgniter\Boot::bootWeb(Object(Config\Paths))
#13 D:\Developer\singleFile\Nexus_SingleFile_BE\BE\vendor\codeigniter4\framework\system\rewrite.php(44): require_once('D:\\Developer\\si...')
#14 {main}
ERROR - 2026-03-01 07:16:36 --> Error guardando refresh token: Cannot add or update a child row: a foreign key constraint fails (`nexfile`.`user_refresh_token`, CONSTRAINT `FK_user_refresh_token_IdLastUserUpdate` FOREIGN KEY (`id_last_user_update`) REFERENCES `user` (`id`) ON DELETE SET NULL ON UPDATE CASCADE)
ERROR - 2026-03-01 07:16:41 --> mysqli_sql_exception: Cannot add or update a child row: a foreign key constraint fails (`nexfile`.`user_refresh_token`, CONSTRAINT `FK_user_refresh_token_IdLastUserUpdate` FOREIGN KEY (`id_last_user_update`) REFERENCES `user` (`id`) ON DELETE SET NULL ON UPDATE CASCADE) in D:\Developer\singleFile\Nexus_SingleFile_BE\BE\vendor\codeigniter4\framework\system\Database\MySQLi\Connection.php:327
Stack trace:
#0 D:\Developer\singleFile\Nexus_SingleFile_BE\BE\vendor\codeigniter4\framework\system\Database\MySQLi\Connection.php(327): mysqli->query('INSERT INTO `us...', 0)
#1 D:\Developer\singleFile\Nexus_SingleFile_BE\BE\vendor\codeigniter4\framework\system\Database\BaseConnection.php(729): CodeIgniter\Database\MySQLi\Connection->execute('INSERT INTO `us...')
#2 D:\Developer\singleFile\Nexus_SingleFile_BE\BE\vendor\codeigniter4\framework\system\Database\BaseConnection.php(646): CodeIgniter\Database\BaseConnection->simpleQuery('INSERT INTO `us...')
#3 D:\Developer\singleFile\Nexus_SingleFile_BE\BE\vendor\codeigniter4\framework\system\Database\BaseBuilder.php(2345): CodeIgniter\Database\BaseConnection->query('INSERT INTO `us...', Array, false)
#4 D:\Developer\singleFile\Nexus_SingleFile_BE\BE\app\Models\AuthModel.php(223): CodeIgniter\Database\BaseBuilder->insert(Array)
#5 D:\Developer\singleFile\Nexus_SingleFile_BE\BE\app\Models\AuthModel.php(92): App\Models\AuthModel->saveRefreshToken('1', 'eyJ0eXAiOiJKV1Q...')
#6 D:\Developer\singleFile\Nexus_SingleFile_BE\BE\app\Controllers\Api\Auth.php(41): App\Models\AuthModel->authenticate('admin@nexusqtec...', 'admin123')
#7 D:\Developer\singleFile\Nexus_SingleFile_BE\BE\vendor\codeigniter4\framework\system\CodeIgniter.php(933): App\Controllers\Api\Auth->login()
#8 D:\Developer\singleFile\Nexus_SingleFile_BE\BE\vendor\codeigniter4\framework\system\CodeIgniter.php(507): CodeIgniter\CodeIgniter->runController(Object(App\Controllers\Api\Auth))
#9 D:\Developer\singleFile\Nexus_SingleFile_BE\BE\vendor\codeigniter4\framework\system\CodeIgniter.php(354): CodeIgniter\CodeIgniter->handleRequest(NULL, Object(Config\Cache), false)
#10 D:\Developer\singleFile\Nexus_SingleFile_BE\BE\vendor\codeigniter4\framework\system\Boot.php(363): CodeIgniter\CodeIgniter->run()
#11 D:\Developer\singleFile\Nexus_SingleFile_BE\BE\vendor\codeigniter4\framework\system\Boot.php(68): CodeIgniter\Boot::runCodeIgniter(Object(CodeIgniter\CodeIgniter))
#12 D:\Developer\singleFile\Nexus_SingleFile_BE\BE\public\index.php(60): CodeIgniter\Boot::bootWeb(Object(Config\Paths))
#13 D:\Developer\singleFile\Nexus_SingleFile_BE\BE\vendor\codeigniter4\framework\system\rewrite.php(44): require_once('D:\\Developer\\si...')
#14 {main}
ERROR - 2026-03-01 07:16:41 --> Error guardando refresh token: Cannot add or update a child row: a foreign key constraint fails (`nexfile`.`user_refresh_token`, CONSTRAINT `FK_user_refresh_token_IdLastUserUpdate` FOREIGN KEY (`id_last_user_update`) REFERENCES `user` (`id`) ON DELETE SET NULL ON UPDATE CASCADE)
ERROR - 2026-03-01 07:16:46 --> mysqli_sql_exception: Cannot add or update a child row: a foreign key constraint fails (`nexfile`.`user_refresh_token`, CONSTRAINT `FK_user_refresh_token_IdLastUserUpdate` FOREIGN KEY (`id_last_user_update`) REFERENCES `user` (`id`) ON DELETE SET NULL ON UPDATE CASCADE) in D:\Developer\singleFile\Nexus_SingleFile_BE\BE\vendor\codeigniter4\framework\system\Database\MySQLi\Connection.php:327
Stack trace:
#0 D:\Developer\singleFile\Nexus_SingleFile_BE\BE\vendor\codeigniter4\framework\system\Database\MySQLi\Connection.php(327): mysqli->query('INSERT INTO `us...', 0)
#1 D:\Developer\singleFile\Nexus_SingleFile_BE\BE\vendor\codeigniter4\framework\system\Database\BaseConnection.php(729): CodeIgniter\Database\MySQLi\Connection->execute('INSERT INTO `us...')
#2 D:\Developer\singleFile\Nexus_SingleFile_BE\BE\vendor\codeigniter4\framework\system\Database\BaseConnection.php(646): CodeIgniter\Database\BaseConnection->simpleQuery('INSERT INTO `us...')
#3 D:\Developer\singleFile\Nexus_SingleFile_BE\BE\vendor\codeigniter4\framework\system\Database\BaseBuilder.php(2345): CodeIgniter\Database\BaseConnection->query('INSERT INTO `us...', Array, false)
#4 D:\Developer\singleFile\Nexus_SingleFile_BE\BE\app\Models\AuthModel.php(223): CodeIgniter\Database\BaseBuilder->insert(Array)
#5 D:\Developer\singleFile\Nexus_SingleFile_BE\BE\app\Models\AuthModel.php(92): App\Models\AuthModel->saveRefreshToken('1', 'eyJ0eXAiOiJKV1Q...')
#6 D:\Developer\singleFile\Nexus_SingleFile_BE\BE\app\Controllers\Api\Auth.php(41): App\Models\AuthModel->authenticate('admin@nexusqtec...', 'admin123')
#7 D:\Developer\singleFile\Nexus_SingleFile_BE\BE\vendor\codeigniter4\framework\system\CodeIgniter.php(933): App\Controllers\Api\Auth->login()
#8 D:\Developer\singleFile\Nexus_SingleFile_BE\BE\vendor\codeigniter4\framework\system\CodeIgniter.php(507): CodeIgniter\CodeIgniter->runController(Object(App\Controllers\Api\Auth))
#9 D:\Developer\singleFile\Nexus_SingleFile_BE\BE\vendor\codeigniter4\framework\system\CodeIgniter.php(354): CodeIgniter\CodeIgniter->handleRequest(NULL, Object(Config\Cache), false)
#10 D:\Developer\singleFile\Nexus_SingleFile_BE\BE\vendor\codeigniter4\framework\system\Boot.php(363): CodeIgniter\CodeIgniter->run()
#11 D:\Developer\singleFile\Nexus_SingleFile_BE\BE\vendor\codeigniter4\framework\system\Boot.php(68): CodeIgniter\Boot::runCodeIgniter(Object(CodeIgniter\CodeIgniter))
#12 D:\Developer\singleFile\Nexus_SingleFile_BE\BE\public\index.php(60): CodeIgniter\Boot::bootWeb(Object(Config\Paths))
#13 D:\Developer\singleFile\Nexus_SingleFile_BE\BE\vendor\codeigniter4\framework\system\rewrite.php(44): require_once('D:\\Developer\\si...')
#14 {main}
ERROR - 2026-03-01 07:16:46 --> Error guardando refresh token: Cannot add or update a child row: a foreign key constraint fails (`nexfile`.`user_refresh_token`, CONSTRAINT `FK_user_refresh_token_IdLastUserUpdate` FOREIGN KEY (`id_last_user_update`) REFERENCES `user` (`id`) ON DELETE SET NULL ON UPDATE CASCADE)
ERROR - 2026-03-01 07:16:51 --> mysqli_sql_exception: Cannot add or update a child row: a foreign key constraint fails (`nexfile`.`user_refresh_token`, CONSTRAINT `FK_user_refresh_token_IdLastUserUpdate` FOREIGN KEY (`id_last_user_update`) REFERENCES `user` (`id`) ON DELETE SET NULL ON UPDATE CASCADE) in D:\Developer\singleFile\Nexus_SingleFile_BE\BE\vendor\codeigniter4\framework\system\Database\MySQLi\Connection.php:327
Stack trace:
#0 D:\Developer\singleFile\Nexus_SingleFile_BE\BE\vendor\codeigniter4\framework\system\Database\MySQLi\Connection.php(327): mysqli->query('INSERT INTO `us...', 0)
#1 D:\Developer\singleFile\Nexus_SingleFile_BE\BE\vendor\codeigniter4\framework\system\Database\BaseConnection.php(729): CodeIgniter\Database\MySQLi\Connection->execute('INSERT INTO `us...')
#2 D:\Developer\singleFile\Nexus_SingleFile_BE\BE\vendor\codeigniter4\framework\system\Database\BaseConnection.php(646): CodeIgniter\Database\BaseConnection->simpleQuery('INSERT INTO `us...')
#3 D:\Developer\singleFile\Nexus_SingleFile_BE\BE\vendor\codeigniter4\framework\system\Database\BaseBuilder.php(2345): CodeIgniter\Database\BaseConnection->query('INSERT INTO `us...', Array, false)
#4 D:\Developer\singleFile\Nexus_SingleFile_BE\BE\app\Models\AuthModel.php(223): CodeIgniter\Database\BaseBuilder->insert(Array)
#5 D:\Developer\singleFile\Nexus_SingleFile_BE\BE\app\Models\AuthModel.php(92): App\Models\AuthModel->saveRefreshToken('1', 'eyJ0eXAiOiJKV1Q...')
#6 D:\Developer\singleFile\Nexus_SingleFile_BE\BE\app\Controllers\Api\Auth.php(41): App\Models\AuthModel->authenticate('admin@nexusqtec...', 'admin123')
#7 D:\Developer\singleFile\Nexus_SingleFile_BE\BE\vendor\codeigniter4\framework\system\CodeIgniter.php(933): App\Controllers\Api\Auth->login()
#8 D:\Developer\singleFile\Nexus_SingleFile_BE\BE\vendor\codeigniter4\framework\system\CodeIgniter.php(507): CodeIgniter\CodeIgniter->runController(Object(App\Controllers\Api\Auth))
#9 D:\Developer\singleFile\Nexus_SingleFile_BE\BE\vendor\codeigniter4\framework\system\CodeIgniter.php(354): CodeIgniter\CodeIgniter->handleRequest(NULL, Object(Config\Cache), false)
#10 D:\Developer\singleFile\Nexus_SingleFile_BE\BE\vendor\codeigniter4\framework\system\Boot.php(363): CodeIgniter\CodeIgniter->run()
#11 D:\Developer\singleFile\Nexus_SingleFile_BE\BE\vendor\codeigniter4\framework\system\Boot.php(68): CodeIgniter\Boot::runCodeIgniter(Object(CodeIgniter\CodeIgniter))
#12 D:\Developer\singleFile\Nexus_SingleFile_BE\BE\public\index.php(60): CodeIgniter\Boot::bootWeb(Object(Config\Paths))
#13 D:\Developer\singleFile\Nexus_SingleFile_BE\BE\vendor\codeigniter4\framework\system\rewrite.php(44): require_once('D:\\Developer\\si...')
#14 {main}
ERROR - 2026-03-01 07:16:51 --> Error guardando refresh token: Cannot add or update a child row: a foreign key constraint fails (`nexfile`.`user_refresh_token`, CONSTRAINT `FK_user_refresh_token_IdLastUserUpdate` FOREIGN KEY (`id_last_user_update`) REFERENCES `user` (`id`) ON DELETE SET NULL ON UPDATE CASCADE)
ERROR - 2026-03-01 07:16:56 --> mysqli_sql_exception: Cannot add or update a child row: a foreign key constraint fails (`nexfile`.`user_refresh_token`, CONSTRAINT `FK_user_refresh_token_IdLastUserUpdate` FOREIGN KEY (`id_last_user_update`) REFERENCES `user` (`id`) ON DELETE SET NULL ON UPDATE CASCADE) in D:\Developer\singleFile\Nexus_SingleFile_BE\BE\vendor\codeigniter4\framework\system\Database\MySQLi\Connection.php:327
Stack trace:
#0 D:\Developer\singleFile\Nexus_SingleFile_BE\BE\vendor\codeigniter4\framework\system\Database\MySQLi\Connection.php(327): mysqli->query('INSERT INTO `us...', 0)
#1 D:\Developer\singleFile\Nexus_SingleFile_BE\BE\vendor\codeigniter4\framework\system\Database\BaseConnection.php(729): CodeIgniter\Database\MySQLi\Connection->execute('INSERT INTO `us...')
#2 D:\Developer\singleFile\Nexus_SingleFile_BE\BE\vendor\codeigniter4\framework\system\Database\BaseConnection.php(646): CodeIgniter\Database\BaseConnection->simpleQuery('INSERT INTO `us...')
#3 D:\Developer\singleFile\Nexus_SingleFile_BE\BE\vendor\codeigniter4\framework\system\Database\BaseBuilder.php(2345): CodeIgniter\Database\BaseConnection->query('INSERT INTO `us...', Array, false)
#4 D:\Developer\singleFile\Nexus_SingleFile_BE\BE\app\Models\AuthModel.php(223): CodeIgniter\Database\BaseBuilder->insert(Array)
#5 D:\Developer\singleFile\Nexus_SingleFile_BE\BE\app\Models\AuthModel.php(92): App\Models\AuthModel->saveRefreshToken('1', 'eyJ0eXAiOiJKV1Q...')
#6 D:\Developer\singleFile\Nexus_SingleFile_BE\BE\app\Controllers\Api\Auth.php(41): App\Models\AuthModel->authenticate('admin@nexusqtec...', 'admin123')
#7 D:\Developer\singleFile\Nexus_SingleFile_BE\BE\vendor\codeigniter4\framework\system\CodeIgniter.php(933): App\Controllers\Api\Auth->login()
#8 D:\Developer\singleFile\Nexus_SingleFile_BE\BE\vendor\codeigniter4\framework\system\CodeIgniter.php(507): CodeIgniter\CodeIgniter->runController(Object(App\Controllers\Api\Auth))
#9 D:\Developer\singleFile\Nexus_SingleFile_BE\BE\vendor\codeigniter4\framework\system\CodeIgniter.php(354): CodeIgniter\CodeIgniter->handleRequest(NULL, Object(Config\Cache), false)
#10 D:\Developer\singleFile\Nexus_SingleFile_BE\BE\vendor\codeigniter4\framework\system\Boot.php(363): CodeIgniter\CodeIgniter->run()
#11 D:\Developer\singleFile\Nexus_SingleFile_BE\BE\vendor\codeigniter4\framework\system\Boot.php(68): CodeIgniter\Boot::runCodeIgniter(Object(CodeIgniter\CodeIgniter))
#12 D:\Developer\singleFile\Nexus_SingleFile_BE\BE\public\index.php(60): CodeIgniter\Boot::bootWeb(Object(Config\Paths))
#13 D:\Developer\singleFile\Nexus_SingleFile_BE\BE\vendor\codeigniter4\framework\system\rewrite.php(44): require_once('D:\\Developer\\si...')
#14 {main}
ERROR - 2026-03-01 07:16:56 --> Error guardando refresh token: Cannot add or update a child row: a foreign key constraint fails (`nexfile`.`user_refresh_token`, CONSTRAINT `FK_user_refresh_token_IdLastUserUpdate` FOREIGN KEY (`id_last_user_update`) REFERENCES `user` (`id`) ON DELETE SET NULL ON UPDATE CASCADE)
ERROR - 2026-03-01 07:17:01 --> mysqli_sql_exception: Cannot add or update a child row: a foreign key constraint fails (`nexfile`.`user_refresh_token`, CONSTRAINT `FK_user_refresh_token_IdLastUserUpdate` FOREIGN KEY (`id_last_user_update`) REFERENCES `user` (`id`) ON DELETE SET NULL ON UPDATE CASCADE) in D:\Developer\singleFile\Nexus_SingleFile_BE\BE\vendor\codeigniter4\framework\system\Database\MySQLi\Connection.php:327
Stack trace:
#0 D:\Developer\singleFile\Nexus_SingleFile_BE\BE\vendor\codeigniter4\framework\system\Database\MySQLi\Connection.php(327): mysqli->query('INSERT INTO `us...', 0)
#1 D:\Developer\singleFile\Nexus_SingleFile_BE\BE\vendor\codeigniter4\framework\system\Database\BaseConnection.php(729): CodeIgniter\Database\MySQLi\Connection->execute('INSERT INTO `us...')
#2 D:\Developer\singleFile\Nexus_SingleFile_BE\BE\vendor\codeigniter4\framework\system\Database\BaseConnection.php(646): CodeIgniter\Database\BaseConnection->simpleQuery('INSERT INTO `us...')
#3 D:\Developer\singleFile\Nexus_SingleFile_BE\BE\vendor\codeigniter4\framework\system\Database\BaseBuilder.php(2345): CodeIgniter\Database\BaseConnection->query('INSERT INTO `us...', Array, false)
#4 D:\Developer\singleFile\Nexus_SingleFile_BE\BE\app\Models\AuthModel.php(223): CodeIgniter\Database\BaseBuilder->insert(Array)
#5 D:\Developer\singleFile\Nexus_SingleFile_BE\BE\app\Models\AuthModel.php(92): App\Models\AuthModel->saveRefreshToken('1', 'eyJ0eXAiOiJKV1Q...')
#6 D:\Developer\singleFile\Nexus_SingleFile_BE\BE\app\Controllers\Api\Auth.php(41): App\Models\AuthModel->authenticate('admin@nexusqtec...', 'admin123')
#7 D:\Developer\singleFile\Nexus_SingleFile_BE\BE\vendor\codeigniter4\framework\system\CodeIgniter.php(933): App\Controllers\Api\Auth->login()
#8 D:\Developer\singleFile\Nexus_SingleFile_BE\BE\vendor\codeigniter4\framework\system\CodeIgniter.php(507): CodeIgniter\CodeIgniter->runController(Object(App\Controllers\Api\Auth))
#9 D:\Developer\singleFile\Nexus_SingleFile_BE\BE\vendor\codeigniter4\framework\system\CodeIgniter.php(354): CodeIgniter\CodeIgniter->handleRequest(NULL, Object(Config\Cache), false)
#10 D:\Developer\singleFile\Nexus_SingleFile_BE\BE\vendor\codeigniter4\framework\system\Boot.php(363): CodeIgniter\CodeIgniter->run()
#11 D:\Developer\singleFile\Nexus_SingleFile_BE\BE\vendor\codeigniter4\framework\system\Boot.php(68): CodeIgniter\Boot::runCodeIgniter(Object(CodeIgniter\CodeIgniter))
#12 D:\Developer\singleFile\Nexus_SingleFile_BE\BE\public\index.php(60): CodeIgniter\Boot::bootWeb(Object(Config\Paths))
#13 D:\Developer\singleFile\Nexus_SingleFile_BE\BE\vendor\codeigniter4\framework\system\rewrite.php(44): require_once('D:\\Developer\\si...')
#14 {main}
ERROR - 2026-03-01 07:17:01 --> Error guardando refresh token: Cannot add or update a child row: a foreign key constraint fails (`nexfile`.`user_refresh_token`, CONSTRAINT `FK_user_refresh_token_IdLastUserUpdate` FOREIGN KEY (`id_last_user_update`) REFERENCES `user` (`id`) ON DELETE SET NULL ON UPDATE CASCADE)
ERROR - 2026-03-01 07:17:10 --> mysqli_sql_exception: Cannot add or update a child row: a foreign key constraint fails (`nexfile`.`user_refresh_token`, CONSTRAINT `FK_user_refresh_token_IdLastUserUpdate` FOREIGN KEY (`id_last_user_update`) REFERENCES `user` (`id`) ON DELETE SET NULL ON UPDATE CASCADE) in D:\Developer\singleFile\Nexus_SingleFile_BE\BE\vendor\codeigniter4\framework\system\Database\MySQLi\Connection.php:327
Stack trace:
#0 D:\Developer\singleFile\Nexus_SingleFile_BE\BE\vendor\codeigniter4\framework\system\Database\MySQLi\Connection.php(327): mysqli->query('INSERT INTO `us...', 0)
#1 D:\Developer\singleFile\Nexus_SingleFile_BE\BE\vendor\codeigniter4\framework\system\Database\BaseConnection.php(729): CodeIgniter\Database\MySQLi\Connection->execute('INSERT INTO `us...')
#2 D:\Developer\singleFile\Nexus_SingleFile_BE\BE\vendor\codeigniter4\framework\system\Database\BaseConnection.php(646): CodeIgniter\Database\BaseConnection->simpleQuery('INSERT INTO `us...')
#3 D:\Developer\singleFile\Nexus_SingleFile_BE\BE\vendor\codeigniter4\framework\system\Database\BaseBuilder.php(2345): CodeIgniter\Database\BaseConnection->query('INSERT INTO `us...', Array, false)
#4 D:\Developer\singleFile\Nexus_SingleFile_BE\BE\app\Models\AuthModel.php(223): CodeIgniter\Database\BaseBuilder->insert(Array)
#5 D:\Developer\singleFile\Nexus_SingleFile_BE\BE\app\Models\AuthModel.php(92): App\Models\AuthModel->saveRefreshToken('1', 'eyJ0eXAiOiJKV1Q...')
#6 D:\Developer\singleFile\Nexus_SingleFile_BE\BE\app\Controllers\Api\Auth.php(41): App\Models\AuthModel->authenticate('admin@nexusqtec...', 'admin123')
#7 D:\Developer\singleFile\Nexus_SingleFile_BE\BE\vendor\codeigniter4\framework\system\CodeIgniter.php(933): App\Controllers\Api\Auth->login()
#8 D:\Developer\singleFile\Nexus_SingleFile_BE\BE\vendor\codeigniter4\framework\system\CodeIgniter.php(507): CodeIgniter\CodeIgniter->runController(Object(App\Controllers\Api\Auth))
#9 D:\Developer\singleFile\Nexus_SingleFile_BE\BE\vendor\codeigniter4\framework\system\CodeIgniter.php(354): CodeIgniter\CodeIgniter->handleRequest(NULL, Object(Config\Cache), false)
#10 D:\Developer\singleFile\Nexus_SingleFile_BE\BE\vendor\codeigniter4\framework\system\Boot.php(363): CodeIgniter\CodeIgniter->run()
#11 D:\Developer\singleFile\Nexus_SingleFile_BE\BE\vendor\codeigniter4\framework\system\Boot.php(68): CodeIgniter\Boot::runCodeIgniter(Object(CodeIgniter\CodeIgniter))
#12 D:\Developer\singleFile\Nexus_SingleFile_BE\BE\public\index.php(60): CodeIgniter\Boot::bootWeb(Object(Config\Paths))
#13 D:\Developer\singleFile\Nexus_SingleFile_BE\BE\vendor\codeigniter4\framework\system\rewrite.php(44): require_once('D:\\Developer\\si...')
#14 {main}
ERROR - 2026-03-01 07:17:10 --> Error guardando refresh token: Cannot add or update a child row: a foreign key constraint fails (`nexfile`.`user_refresh_token`, CONSTRAINT `FK_user_refresh_token_IdLastUserUpdate` FOREIGN KEY (`id_last_user_update`) REFERENCES `user` (`id`) ON DELETE SET NULL ON UPDATE CASCADE)
ERROR - 2026-03-01 07:17:15 --> mysqli_sql_exception: Cannot add or update a child row: a foreign key constraint fails (`nexfile`.`user_refresh_token`, CONSTRAINT `FK_user_refresh_token_IdLastUserUpdate` FOREIGN KEY (`id_last_user_update`) REFERENCES `user` (`id`) ON DELETE SET NULL ON UPDATE CASCADE) in D:\Developer\singleFile\Nexus_SingleFile_BE\BE\vendor\codeigniter4\framework\system\Database\MySQLi\Connection.php:327
Stack trace:
#0 D:\Developer\singleFile\Nexus_SingleFile_BE\BE\vendor\codeigniter4\framework\system\Database\MySQLi\Connection.php(327): mysqli->query('INSERT INTO `us...', 0)
#1 D:\Developer\singleFile\Nexus_SingleFile_BE\BE\vendor\codeigniter4\framework\system\Database\BaseConnection.php(729): CodeIgniter\Database\MySQLi\Connection->execute('INSERT INTO `us...')
#2 D:\Developer\singleFile\Nexus_SingleFile_BE\BE\vendor\codeigniter4\framework\system\Database\BaseConnection.php(646): CodeIgniter\Database\BaseConnection->simpleQuery('INSERT INTO `us...')
#3 D:\Developer\singleFile\Nexus_SingleFile_BE\BE\vendor\codeigniter4\framework\system\Database\BaseBuilder.php(2345): CodeIgniter\Database\BaseConnection->query('INSERT INTO `us...', Array, false)
#4 D:\Developer\singleFile\Nexus_SingleFile_BE\BE\app\Models\AuthModel.php(223): CodeIgniter\Database\BaseBuilder->insert(Array)
#5 D:\Developer\singleFile\Nexus_SingleFile_BE\BE\app\Models\AuthModel.php(92): App\Models\AuthModel->saveRefreshToken('1', 'eyJ0eXAiOiJKV1Q...')
#6 D:\Developer\singleFile\Nexus_SingleFile_BE\BE\app\Controllers\Api\Auth.php(41): App\Models\AuthModel->authenticate('admin@nexusqtec...', 'admin123')
#7 D:\Developer\singleFile\Nexus_SingleFile_BE\BE\vendor\codeigniter4\framework\system\CodeIgniter.php(933): App\Controllers\Api\Auth->login()
#8 D:\Developer\singleFile\Nexus_SingleFile_BE\BE\vendor\codeigniter4\framework\system\CodeIgniter.php(507): CodeIgniter\CodeIgniter->runController(Object(App\Controllers\Api\Auth))
#9 D:\Developer\singleFile\Nexus_SingleFile_BE\BE\vendor\codeigniter4\framework\system\CodeIgniter.php(354): CodeIgniter\CodeIgniter->handleRequest(NULL, Object(Config\Cache), false)
#10 D:\Developer\singleFile\Nexus_SingleFile_BE\BE\vendor\codeigniter4\framework\system\Boot.php(363): CodeIgniter\CodeIgniter->run()
#11 D:\Developer\singleFile\Nexus_SingleFile_BE\BE\vendor\codeigniter4\framework\system\Boot.php(68): CodeIgniter\Boot::runCodeIgniter(Object(CodeIgniter\CodeIgniter))
#12 D:\Developer\singleFile\Nexus_SingleFile_BE\BE\public\index.php(60): CodeIgniter\Boot::bootWeb(Object(Config\Paths))
#13 D:\Developer\singleFile\Nexus_SingleFile_BE\BE\vendor\codeigniter4\framework\system\rewrite.php(44): require_once('D:\\Developer\\si...')
#14 {main}
ERROR - 2026-03-01 07:17:15 --> Error guardando refresh token: Cannot add or update a child row: a foreign key constraint fails (`nexfile`.`user_refresh_token`, CONSTRAINT `FK_user_refresh_token_IdLastUserUpdate` FOREIGN KEY (`id_last_user_update`) REFERENCES `user` (`id`) ON DELETE SET NULL ON UPDATE CASCADE)
ERROR - 2026-03-01 07:17:23 --> mysqli_sql_exception: Cannot add or update a child row: a foreign key constraint fails (`nexfile`.`user_refresh_token`, CONSTRAINT `FK_user_refresh_token_IdLastUserUpdate` FOREIGN KEY (`id_last_user_update`) REFERENCES `user` (`id`) ON DELETE SET NULL ON UPDATE CASCADE) in D:\Developer\singleFile\Nexus_SingleFile_BE\BE\vendor\codeigniter4\framework\system\Database\MySQLi\Connection.php:327
Stack trace:
#0 D:\Developer\singleFile\Nexus_SingleFile_BE\BE\vendor\codeigniter4\framework\system\Database\MySQLi\Connection.php(327): mysqli->query('INSERT INTO `us...', 0)
#1 D:\Developer\singleFile\Nexus_SingleFile_BE\BE\vendor\codeigniter4\framework\system\Database\BaseConnection.php(729): CodeIgniter\Database\MySQLi\Connection->execute('INSERT INTO `us...')
#2 D:\Developer\singleFile\Nexus_SingleFile_BE\BE\vendor\codeigniter4\framework\system\Database\BaseConnection.php(646): CodeIgniter\Database\BaseConnection->simpleQuery('INSERT INTO `us...')
#3 D:\Developer\singleFile\Nexus_SingleFile_BE\BE\vendor\codeigniter4\framework\system\Database\BaseBuilder.php(2345): CodeIgniter\Database\BaseConnection->query('INSERT INTO `us...', Array, false)
#4 D:\Developer\singleFile\Nexus_SingleFile_BE\BE\app\Models\AuthModel.php(223): CodeIgniter\Database\BaseBuilder->insert(Array)
#5 D:\Developer\singleFile\Nexus_SingleFile_BE\BE\app\Models\AuthModel.php(92): App\Models\AuthModel->saveRefreshToken('1', 'eyJ0eXAiOiJKV1Q...')
#6 D:\Developer\singleFile\Nexus_SingleFile_BE\BE\app\Controllers\Api\Auth.php(41): App\Models\AuthModel->authenticate('admin@nexusqtec...', 'admin123')
#7 D:\Developer\singleFile\Nexus_SingleFile_BE\BE\vendor\codeigniter4\framework\system\CodeIgniter.php(933): App\Controllers\Api\Auth->login()
#8 D:\Developer\singleFile\Nexus_SingleFile_BE\BE\vendor\codeigniter4\framework\system\CodeIgniter.php(507): CodeIgniter\CodeIgniter->runController(Object(App\Controllers\Api\Auth))
#9 D:\Developer\singleFile\Nexus_SingleFile_BE\BE\vendor\codeigniter4\framework\system\CodeIgniter.php(354): CodeIgniter\CodeIgniter->handleRequest(NULL, Object(Config\Cache), false)
#10 D:\Developer\singleFile\Nexus_SingleFile_BE\BE\vendor\codeigniter4\framework\system\Boot.php(363): CodeIgniter\CodeIgniter->run()
#11 D:\Developer\singleFile\Nexus_SingleFile_BE\BE\vendor\codeigniter4\framework\system\Boot.php(68): CodeIgniter\Boot::runCodeIgniter(Object(CodeIgniter\CodeIgniter))
#12 D:\Developer\singleFile\Nexus_SingleFile_BE\BE\public\index.php(60): CodeIgniter\Boot::bootWeb(Object(Config\Paths))
#13 D:\Developer\singleFile\Nexus_SingleFile_BE\BE\vendor\codeigniter4\framework\system\rewrite.php(44): require_once('D:\\Developer\\si...')
#14 {main}
ERROR - 2026-03-01 07:17:23 --> Error guardando refresh token: Cannot add or update a child row: a foreign key constraint fails (`nexfile`.`user_refresh_token`, CONSTRAINT `FK_user_refresh_token_IdLastUserUpdate` FOREIGN KEY (`id_last_user_update`) REFERENCES `user` (`id`) ON DELETE SET NULL ON UPDATE CASCADE)
ERROR - 2026-03-01 07:17:24 --> mysqli_sql_exception: Cannot add or update a child row: a foreign key constraint fails (`nexfile`.`user_refresh_token`, CONSTRAINT `FK_user_refresh_token_IdLastUserUpdate` FOREIGN KEY (`id_last_user_update`) REFERENCES `user` (`id`) ON DELETE SET NULL ON UPDATE CASCADE) in D:\Developer\singleFile\Nexus_SingleFile_BE\BE\vendor\codeigniter4\framework\system\Database\MySQLi\Connection.php:327
Stack trace:
#0 D:\Developer\singleFile\Nexus_SingleFile_BE\BE\vendor\codeigniter4\framework\system\Database\MySQLi\Connection.php(327): mysqli->query('INSERT INTO `us...', 0)
#1 D:\Developer\singleFile\Nexus_SingleFile_BE\BE\vendor\codeigniter4\framework\system\Database\BaseConnection.php(729): CodeIgniter\Database\MySQLi\Connection->execute('INSERT INTO `us...')
#2 D:\Developer\singleFile\Nexus_SingleFile_BE\BE\vendor\codeigniter4\framework\system\Database\BaseConnection.php(646): CodeIgniter\Database\BaseConnection->simpleQuery('INSERT INTO `us...')
#3 D:\Developer\singleFile\Nexus_SingleFile_BE\BE\vendor\codeigniter4\framework\system\Database\BaseBuilder.php(2345): CodeIgniter\Database\BaseConnection->query('INSERT INTO `us...', Array, false)
#4 D:\Developer\singleFile\Nexus_SingleFile_BE\BE\app\Models\AuthModel.php(223): CodeIgniter\Database\BaseBuilder->insert(Array)
#5 D:\Developer\singleFile\Nexus_SingleFile_BE\BE\app\Models\AuthModel.php(92): App\Models\AuthModel->saveRefreshToken('1', 'eyJ0eXAiOiJKV1Q...')
#6 D:\Developer\singleFile\Nexus_SingleFile_BE\BE\app\Controllers\Api\Auth.php(41): App\Models\AuthModel->authenticate('admin@nexusqtec...', 'admin123')
#7 D:\Developer\singleFile\Nexus_SingleFile_BE\BE\vendor\codeigniter4\framework\system\CodeIgniter.php(933): App\Controllers\Api\Auth->login()
#8 D:\Developer\singleFile\Nexus_SingleFile_BE\BE\vendor\codeigniter4\framework\system\CodeIgniter.php(507): CodeIgniter\CodeIgniter->runController(Object(App\Controllers\Api\Auth))
#9 D:\Developer\singleFile\Nexus_SingleFile_BE\BE\vendor\codeigniter4\framework\system\CodeIgniter.php(354): CodeIgniter\CodeIgniter->handleRequest(NULL, Object(Config\Cache), false)
#10 D:\Developer\singleFile\Nexus_SingleFile_BE\BE\vendor\codeigniter4\framework\system\Boot.php(363): CodeIgniter\CodeIgniter->run()
#11 D:\Developer\singleFile\Nexus_SingleFile_BE\BE\vendor\codeigniter4\framework\system\Boot.php(68): CodeIgniter\Boot::runCodeIgniter(Object(CodeIgniter\CodeIgniter))
#12 D:\Developer\singleFile\Nexus_SingleFile_BE\BE\public\index.php(60): CodeIgniter\Boot::bootWeb(Object(Config\Paths))
#13 D:\Developer\singleFile\Nexus_SingleFile_BE\BE\vendor\codeigniter4\framework\system\rewrite.php(44): require_once('D:\\Developer\\si...')
#14 {main}
ERROR - 2026-03-01 07:17:24 --> Error guardando refresh token: Cannot add or update a child row: a foreign key constraint fails (`nexfile`.`user_refresh_token`, CONSTRAINT `FK_user_refresh_token_IdLastUserUpdate` FOREIGN KEY (`id_last_user_update`) REFERENCES `user` (`id`) ON DELETE SET NULL ON UPDATE CASCADE)
ERROR - 2026-03-01 07:17:31 --> mysqli_sql_exception: Cannot add or update a child row: a foreign key constraint fails (`nexfile`.`user_refresh_token`, CONSTRAINT `FK_user_refresh_token_IdLastUserUpdate` FOREIGN KEY (`id_last_user_update`) REFERENCES `user` (`id`) ON DELETE SET NULL ON UPDATE CASCADE) in D:\Developer\singleFile\Nexus_SingleFile_BE\BE\vendor\codeigniter4\framework\system\Database\MySQLi\Connection.php:327
Stack trace:
#0 D:\Developer\singleFile\Nexus_SingleFile_BE\BE\vendor\codeigniter4\framework\system\Database\MySQLi\Connection.php(327): mysqli->query('INSERT INTO `us...', 0)
#1 D:\Developer\singleFile\Nexus_SingleFile_BE\BE\vendor\codeigniter4\framework\system\Database\BaseConnection.php(729): CodeIgniter\Database\MySQLi\Connection->execute('INSERT INTO `us...')
#2 D:\Developer\singleFile\Nexus_SingleFile_BE\BE\vendor\codeigniter4\framework\system\Database\BaseConnection.php(646): CodeIgniter\Database\BaseConnection->simpleQuery('INSERT INTO `us...')
#3 D:\Developer\singleFile\Nexus_SingleFile_BE\BE\vendor\codeigniter4\framework\system\Database\BaseBuilder.php(2345): CodeIgniter\Database\BaseConnection->query('INSERT INTO `us...', Array, false)
#4 D:\Developer\singleFile\Nexus_SingleFile_BE\BE\app\Models\AuthModel.php(223): CodeIgniter\Database\BaseBuilder->insert(Array)
#5 D:\Developer\singleFile\Nexus_SingleFile_BE\BE\app\Models\AuthModel.php(92): App\Models\AuthModel->saveRefreshToken('1', 'eyJ0eXAiOiJKV1Q...')
#6 D:\Developer\singleFile\Nexus_SingleFile_BE\BE\app\Controllers\Api\Auth.php(41): App\Models\AuthModel->authenticate('admin@nexusqtec...', 'admin123')
#7 D:\Developer\singleFile\Nexus_SingleFile_BE\BE\vendor\codeigniter4\framework\system\CodeIgniter.php(933): App\Controllers\Api\Auth->login()
#8 D:\Developer\singleFile\Nexus_SingleFile_BE\BE\vendor\codeigniter4\framework\system\CodeIgniter.php(507): CodeIgniter\CodeIgniter->runController(Object(App\Controllers\Api\Auth))
#9 D:\Developer\singleFile\Nexus_SingleFile_BE\BE\vendor\codeigniter4\framework\system\CodeIgniter.php(354): CodeIgniter\CodeIgniter->handleRequest(NULL, Object(Config\Cache), false)
#10 D:\Developer\singleFile\Nexus_SingleFile_BE\BE\vendor\codeigniter4\framework\system\Boot.php(363): CodeIgniter\CodeIgniter->run()
#11 D:\Developer\singleFile\Nexus_SingleFile_BE\BE\vendor\codeigniter4\framework\system\Boot.php(68): CodeIgniter\Boot::runCodeIgniter(Object(CodeIgniter\CodeIgniter))
#12 D:\Developer\singleFile\Nexus_SingleFile_BE\BE\public\index.php(60): CodeIgniter\Boot::bootWeb(Object(Config\Paths))
#13 D:\Developer\singleFile\Nexus_SingleFile_BE\BE\vendor\codeigniter4\framework\system\rewrite.php(44): require_once('D:\\Developer\\si...')
#14 {main}
ERROR - 2026-03-01 07:17:31 --> Error guardando refresh token: Cannot add or update a child row: a foreign key constraint fails (`nexfile`.`user_refresh_token`, CONSTRAINT `FK_user_refresh_token_IdLastUserUpdate` FOREIGN KEY (`id_last_user_update`) REFERENCES `user` (`id`) ON DELETE SET NULL ON UPDATE CASCADE)
ERROR - 2026-03-01 07:17:33 --> mysqli_sql_exception: Cannot add or update a child row: a foreign key constraint fails (`nexfile`.`user_refresh_token`, CONSTRAINT `FK_user_refresh_token_IdLastUserUpdate` FOREIGN KEY (`id_last_user_update`) REFERENCES `user` (`id`) ON DELETE SET NULL ON UPDATE CASCADE) in D:\Developer\singleFile\Nexus_SingleFile_BE\BE\vendor\codeigniter4\framework\system\Database\MySQLi\Connection.php:327
Stack trace:
#0 D:\Developer\singleFile\Nexus_SingleFile_BE\BE\vendor\codeigniter4\framework\system\Database\MySQLi\Connection.php(327): mysqli->query('INSERT INTO `us...', 0)
#1 D:\Developer\singleFile\Nexus_SingleFile_BE\BE\vendor\codeigniter4\framework\system\Database\BaseConnection.php(729): CodeIgniter\Database\MySQLi\Connection->execute('INSERT INTO `us...')
#2 D:\Developer\singleFile\Nexus_SingleFile_BE\BE\vendor\codeigniter4\framework\system\Database\BaseConnection.php(646): CodeIgniter\Database\BaseConnection->simpleQuery('INSERT INTO `us...')
#3 D:\Developer\singleFile\Nexus_SingleFile_BE\BE\vendor\codeigniter4\framework\system\Database\BaseBuilder.php(2345): CodeIgniter\Database\BaseConnection->query('INSERT INTO `us...', Array, false)
#4 D:\Developer\singleFile\Nexus_SingleFile_BE\BE\app\Models\AuthModel.php(223): CodeIgniter\Database\BaseBuilder->insert(Array)
#5 D:\Developer\singleFile\Nexus_SingleFile_BE\BE\app\Models\AuthModel.php(92): App\Models\AuthModel->saveRefreshToken('1', 'eyJ0eXAiOiJKV1Q...')
#6 D:\Developer\singleFile\Nexus_SingleFile_BE\BE\app\Controllers\Api\Auth.php(41): App\Models\AuthModel->authenticate('admin@nexusqtec...', 'admin123')
#7 D:\Developer\singleFile\Nexus_SingleFile_BE\BE\vendor\codeigniter4\framework\system\CodeIgniter.php(933): App\Controllers\Api\Auth->login()
#8 D:\Developer\singleFile\Nexus_SingleFile_BE\BE\vendor\codeigniter4\framework\system\CodeIgniter.php(507): CodeIgniter\CodeIgniter->runController(Object(App\Controllers\Api\Auth))
#9 D:\Developer\singleFile\Nexus_SingleFile_BE\BE\vendor\codeigniter4\framework\system\CodeIgniter.php(354): CodeIgniter\CodeIgniter->handleRequest(NULL, Object(Config\Cache), false)
#10 D:\Developer\singleFile\Nexus_SingleFile_BE\BE\vendor\codeigniter4\framework\system\Boot.php(363): CodeIgniter\CodeIgniter->run()
#11 D:\Developer\singleFile\Nexus_SingleFile_BE\BE\vendor\codeigniter4\framework\system\Boot.php(68): CodeIgniter\Boot::runCodeIgniter(Object(CodeIgniter\CodeIgniter))
#12 D:\Developer\singleFile\Nexus_SingleFile_BE\BE\public\index.php(60): CodeIgniter\Boot::bootWeb(Object(Config\Paths))
#13 D:\Developer\singleFile\Nexus_SingleFile_BE\BE\vendor\codeigniter4\framework\system\rewrite.php(44): require_once('D:\\Developer\\si...')
#14 {main}
ERROR - 2026-03-01 07:17:33 --> Error guardando refresh token: Cannot add or update a child row: a foreign key constraint fails (`nexfile`.`user_refresh_token`, CONSTRAINT `FK_user_refresh_token_IdLastUserUpdate` FOREIGN KEY (`id_last_user_update`) REFERENCES `user` (`id`) ON DELETE SET NULL ON UPDATE CASCADE)
ERROR - 2026-03-01 07:17:38 --> mysqli_sql_exception: Cannot add or update a child row: a foreign key constraint fails (`nexfile`.`user_refresh_token`, CONSTRAINT `FK_user_refresh_token_IdLastUserUpdate` FOREIGN KEY (`id_last_user_update`) REFERENCES `user` (`id`) ON DELETE SET NULL ON UPDATE CASCADE) in D:\Developer\singleFile\Nexus_SingleFile_BE\BE\vendor\codeigniter4\framework\system\Database\MySQLi\Connection.php:327
Stack trace:
#0 D:\Developer\singleFile\Nexus_SingleFile_BE\BE\vendor\codeigniter4\framework\system\Database\MySQLi\Connection.php(327): mysqli->query('INSERT INTO `us...', 0)
#1 D:\Developer\singleFile\Nexus_SingleFile_BE\BE\vendor\codeigniter4\framework\system\Database\BaseConnection.php(729): CodeIgniter\Database\MySQLi\Connection->execute('INSERT INTO `us...')
#2 D:\Developer\singleFile\Nexus_SingleFile_BE\BE\vendor\codeigniter4\framework\system\Database\BaseConnection.php(646): CodeIgniter\Database\BaseConnection->simpleQuery('INSERT INTO `us...')
#3 D:\Developer\singleFile\Nexus_SingleFile_BE\BE\vendor\codeigniter4\framework\system\Database\BaseBuilder.php(2345): CodeIgniter\Database\BaseConnection->query('INSERT INTO `us...', Array, false)
#4 D:\Developer\singleFile\Nexus_SingleFile_BE\BE\app\Models\AuthModel.php(223): CodeIgniter\Database\BaseBuilder->insert(Array)
#5 D:\Developer\singleFile\Nexus_SingleFile_BE\BE\app\Models\AuthModel.php(92): App\Models\AuthModel->saveRefreshToken('1', 'eyJ0eXAiOiJKV1Q...')
#6 D:\Developer\singleFile\Nexus_SingleFile_BE\BE\app\Controllers\Api\Auth.php(41): App\Models\AuthModel->authenticate('admin@nexusqtec...', 'admin123')
#7 D:\Developer\singleFile\Nexus_SingleFile_BE\BE\vendor\codeigniter4\framework\system\CodeIgniter.php(933): App\Controllers\Api\Auth->login()
#8 D:\Developer\singleFile\Nexus_SingleFile_BE\BE\vendor\codeigniter4\framework\system\CodeIgniter.php(507): CodeIgniter\CodeIgniter->runController(Object(App\Controllers\Api\Auth))
#9 D:\Developer\singleFile\Nexus_SingleFile_BE\BE\vendor\codeigniter4\framework\system\CodeIgniter.php(354): CodeIgniter\CodeIgniter->handleRequest(NULL, Object(Config\Cache), false)
#10 D:\Developer\singleFile\Nexus_SingleFile_BE\BE\vendor\codeigniter4\framework\system\Boot.php(363): CodeIgniter\CodeIgniter->run()
#11 D:\Developer\singleFile\Nexus_SingleFile_BE\BE\vendor\codeigniter4\framework\system\Boot.php(68): CodeIgniter\Boot::runCodeIgniter(Object(CodeIgniter\CodeIgniter))
#12 D:\Developer\singleFile\Nexus_SingleFile_BE\BE\public\index.php(60): CodeIgniter\Boot::bootWeb(Object(Config\Paths))
#13 D:\Developer\singleFile\Nexus_SingleFile_BE\BE\vendor\codeigniter4\framework\system\rewrite.php(44): require_once('D:\\Developer\\si...')
#14 {main}
ERROR - 2026-03-01 07:17:38 --> Error guardando refresh token: Cannot add or update a child row: a foreign key constraint fails (`nexfile`.`user_refresh_token`, CONSTRAINT `FK_user_refresh_token_IdLastUserUpdate` FOREIGN KEY (`id_last_user_update`) REFERENCES `user` (`id`) ON DELETE SET NULL ON UPDATE CASCADE)
ERROR - 2026-03-01 07:17:40 --> mysqli_sql_exception: Cannot add or update a child row: a foreign key constraint fails (`nexfile`.`user_refresh_token`, CONSTRAINT `FK_user_refresh_token_IdLastUserUpdate` FOREIGN KEY (`id_last_user_update`) REFERENCES `user` (`id`) ON DELETE SET NULL ON UPDATE CASCADE) in D:\Developer\singleFile\Nexus_SingleFile_BE\BE\vendor\codeigniter4\framework\system\Database\MySQLi\Connection.php:327
Stack trace:
#0 D:\Developer\singleFile\Nexus_SingleFile_BE\BE\vendor\codeigniter4\framework\system\Database\MySQLi\Connection.php(327): mysqli->query('INSERT INTO `us...', 0)
#1 D:\Developer\singleFile\Nexus_SingleFile_BE\BE\vendor\codeigniter4\framework\system\Database\BaseConnection.php(729): CodeIgniter\Database\MySQLi\Connection->execute('INSERT INTO `us...')
#2 D:\Developer\singleFile\Nexus_SingleFile_BE\BE\vendor\codeigniter4\framework\system\Database\BaseConnection.php(646): CodeIgniter\Database\BaseConnection->simpleQuery('INSERT INTO `us...')
#3 D:\Developer\singleFile\Nexus_SingleFile_BE\BE\vendor\codeigniter4\framework\system\Database\BaseBuilder.php(2345): CodeIgniter\Database\BaseConnection->query('INSERT INTO `us...', Array, false)
#4 D:\Developer\singleFile\Nexus_SingleFile_BE\BE\app\Models\AuthModel.php(223): CodeIgniter\Database\BaseBuilder->insert(Array)
#5 D:\Developer\singleFile\Nexus_SingleFile_BE\BE\app\Models\AuthModel.php(92): App\Models\AuthModel->saveRefreshToken('1', 'eyJ0eXAiOiJKV1Q...')
#6 D:\Developer\singleFile\Nexus_SingleFile_BE\BE\app\Controllers\Api\Auth.php(41): App\Models\AuthModel->authenticate('admin@nexusqtec...', 'admin123')
#7 D:\Developer\singleFile\Nexus_SingleFile_BE\BE\vendor\codeigniter4\framework\system\CodeIgniter.php(933): App\Controllers\Api\Auth->login()
#8 D:\Developer\singleFile\Nexus_SingleFile_BE\BE\vendor\codeigniter4\framework\system\CodeIgniter.php(507): CodeIgniter\CodeIgniter->runController(Object(App\Controllers\Api\Auth))
#9 D:\Developer\singleFile\Nexus_SingleFile_BE\BE\vendor\codeigniter4\framework\system\CodeIgniter.php(354): CodeIgniter\CodeIgniter->handleRequest(NULL, Object(Config\Cache), false)
#10 D:\Developer\singleFile\Nexus_SingleFile_BE\BE\vendor\codeigniter4\framework\system\Boot.php(363): CodeIgniter\CodeIgniter->run()
#11 D:\Developer\singleFile\Nexus_SingleFile_BE\BE\vendor\codeigniter4\framework\system\Boot.php(68): CodeIgniter\Boot::runCodeIgniter(Object(CodeIgniter\CodeIgniter))
#12 D:\Developer\singleFile\Nexus_SingleFile_BE\BE\public\index.php(60): CodeIgniter\Boot::bootWeb(Object(Config\Paths))
#13 D:\Developer\singleFile\Nexus_SingleFile_BE\BE\vendor\codeigniter4\framework\system\rewrite.php(44): require_once('D:\\Developer\\si...')
#14 {main}
ERROR - 2026-03-01 07:17:40 --> Error guardando refresh token: Cannot add or update a child row: a foreign key constraint fails (`nexfile`.`user_refresh_token`, CONSTRAINT `FK_user_refresh_token_IdLastUserUpdate` FOREIGN KEY (`id_last_user_update`) REFERENCES `user` (`id`) ON DELETE SET NULL ON UPDATE CASCADE)
ERROR - 2026-03-01 07:18:13 --> mysqli_sql_exception: Cannot add or update a child row: a foreign key constraint fails (`nexfile`.`user_refresh_token`, CONSTRAINT `FK_user_refresh_token_IdLastUserUpdate` FOREIGN KEY (`id_last_user_update`) REFERENCES `user` (`id`) ON DELETE SET NULL ON UPDATE CASCADE) in D:\Developer\singleFile\Nexus_SingleFile_BE\BE\vendor\codeigniter4\framework\system\Database\MySQLi\Connection.php:327
Stack trace:
#0 D:\Developer\singleFile\Nexus_SingleFile_BE\BE\vendor\codeigniter4\framework\system\Database\MySQLi\Connection.php(327): mysqli->query('INSERT INTO `us...', 0)
#1 D:\Developer\singleFile\Nexus_SingleFile_BE\BE\vendor\codeigniter4\framework\system\Database\BaseConnection.php(729): CodeIgniter\Database\MySQLi\Connection->execute('INSERT INTO `us...')
#2 D:\Developer\singleFile\Nexus_SingleFile_BE\BE\vendor\codeigniter4\framework\system\Database\BaseConnection.php(646): CodeIgniter\Database\BaseConnection->simpleQuery('INSERT INTO `us...')
#3 D:\Developer\singleFile\Nexus_SingleFile_BE\BE\vendor\codeigniter4\framework\system\Database\BaseBuilder.php(2345): CodeIgniter\Database\BaseConnection->query('INSERT INTO `us...', Array, false)
#4 D:\Developer\singleFile\Nexus_SingleFile_BE\BE\app\Models\AuthModel.php(223): CodeIgniter\Database\BaseBuilder->insert(Array)
#5 D:\Developer\singleFile\Nexus_SingleFile_BE\BE\app\Models\AuthModel.php(92): App\Models\AuthModel->saveRefreshToken('1', 'eyJ0eXAiOiJKV1Q...')
#6 D:\Developer\singleFile\Nexus_SingleFile_BE\BE\app\Controllers\Api\Auth.php(41): App\Models\AuthModel->authenticate('admin@nexusqtec...', 'admin123')
#7 D:\Developer\singleFile\Nexus_SingleFile_BE\BE\vendor\codeigniter4\framework\system\CodeIgniter.php(933): App\Controllers\Api\Auth->login()
#8 D:\Developer\singleFile\Nexus_SingleFile_BE\BE\vendor\codeigniter4\framework\system\CodeIgniter.php(507): CodeIgniter\CodeIgniter->runController(Object(App\Controllers\Api\Auth))
#9 D:\Developer\singleFile\Nexus_SingleFile_BE\BE\vendor\codeigniter4\framework\system\CodeIgniter.php(354): CodeIgniter\CodeIgniter->handleRequest(NULL, Object(Config\Cache), false)
#10 D:\Developer\singleFile\Nexus_SingleFile_BE\BE\vendor\codeigniter4\framework\system\Boot.php(363): CodeIgniter\CodeIgniter->run()
#11 D:\Developer\singleFile\Nexus_SingleFile_BE\BE\vendor\codeigniter4\framework\system\Boot.php(68): CodeIgniter\Boot::runCodeIgniter(Object(CodeIgniter\CodeIgniter))
#12 D:\Developer\singleFile\Nexus_SingleFile_BE\BE\public\index.php(60): CodeIgniter\Boot::bootWeb(Object(Config\Paths))
#13 D:\Developer\singleFile\Nexus_SingleFile_BE\BE\vendor\codeigniter4\framework\system\rewrite.php(44): require_once('D:\\Developer\\si...')
#14 {main}
ERROR - 2026-03-01 07:18:13 --> Error guardando refresh token: Cannot add or update a child row: a foreign key constraint fails (`nexfile`.`user_refresh_token`, CONSTRAINT `FK_user_refresh_token_IdLastUserUpdate` FOREIGN KEY (`id_last_user_update`) REFERENCES `user` (`id`) ON DELETE SET NULL ON UPDATE CASCADE)
ERROR - 2026-03-01 07:18:15 --> mysqli_sql_exception: Cannot add or update a child row: a foreign key constraint fails (`nexfile`.`user_refresh_token`, CONSTRAINT `FK_user_refresh_token_IdLastUserUpdate` FOREIGN KEY (`id_last_user_update`) REFERENCES `user` (`id`) ON DELETE SET NULL ON UPDATE CASCADE) in D:\Developer\singleFile\Nexus_SingleFile_BE\BE\vendor\codeigniter4\framework\system\Database\MySQLi\Connection.php:327
Stack trace:
#0 D:\Developer\singleFile\Nexus_SingleFile_BE\BE\vendor\codeigniter4\framework\system\Database\MySQLi\Connection.php(327): mysqli->query('INSERT INTO `us...', 0)
#1 D:\Developer\singleFile\Nexus_SingleFile_BE\BE\vendor\codeigniter4\framework\system\Database\BaseConnection.php(729): CodeIgniter\Database\MySQLi\Connection->execute('INSERT INTO `us...')
#2 D:\Developer\singleFile\Nexus_SingleFile_BE\BE\vendor\codeigniter4\framework\system\Database\BaseConnection.php(646): CodeIgniter\Database\BaseConnection->simpleQuery('INSERT INTO `us...')
#3 D:\Developer\singleFile\Nexus_SingleFile_BE\BE\vendor\codeigniter4\framework\system\Database\BaseBuilder.php(2345): CodeIgniter\Database\BaseConnection->query('INSERT INTO `us...', Array, false)
#4 D:\Developer\singleFile\Nexus_SingleFile_BE\BE\app\Models\AuthModel.php(223): CodeIgniter\Database\BaseBuilder->insert(Array)
#5 D:\Developer\singleFile\Nexus_SingleFile_BE\BE\app\Models\AuthModel.php(92): App\Models\AuthModel->saveRefreshToken('1', 'eyJ0eXAiOiJKV1Q...')
#6 D:\Developer\singleFile\Nexus_SingleFile_BE\BE\app\Controllers\Api\Auth.php(41): App\Models\AuthModel->authenticate('admin@nexusqtec...', 'admin123')
#7 D:\Developer\singleFile\Nexus_SingleFile_BE\BE\vendor\codeigniter4\framework\system\CodeIgniter.php(933): App\Controllers\Api\Auth->login()
#8 D:\Developer\singleFile\Nexus_SingleFile_BE\BE\vendor\codeigniter4\framework\system\CodeIgniter.php(507): CodeIgniter\CodeIgniter->runController(Object(App\Controllers\Api\Auth))
#9 D:\Developer\singleFile\Nexus_SingleFile_BE\BE\vendor\codeigniter4\framework\system\CodeIgniter.php(354): CodeIgniter\CodeIgniter->handleRequest(NULL, Object(Config\Cache), false)
#10 D:\Developer\singleFile\Nexus_SingleFile_BE\BE\vendor\codeigniter4\framework\system\Boot.php(363): CodeIgniter\CodeIgniter->run()
#11 D:\Developer\singleFile\Nexus_SingleFile_BE\BE\vendor\codeigniter4\framework\system\Boot.php(68): CodeIgniter\Boot::runCodeIgniter(Object(CodeIgniter\CodeIgniter))
#12 D:\Developer\singleFile\Nexus_SingleFile_BE\BE\public\index.php(60): CodeIgniter\Boot::bootWeb(Object(Config\Paths))
#13 D:\Developer\singleFile\Nexus_SingleFile_BE\BE\vendor\codeigniter4\framework\system\rewrite.php(44): require_once('D:\\Developer\\si...')
#14 {main}
ERROR - 2026-03-01 07:18:15 --> Error guardando refresh token: Cannot add or update a child row: a foreign key constraint fails (`nexfile`.`user_refresh_token`, CONSTRAINT `FK_user_refresh_token_IdLastUserUpdate` FOREIGN KEY (`id_last_user_update`) REFERENCES `user` (`id`) ON DELETE SET NULL ON UPDATE CASCADE)
ERROR - 2026-03-01 07:18:23 --> mysqli_sql_exception: Cannot add or update a child row: a foreign key constraint fails (`nexfile`.`user_refresh_token`, CONSTRAINT `FK_user_refresh_token_IdLastUserUpdate` FOREIGN KEY (`id_last_user_update`) REFERENCES `user` (`id`) ON DELETE SET NULL ON UPDATE CASCADE) in D:\Developer\singleFile\Nexus_SingleFile_BE\BE\vendor\codeigniter4\framework\system\Database\MySQLi\Connection.php:327
Stack trace:
#0 D:\Developer\singleFile\Nexus_SingleFile_BE\BE\vendor\codeigniter4\framework\system\Database\MySQLi\Connection.php(327): mysqli->query('INSERT INTO `us...', 0)
#1 D:\Developer\singleFile\Nexus_SingleFile_BE\BE\vendor\codeigniter4\framework\system\Database\BaseConnection.php(729): CodeIgniter\Database\MySQLi\Connection->execute('INSERT INTO `us...')
#2 D:\Developer\singleFile\Nexus_SingleFile_BE\BE\vendor\codeigniter4\framework\system\Database\BaseConnection.php(646): CodeIgniter\Database\BaseConnection->simpleQuery('INSERT INTO `us...')
#3 D:\Developer\singleFile\Nexus_SingleFile_BE\BE\vendor\codeigniter4\framework\system\Database\BaseBuilder.php(2345): CodeIgniter\Database\BaseConnection->query('INSERT INTO `us...', Array, false)
#4 D:\Developer\singleFile\Nexus_SingleFile_BE\BE\app\Models\AuthModel.php(223): CodeIgniter\Database\BaseBuilder->insert(Array)
#5 D:\Developer\singleFile\Nexus_SingleFile_BE\BE\app\Models\AuthModel.php(92): App\Models\AuthModel->saveRefreshToken('1', 'eyJ0eXAiOiJKV1Q...')
#6 D:\Developer\singleFile\Nexus_SingleFile_BE\BE\app\Controllers\Api\Auth.php(41): App\Models\AuthModel->authenticate('admin@nexusqtec...', 'admin123')
#7 D:\Developer\singleFile\Nexus_SingleFile_BE\BE\vendor\codeigniter4\framework\system\CodeIgniter.php(933): App\Controllers\Api\Auth->login()
#8 D:\Developer\singleFile\Nexus_SingleFile_BE\BE\vendor\codeigniter4\framework\system\CodeIgniter.php(507): CodeIgniter\CodeIgniter->runController(Object(App\Controllers\Api\Auth))
#9 D:\Developer\singleFile\Nexus_SingleFile_BE\BE\vendor\codeigniter4\framework\system\CodeIgniter.php(354): CodeIgniter\CodeIgniter->handleRequest(NULL, Object(Config\Cache), false)
#10 D:\Developer\singleFile\Nexus_SingleFile_BE\BE\vendor\codeigniter4\framework\system\Boot.php(363): CodeIgniter\CodeIgniter->run()
#11 D:\Developer\singleFile\Nexus_SingleFile_BE\BE\vendor\codeigniter4\framework\system\Boot.php(68): CodeIgniter\Boot::runCodeIgniter(Object(CodeIgniter\CodeIgniter))
#12 D:\Developer\singleFile\Nexus_SingleFile_BE\BE\public\index.php(60): CodeIgniter\Boot::bootWeb(Object(Config\Paths))
#13 D:\Developer\singleFile\Nexus_SingleFile_BE\BE\vendor\codeigniter4\framework\system\rewrite.php(44): require_once('D:\\Developer\\si...')
#14 {main}
ERROR - 2026-03-01 07:18:23 --> Error guardando refresh token: Cannot add or update a child row: a foreign key constraint fails (`nexfile`.`user_refresh_token`, CONSTRAINT `FK_user_refresh_token_IdLastUserUpdate` FOREIGN KEY (`id_last_user_update`) REFERENCES `user` (`id`) ON DELETE SET NULL ON UPDATE CASCADE)
ERROR - 2026-03-01 07:18:24 --> mysqli_sql_exception: Cannot add or update a child row: a foreign key constraint fails (`nexfile`.`user_refresh_token`, CONSTRAINT `FK_user_refresh_token_IdLastUserUpdate` FOREIGN KEY (`id_last_user_update`) REFERENCES `user` (`id`) ON DELETE SET NULL ON UPDATE CASCADE) in D:\Developer\singleFile\Nexus_SingleFile_BE\BE\vendor\codeigniter4\framework\system\Database\MySQLi\Connection.php:327
Stack trace:
#0 D:\Developer\singleFile\Nexus_SingleFile_BE\BE\vendor\codeigniter4\framework\system\Database\MySQLi\Connection.php(327): mysqli->query('INSERT INTO `us...', 0)
#1 D:\Developer\singleFile\Nexus_SingleFile_BE\BE\vendor\codeigniter4\framework\system\Database\BaseConnection.php(729): CodeIgniter\Database\MySQLi\Connection->execute('INSERT INTO `us...')
#2 D:\Developer\singleFile\Nexus_SingleFile_BE\BE\vendor\codeigniter4\framework\system\Database\BaseConnection.php(646): CodeIgniter\Database\BaseConnection->simpleQuery('INSERT INTO `us...')
#3 D:\Developer\singleFile\Nexus_SingleFile_BE\BE\vendor\codeigniter4\framework\system\Database\BaseBuilder.php(2345): CodeIgniter\Database\BaseConnection->query('INSERT INTO `us...', Array, false)
#4 D:\Developer\singleFile\Nexus_SingleFile_BE\BE\app\Models\AuthModel.php(223): CodeIgniter\Database\BaseBuilder->insert(Array)
#5 D:\Developer\singleFile\Nexus_SingleFile_BE\BE\app\Models\AuthModel.php(92): App\Models\AuthModel->saveRefreshToken('1', 'eyJ0eXAiOiJKV1Q...')
#6 D:\Developer\singleFile\Nexus_SingleFile_BE\BE\app\Controllers\Api\Auth.php(41): App\Models\AuthModel->authenticate('admin@nexusqtec...', 'admin123')
#7 D:\Developer\singleFile\Nexus_SingleFile_BE\BE\vendor\codeigniter4\framework\system\CodeIgniter.php(933): App\Controllers\Api\Auth->login()
#8 D:\Developer\singleFile\Nexus_SingleFile_BE\BE\vendor\codeigniter4\framework\system\CodeIgniter.php(507): CodeIgniter\CodeIgniter->runController(Object(App\Controllers\Api\Auth))
#9 D:\Developer\singleFile\Nexus_SingleFile_BE\BE\vendor\codeigniter4\framework\system\CodeIgniter.php(354): CodeIgniter\CodeIgniter->handleRequest(NULL, Object(Config\Cache), false)
#10 D:\Developer\singleFile\Nexus_SingleFile_BE\BE\vendor\codeigniter4\framework\system\Boot.php(363): CodeIgniter\CodeIgniter->run()
#11 D:\Developer\singleFile\Nexus_SingleFile_BE\BE\vendor\codeigniter4\framework\system\Boot.php(68): CodeIgniter\Boot::runCodeIgniter(Object(CodeIgniter\CodeIgniter))
#12 D:\Developer\singleFile\Nexus_SingleFile_BE\BE\public\index.php(60): CodeIgniter\Boot::bootWeb(Object(Config\Paths))
#13 D:\Developer\singleFile\Nexus_SingleFile_BE\BE\vendor\codeigniter4\framework\system\rewrite.php(44): require_once('D:\\Developer\\si...')
#14 {main}
ERROR - 2026-03-01 07:18:24 --> Error guardando refresh token: Cannot add or update a child row: a foreign key constraint fails (`nexfile`.`user_refresh_token`, CONSTRAINT `FK_user_refresh_token_IdLastUserUpdate` FOREIGN KEY (`id_last_user_update`) REFERENCES `user` (`id`) ON DELETE SET NULL ON UPDATE CASCADE)
ERROR - 2026-03-01 07:18:33 --> mysqli_sql_exception: Cannot add or update a child row: a foreign key constraint fails (`nexfile`.`user_refresh_token`, CONSTRAINT `FK_user_refresh_token_IdLastUserUpdate` FOREIGN KEY (`id_last_user_update`) REFERENCES `user` (`id`) ON DELETE SET NULL ON UPDATE CASCADE) in D:\Developer\singleFile\Nexus_SingleFile_BE\BE\vendor\codeigniter4\framework\system\Database\MySQLi\Connection.php:327
Stack trace:
#0 D:\Developer\singleFile\Nexus_SingleFile_BE\BE\vendor\codeigniter4\framework\system\Database\MySQLi\Connection.php(327): mysqli->query('INSERT INTO `us...', 0)
#1 D:\Developer\singleFile\Nexus_SingleFile_BE\BE\vendor\codeigniter4\framework\system\Database\BaseConnection.php(729): CodeIgniter\Database\MySQLi\Connection->execute('INSERT INTO `us...')
#2 D:\Developer\singleFile\Nexus_SingleFile_BE\BE\vendor\codeigniter4\framework\system\Database\BaseConnection.php(646): CodeIgniter\Database\BaseConnection->simpleQuery('INSERT INTO `us...')
#3 D:\Developer\singleFile\Nexus_SingleFile_BE\BE\vendor\codeigniter4\framework\system\Database\BaseBuilder.php(2345): CodeIgniter\Database\BaseConnection->query('INSERT INTO `us...', Array, false)
#4 D:\Developer\singleFile\Nexus_SingleFile_BE\BE\app\Models\AuthModel.php(223): CodeIgniter\Database\BaseBuilder->insert(Array)
#5 D:\Developer\singleFile\Nexus_SingleFile_BE\BE\app\Models\AuthModel.php(92): App\Models\AuthModel->saveRefreshToken('1', 'eyJ0eXAiOiJKV1Q...')
#6 D:\Developer\singleFile\Nexus_SingleFile_BE\BE\app\Controllers\Api\Auth.php(41): App\Models\AuthModel->authenticate('admin@nexusqtec...', 'admin123')
#7 D:\Developer\singleFile\Nexus_SingleFile_BE\BE\vendor\codeigniter4\framework\system\CodeIgniter.php(933): App\Controllers\Api\Auth->login()
#8 D:\Developer\singleFile\Nexus_SingleFile_BE\BE\vendor\codeigniter4\framework\system\CodeIgniter.php(507): CodeIgniter\CodeIgniter->runController(Object(App\Controllers\Api\Auth))
#9 D:\Developer\singleFile\Nexus_SingleFile_BE\BE\vendor\codeigniter4\framework\system\CodeIgniter.php(354): CodeIgniter\CodeIgniter->handleRequest(NULL, Object(Config\Cache), false)
#10 D:\Developer\singleFile\Nexus_SingleFile_BE\BE\vendor\codeigniter4\framework\system\Boot.php(363): CodeIgniter\CodeIgniter->run()
#11 D:\Developer\singleFile\Nexus_SingleFile_BE\BE\vendor\codeigniter4\framework\system\Boot.php(68): CodeIgniter\Boot::runCodeIgniter(Object(CodeIgniter\CodeIgniter))
#12 D:\Developer\singleFile\Nexus_SingleFile_BE\BE\public\index.php(60): CodeIgniter\Boot::bootWeb(Object(Config\Paths))
#13 D:\Developer\singleFile\Nexus_SingleFile_BE\BE\vendor\codeigniter4\framework\system\rewrite.php(44): require_once('D:\\Developer\\si...')
#14 {main}
ERROR - 2026-03-01 07:18:33 --> Error guardando refresh token: Cannot add or update a child row: a foreign key constraint fails (`nexfile`.`user_refresh_token`, CONSTRAINT `FK_user_refresh_token_IdLastUserUpdate` FOREIGN KEY (`id_last_user_update`) REFERENCES `user` (`id`) ON DELETE SET NULL ON UPDATE CASCADE)
ERROR - 2026-03-01 07:18:40 --> mysqli_sql_exception: Cannot add or update a child row: a foreign key constraint fails (`nexfile`.`user_refresh_token`, CONSTRAINT `FK_user_refresh_token_IdLastUserUpdate` FOREIGN KEY (`id_last_user_update`) REFERENCES `user` (`id`) ON DELETE SET NULL ON UPDATE CASCADE) in D:\Developer\singleFile\Nexus_SingleFile_BE\BE\vendor\codeigniter4\framework\system\Database\MySQLi\Connection.php:327
Stack trace:
#0 D:\Developer\singleFile\Nexus_SingleFile_BE\BE\vendor\codeigniter4\framework\system\Database\MySQLi\Connection.php(327): mysqli->query('INSERT INTO `us...', 0)
#1 D:\Developer\singleFile\Nexus_SingleFile_BE\BE\vendor\codeigniter4\framework\system\Database\BaseConnection.php(729): CodeIgniter\Database\MySQLi\Connection->execute('INSERT INTO `us...')
#2 D:\Developer\singleFile\Nexus_SingleFile_BE\BE\vendor\codeigniter4\framework\system\Database\BaseConnection.php(646): CodeIgniter\Database\BaseConnection->simpleQuery('INSERT INTO `us...')
#3 D:\Developer\singleFile\Nexus_SingleFile_BE\BE\vendor\codeigniter4\framework\system\Database\BaseBuilder.php(2345): CodeIgniter\Database\BaseConnection->query('INSERT INTO `us...', Array, false)
#4 D:\Developer\singleFile\Nexus_SingleFile_BE\BE\app\Models\AuthModel.php(223): CodeIgniter\Database\BaseBuilder->insert(Array)
#5 D:\Developer\singleFile\Nexus_SingleFile_BE\BE\app\Models\AuthModel.php(92): App\Models\AuthModel->saveRefreshToken('1', 'eyJ0eXAiOiJKV1Q...')
#6 D:\Developer\singleFile\Nexus_SingleFile_BE\BE\app\Controllers\Api\Auth.php(41): App\Models\AuthModel->authenticate('admin@nexusqtec...', 'admin123')
#7 D:\Developer\singleFile\Nexus_SingleFile_BE\BE\vendor\codeigniter4\framework\system\CodeIgniter.php(933): App\Controllers\Api\Auth->login()
#8 D:\Developer\singleFile\Nexus_SingleFile_BE\BE\vendor\codeigniter4\framework\system\CodeIgniter.php(507): CodeIgniter\CodeIgniter->runController(Object(App\Controllers\Api\Auth))
#9 D:\Developer\singleFile\Nexus_SingleFile_BE\BE\vendor\codeigniter4\framework\system\CodeIgniter.php(354): CodeIgniter\CodeIgniter->handleRequest(NULL, Object(Config\Cache), false)
#10 D:\Developer\singleFile\Nexus_SingleFile_BE\BE\vendor\codeigniter4\framework\system\Boot.php(363): CodeIgniter\CodeIgniter->run()
#11 D:\Developer\singleFile\Nexus_SingleFile_BE\BE\vendor\codeigniter4\framework\system\Boot.php(68): CodeIgniter\Boot::runCodeIgniter(Object(CodeIgniter\CodeIgniter))
#12 D:\Developer\singleFile\Nexus_SingleFile_BE\BE\public\index.php(60): CodeIgniter\Boot::bootWeb(Object(Config\Paths))
#13 D:\Developer\singleFile\Nexus_SingleFile_BE\BE\vendor\codeigniter4\framework\system\rewrite.php(44): require_once('D:\\Developer\\si...')
#14 {main}
ERROR - 2026-03-01 07:18:40 --> Error guardando refresh token: Cannot add or update a child row: a foreign key constraint fails (`nexfile`.`user_refresh_token`, CONSTRAINT `FK_user_refresh_token_IdLastUserUpdate` FOREIGN KEY (`id_last_user_update`) REFERENCES `user` (`id`) ON DELETE SET NULL ON UPDATE CASCADE)
ERROR - 2026-03-01 07:18:46 --> mysqli_sql_exception: Cannot add or update a child row: a foreign key constraint fails (`nexfile`.`user_refresh_token`, CONSTRAINT `FK_user_refresh_token_IdLastUserUpdate` FOREIGN KEY (`id_last_user_update`) REFERENCES `user` (`id`) ON DELETE SET NULL ON UPDATE CASCADE) in D:\Developer\singleFile\Nexus_SingleFile_BE\BE\vendor\codeigniter4\framework\system\Database\MySQLi\Connection.php:327
Stack trace:
#0 D:\Developer\singleFile\Nexus_SingleFile_BE\BE\vendor\codeigniter4\framework\system\Database\MySQLi\Connection.php(327): mysqli->query('INSERT INTO `us...', 0)
#1 D:\Developer\singleFile\Nexus_SingleFile_BE\BE\vendor\codeigniter4\framework\system\Database\BaseConnection.php(729): CodeIgniter\Database\MySQLi\Connection->execute('INSERT INTO `us...')
#2 D:\Developer\singleFile\Nexus_SingleFile_BE\BE\vendor\codeigniter4\framework\system\Database\BaseConnection.php(646): CodeIgniter\Database\BaseConnection->simpleQuery('INSERT INTO `us...')
#3 D:\Developer\singleFile\Nexus_SingleFile_BE\BE\vendor\codeigniter4\framework\system\Database\BaseBuilder.php(2345): CodeIgniter\Database\BaseConnection->query('INSERT INTO `us...', Array, false)
#4 D:\Developer\singleFile\Nexus_SingleFile_BE\BE\app\Models\AuthModel.php(223): CodeIgniter\Database\BaseBuilder->insert(Array)
#5 D:\Developer\singleFile\Nexus_SingleFile_BE\BE\app\Models\AuthModel.php(92): App\Models\AuthModel->saveRefreshToken('1', 'eyJ0eXAiOiJKV1Q...')
#6 D:\Developer\singleFile\Nexus_SingleFile_BE\BE\app\Controllers\Api\Auth.php(41): App\Models\AuthModel->authenticate('admin@nexusqtec...', 'admin123')
#7 D:\Developer\singleFile\Nexus_SingleFile_BE\BE\vendor\codeigniter4\framework\system\CodeIgniter.php(933): App\Controllers\Api\Auth->login()
#8 D:\Developer\singleFile\Nexus_SingleFile_BE\BE\vendor\codeigniter4\framework\system\CodeIgniter.php(507): CodeIgniter\CodeIgniter->runController(Object(App\Controllers\Api\Auth))
#9 D:\Developer\singleFile\Nexus_SingleFile_BE\BE\vendor\codeigniter4\framework\system\CodeIgniter.php(354): CodeIgniter\CodeIgniter->handleRequest(NULL, Object(Config\Cache), false)
#10 D:\Developer\singleFile\Nexus_SingleFile_BE\BE\vendor\codeigniter4\framework\system\Boot.php(363): CodeIgniter\CodeIgniter->run()
#11 D:\Developer\singleFile\Nexus_SingleFile_BE\BE\vendor\codeigniter4\framework\system\Boot.php(68): CodeIgniter\Boot::runCodeIgniter(Object(CodeIgniter\CodeIgniter))
#12 D:\Developer\singleFile\Nexus_SingleFile_BE\BE\public\index.php(60): CodeIgniter\Boot::bootWeb(Object(Config\Paths))
#13 D:\Developer\singleFile\Nexus_SingleFile_BE\BE\vendor\codeigniter4\framework\system\rewrite.php(44): require_once('D:\\Developer\\si...')
#14 {main}
ERROR - 2026-03-01 07:18:46 --> Error guardando refresh token: Cannot add or update a child row: a foreign key constraint fails (`nexfile`.`user_refresh_token`, CONSTRAINT `FK_user_refresh_token_IdLastUserUpdate` FOREIGN KEY (`id_last_user_update`) REFERENCES `user` (`id`) ON DELETE SET NULL ON UPDATE CASCADE)
ERROR - 2026-03-01 07:19:10 --> mysqli_sql_exception: Cannot add or update a child row: a foreign key constraint fails (`nexfile`.`user_refresh_token`, CONSTRAINT `FK_user_refresh_token_IdLastUserUpdate` FOREIGN KEY (`id_last_user_update`) REFERENCES `user` (`id`) ON DELETE SET NULL ON UPDATE CASCADE) in D:\Developer\singleFile\Nexus_SingleFile_BE\BE\vendor\codeigniter4\framework\system\Database\MySQLi\Connection.php:327
Stack trace:
#0 D:\Developer\singleFile\Nexus_SingleFile_BE\BE\vendor\codeigniter4\framework\system\Database\MySQLi\Connection.php(327): mysqli->query('INSERT INTO `us...', 0)
#1 D:\Developer\singleFile\Nexus_SingleFile_BE\BE\vendor\codeigniter4\framework\system\Database\BaseConnection.php(729): CodeIgniter\Database\MySQLi\Connection->execute('INSERT INTO `us...')
#2 D:\Developer\singleFile\Nexus_SingleFile_BE\BE\vendor\codeigniter4\framework\system\Database\BaseConnection.php(646): CodeIgniter\Database\BaseConnection->simpleQuery('INSERT INTO `us...')
#3 D:\Developer\singleFile\Nexus_SingleFile_BE\BE\vendor\codeigniter4\framework\system\Database\BaseBuilder.php(2345): CodeIgniter\Database\BaseConnection->query('INSERT INTO `us...', Array, false)
#4 D:\Developer\singleFile\Nexus_SingleFile_BE\BE\app\Models\AuthModel.php(223): CodeIgniter\Database\BaseBuilder->insert(Array)
#5 D:\Developer\singleFile\Nexus_SingleFile_BE\BE\app\Models\AuthModel.php(92): App\Models\AuthModel->saveRefreshToken('1', 'eyJ0eXAiOiJKV1Q...')
#6 D:\Developer\singleFile\Nexus_SingleFile_BE\BE\app\Controllers\Api\Auth.php(41): App\Models\AuthModel->authenticate('admin@nexusqtec...', 'admin123')
#7 D:\Developer\singleFile\Nexus_SingleFile_BE\BE\vendor\codeigniter4\framework\system\CodeIgniter.php(933): App\Controllers\Api\Auth->login()
#8 D:\Developer\singleFile\Nexus_SingleFile_BE\BE\vendor\codeigniter4\framework\system\CodeIgniter.php(507): CodeIgniter\CodeIgniter->runController(Object(App\Controllers\Api\Auth))
#9 D:\Developer\singleFile\Nexus_SingleFile_BE\BE\vendor\codeigniter4\framework\system\CodeIgniter.php(354): CodeIgniter\CodeIgniter->handleRequest(NULL, Object(Config\Cache), false)
#10 D:\Developer\singleFile\Nexus_SingleFile_BE\BE\vendor\codeigniter4\framework\system\Boot.php(363): CodeIgniter\CodeIgniter->run()
#11 D:\Developer\singleFile\Nexus_SingleFile_BE\BE\vendor\codeigniter4\framework\system\Boot.php(68): CodeIgniter\Boot::runCodeIgniter(Object(CodeIgniter\CodeIgniter))
#12 D:\Developer\singleFile\Nexus_SingleFile_BE\BE\public\index.php(60): CodeIgniter\Boot::bootWeb(Object(Config\Paths))
#13 D:\Developer\singleFile\Nexus_SingleFile_BE\BE\vendor\codeigniter4\framework\system\rewrite.php(44): require_once('D:\\Developer\\si...')
#14 {main}
ERROR - 2026-03-01 07:19:10 --> Error guardando refresh token: Cannot add or update a child row: a foreign key constraint fails (`nexfile`.`user_refresh_token`, CONSTRAINT `FK_user_refresh_token_IdLastUserUpdate` FOREIGN KEY (`id_last_user_update`) REFERENCES `user` (`id`) ON DELETE SET NULL ON UPDATE CASCADE)
ERROR - 2026-03-01 07:19:12 --> mysqli_sql_exception: Cannot add or update a child row: a foreign key constraint fails (`nexfile`.`user_refresh_token`, CONSTRAINT `FK_user_refresh_token_IdLastUserUpdate` FOREIGN KEY (`id_last_user_update`) REFERENCES `user` (`id`) ON DELETE SET NULL ON UPDATE CASCADE) in D:\Developer\singleFile\Nexus_SingleFile_BE\BE\vendor\codeigniter4\framework\system\Database\MySQLi\Connection.php:327
Stack trace:
#0 D:\Developer\singleFile\Nexus_SingleFile_BE\BE\vendor\codeigniter4\framework\system\Database\MySQLi\Connection.php(327): mysqli->query('INSERT INTO `us...', 0)
#1 D:\Developer\singleFile\Nexus_SingleFile_BE\BE\vendor\codeigniter4\framework\system\Database\BaseConnection.php(729): CodeIgniter\Database\MySQLi\Connection->execute('INSERT INTO `us...')
#2 D:\Developer\singleFile\Nexus_SingleFile_BE\BE\vendor\codeigniter4\framework\system\Database\BaseConnection.php(646): CodeIgniter\Database\BaseConnection->simpleQuery('INSERT INTO `us...')
#3 D:\Developer\singleFile\Nexus_SingleFile_BE\BE\vendor\codeigniter4\framework\system\Database\BaseBuilder.php(2345): CodeIgniter\Database\BaseConnection->query('INSERT INTO `us...', Array, false)
#4 D:\Developer\singleFile\Nexus_SingleFile_BE\BE\app\Models\AuthModel.php(223): CodeIgniter\Database\BaseBuilder->insert(Array)
#5 D:\Developer\singleFile\Nexus_SingleFile_BE\BE\app\Models\AuthModel.php(92): App\Models\AuthModel->saveRefreshToken('1', 'eyJ0eXAiOiJKV1Q...')
#6 D:\Developer\singleFile\Nexus_SingleFile_BE\BE\app\Controllers\Api\Auth.php(41): App\Models\AuthModel->authenticate('admin@nexusqtec...', 'admin123')
#7 D:\Developer\singleFile\Nexus_SingleFile_BE\BE\vendor\codeigniter4\framework\system\CodeIgniter.php(933): App\Controllers\Api\Auth->login()
#8 D:\Developer\singleFile\Nexus_SingleFile_BE\BE\vendor\codeigniter4\framework\system\CodeIgniter.php(507): CodeIgniter\CodeIgniter->runController(Object(App\Controllers\Api\Auth))
#9 D:\Developer\singleFile\Nexus_SingleFile_BE\BE\vendor\codeigniter4\framework\system\CodeIgniter.php(354): CodeIgniter\CodeIgniter->handleRequest(NULL, Object(Config\Cache), false)
#10 D:\Developer\singleFile\Nexus_SingleFile_BE\BE\vendor\codeigniter4\framework\system\Boot.php(363): CodeIgniter\CodeIgniter->run()
#11 D:\Developer\singleFile\Nexus_SingleFile_BE\BE\vendor\codeigniter4\framework\system\Boot.php(68): CodeIgniter\Boot::runCodeIgniter(Object(CodeIgniter\CodeIgniter))
#12 D:\Developer\singleFile\Nexus_SingleFile_BE\BE\public\index.php(60): CodeIgniter\Boot::bootWeb(Object(Config\Paths))
#13 D:\Developer\singleFile\Nexus_SingleFile_BE\BE\vendor\codeigniter4\framework\system\rewrite.php(44): require_once('D:\\Developer\\si...')
#14 {main}
ERROR - 2026-03-01 07:19:12 --> Error guardando refresh token: Cannot add or update a child row: a foreign key constraint fails (`nexfile`.`user_refresh_token`, CONSTRAINT `FK_user_refresh_token_IdLastUserUpdate` FOREIGN KEY (`id_last_user_update`) REFERENCES `user` (`id`) ON DELETE SET NULL ON UPDATE CASCADE)
ERROR - 2026-03-01 07:19:14 --> mysqli_sql_exception: Unknown column 'd.IdDocumentType' in 'on clause' in D:\Developer\singleFile\Nexus_SingleFile_BE\BE\vendor\codeigniter4\framework\system\Database\MySQLi\Connection.php:327
Stack trace:
#0 D:\Developer\singleFile\Nexus_SingleFile_BE\BE\vendor\codeigniter4\framework\system\Database\MySQLi\Connection.php(327): mysqli->query('SELECT `dt`.`Na...', 0)
#1 D:\Developer\singleFile\Nexus_SingleFile_BE\BE\vendor\codeigniter4\framework\system\Database\BaseConnection.php(729): CodeIgniter\Database\MySQLi\Connection->execute('SELECT `dt`.`Na...')
#2 D:\Developer\singleFile\Nexus_SingleFile_BE\BE\vendor\codeigniter4\framework\system\Database\BaseConnection.php(646): CodeIgniter\Database\BaseConnection->simpleQuery('SELECT `dt`.`Na...')
#3 D:\Developer\singleFile\Nexus_SingleFile_BE\BE\vendor\codeigniter4\framework\system\Database\BaseBuilder.php(1649): CodeIgniter\Database\BaseConnection->query('SELECT `dt`.`Na...', Array, false)
#4 D:\Developer\singleFile\Nexus_SingleFile_BE\BE\app\Controllers\Api\Analytics.php(131): CodeIgniter\Database\BaseBuilder->get()
#5 D:\Developer\singleFile\Nexus_SingleFile_BE\BE\app\Controllers\Api\Analytics.php(66): App\Controllers\Api\Analytics->getDocumentStats(Array)
#6 D:\Developer\singleFile\Nexus_SingleFile_BE\BE\vendor\codeigniter4\framework\system\CodeIgniter.php(933): App\Controllers\Api\Analytics->getDashboardData()
#7 D:\Developer\singleFile\Nexus_SingleFile_BE\BE\vendor\codeigniter4\framework\system\CodeIgniter.php(507): CodeIgniter\CodeIgniter->runController(Object(App\Controllers\Api\Analytics))
#8 D:\Developer\singleFile\Nexus_SingleFile_BE\BE\vendor\codeigniter4\framework\system\CodeIgniter.php(354): CodeIgniter\CodeIgniter->handleRequest(NULL, Object(Config\Cache), false)
#9 D:\Developer\singleFile\Nexus_SingleFile_BE\BE\vendor\codeigniter4\framework\system\Boot.php(363): CodeIgniter\CodeIgniter->run()
#10 D:\Developer\singleFile\Nexus_SingleFile_BE\BE\vendor\codeigniter4\framework\system\Boot.php(68): CodeIgniter\Boot::runCodeIgniter(Object(CodeIgniter\CodeIgniter))
#11 D:\Developer\singleFile\Nexus_SingleFile_BE\BE\public\index.php(60): CodeIgniter\Boot::bootWeb(Object(Config\Paths))
#12 D:\Developer\singleFile\Nexus_SingleFile_BE\BE\vendor\codeigniter4\framework\system\rewrite.php(44): require_once('D:\\Developer\\si...')
#13 {main}
ERROR - 2026-03-01 07:19:14 --> Error en Analytics::getDocumentStats: Unknown column 'd.IdDocumentType' in 'on clause'
ERROR - 2026-03-01 07:19:15 --> mysqli_sql_exception: Unknown column 'process.RegistrationDate' in 'field list' in D:\Developer\singleFile\Nexus_SingleFile_BE\BE\vendor\codeigniter4\framework\system\Database\MySQLi\Connection.php:327
Stack trace:
#0 D:\Developer\singleFile\Nexus_SingleFile_BE\BE\vendor\codeigniter4\framework\system\Database\MySQLi\Connection.php(327): mysqli->query('SELECT DATE_FOR...', 0)
#1 D:\Developer\singleFile\Nexus_SingleFile_BE\BE\vendor\codeigniter4\framework\system\Database\BaseConnection.php(729): CodeIgniter\Database\MySQLi\Connection->execute('SELECT DATE_FOR...')
#2 D:\Developer\singleFile\Nexus_SingleFile_BE\BE\vendor\codeigniter4\framework\system\Database\BaseConnection.php(646): CodeIgniter\Database\BaseConnection->simpleQuery('SELECT DATE_FOR...')
#3 D:\Developer\singleFile\Nexus_SingleFile_BE\BE\vendor\codeigniter4\framework\system\Database\BaseBuilder.php(1649): CodeIgniter\Database\BaseConnection->query('SELECT DATE_FOR...', Array, false)
#4 D:\Developer\singleFile\Nexus_SingleFile_BE\BE\app\Controllers\Api\Analytics.php(272): CodeIgniter\Database\BaseBuilder->get()
#5 D:\Developer\singleFile\Nexus_SingleFile_BE\BE\app\Controllers\Api\Analytics.php(67): App\Controllers\Api\Analytics->getProcessStats(Array)
#6 D:\Developer\singleFile\Nexus_SingleFile_BE\BE\vendor\codeigniter4\framework\system\CodeIgniter.php(933): App\Controllers\Api\Analytics->getDashboardData()
#7 D:\Developer\singleFile\Nexus_SingleFile_BE\BE\vendor\codeigniter4\framework\system\CodeIgniter.php(507): CodeIgniter\CodeIgniter->runController(Object(App\Controllers\Api\Analytics))
#8 D:\Developer\singleFile\Nexus_SingleFile_BE\BE\vendor\codeigniter4\framework\system\CodeIgniter.php(354): CodeIgniter\CodeIgniter->handleRequest(NULL, Object(Config\Cache), false)
#9 D:\Developer\singleFile\Nexus_SingleFile_BE\BE\vendor\codeigniter4\framework\system\Boot.php(363): CodeIgniter\CodeIgniter->run()
#10 D:\Developer\singleFile\Nexus_SingleFile_BE\BE\vendor\codeigniter4\framework\system\Boot.php(68): CodeIgniter\Boot::runCodeIgniter(Object(CodeIgniter\CodeIgniter))
#11 D:\Developer\singleFile\Nexus_SingleFile_BE\BE\public\index.php(60): CodeIgniter\Boot::bootWeb(Object(Config\Paths))
#12 D:\Developer\singleFile\Nexus_SingleFile_BE\BE\vendor\codeigniter4\framework\system\rewrite.php(44): require_once('D:\\Developer\\si...')
#13 {main}
ERROR - 2026-03-01 07:19:15 --> Error en Analytics::getProcessStats: Unknown column 'process.RegistrationDate' in 'field list'
ERROR - 2026-03-01 07:19:15 --> Trace: #0 D:\Developer\singleFile\Nexus_SingleFile_BE\BE\vendor\codeigniter4\framework\system\Database\BaseBuilder.php(1649): CodeIgniter\Database\BaseConnection->query('SELECT DATE_FOR...', Array, false)
#1 D:\Developer\singleFile\Nexus_SingleFile_BE\BE\app\Controllers\Api\Analytics.php(272): CodeIgniter\Database\BaseBuilder->get()
#2 D:\Developer\singleFile\Nexus_SingleFile_BE\BE\app\Controllers\Api\Analytics.php(67): App\Controllers\Api\Analytics->getProcessStats(Array)
#3 D:\Developer\singleFile\Nexus_SingleFile_BE\BE\vendor\codeigniter4\framework\system\CodeIgniter.php(933): App\Controllers\Api\Analytics->getDashboardData()
#4 D:\Developer\singleFile\Nexus_SingleFile_BE\BE\vendor\codeigniter4\framework\system\CodeIgniter.php(507): CodeIgniter\CodeIgniter->runController(Object(App\Controllers\Api\Analytics))
#5 D:\Developer\singleFile\Nexus_SingleFile_BE\BE\vendor\codeigniter4\framework\system\CodeIgniter.php(354): CodeIgniter\CodeIgniter->handleRequest(NULL, Object(Config\Cache), false)
#6 D:\Developer\singleFile\Nexus_SingleFile_BE\BE\vendor\codeigniter4\framework\system\Boot.php(363): CodeIgniter\CodeIgniter->run()
#7 D:\Developer\singleFile\Nexus_SingleFile_BE\BE\vendor\codeigniter4\framework\system\Boot.php(68): CodeIgniter\Boot::runCodeIgniter(Object(CodeIgniter\CodeIgniter))
#8 D:\Developer\singleFile\Nexus_SingleFile_BE\BE\public\index.php(60): CodeIgniter\Boot::bootWeb(Object(Config\Paths))
#9 D:\Developer\singleFile\Nexus_SingleFile_BE\BE\vendor\codeigniter4\framework\system\rewrite.php(44): require_once('D:\\Developer\\si...')
#10 {main}
ERROR - 2026-03-01 07:19:22 --> mysqli_sql_exception: Cannot add or update a child row: a foreign key constraint fails (`nexfile`.`user_refresh_token`, CONSTRAINT `FK_user_refresh_token_IdLastUserUpdate` FOREIGN KEY (`id_last_user_update`) REFERENCES `user` (`id`) ON DELETE SET NULL ON UPDATE CASCADE) in D:\Developer\singleFile\Nexus_SingleFile_BE\BE\vendor\codeigniter4\framework\system\Database\MySQLi\Connection.php:327
Stack trace:
#0 D:\Developer\singleFile\Nexus_SingleFile_BE\BE\vendor\codeigniter4\framework\system\Database\MySQLi\Connection.php(327): mysqli->query('INSERT INTO `us...', 0)
#1 D:\Developer\singleFile\Nexus_SingleFile_BE\BE\vendor\codeigniter4\framework\system\Database\BaseConnection.php(729): CodeIgniter\Database\MySQLi\Connection->execute('INSERT INTO `us...')
#2 D:\Developer\singleFile\Nexus_SingleFile_BE\BE\vendor\codeigniter4\framework\system\Database\BaseConnection.php(646): CodeIgniter\Database\BaseConnection->simpleQuery('INSERT INTO `us...')
#3 D:\Developer\singleFile\Nexus_SingleFile_BE\BE\vendor\codeigniter4\framework\system\Database\BaseBuilder.php(2345): CodeIgniter\Database\BaseConnection->query('INSERT INTO `us...', Array, false)
#4 D:\Developer\singleFile\Nexus_SingleFile_BE\BE\app\Models\AuthModel.php(223): CodeIgniter\Database\BaseBuilder->insert(Array)
#5 D:\Developer\singleFile\Nexus_SingleFile_BE\BE\app\Models\AuthModel.php(92): App\Models\AuthModel->saveRefreshToken('1', 'eyJ0eXAiOiJKV1Q...')
#6 D:\Developer\singleFile\Nexus_SingleFile_BE\BE\app\Controllers\Api\Auth.php(41): App\Models\AuthModel->authenticate('admin@nexusqtec...', 'admin123')
#7 D:\Developer\singleFile\Nexus_SingleFile_BE\BE\vendor\codeigniter4\framework\system\CodeIgniter.php(933): App\Controllers\Api\Auth->login()
#8 D:\Developer\singleFile\Nexus_SingleFile_BE\BE\vendor\codeigniter4\framework\system\CodeIgniter.php(507): CodeIgniter\CodeIgniter->runController(Object(App\Controllers\Api\Auth))
#9 D:\Developer\singleFile\Nexus_SingleFile_BE\BE\vendor\codeigniter4\framework\system\CodeIgniter.php(354): CodeIgniter\CodeIgniter->handleRequest(NULL, Object(Config\Cache), false)
#10 D:\Developer\singleFile\Nexus_SingleFile_BE\BE\vendor\codeigniter4\framework\system\Boot.php(363): CodeIgniter\CodeIgniter->run()
#11 D:\Developer\singleFile\Nexus_SingleFile_BE\BE\vendor\codeigniter4\framework\system\Boot.php(68): CodeIgniter\Boot::runCodeIgniter(Object(CodeIgniter\CodeIgniter))
#12 D:\Developer\singleFile\Nexus_SingleFile_BE\BE\public\index.php(60): CodeIgniter\Boot::bootWeb(Object(Config\Paths))
#13 D:\Developer\singleFile\Nexus_SingleFile_BE\BE\vendor\codeigniter4\framework\system\rewrite.php(44): require_once('D:\\Developer\\si...')
#14 {main}
ERROR - 2026-03-01 07:19:22 --> Error guardando refresh token: Cannot add or update a child row: a foreign key constraint fails (`nexfile`.`user_refresh_token`, CONSTRAINT `FK_user_refresh_token_IdLastUserUpdate` FOREIGN KEY (`id_last_user_update`) REFERENCES `user` (`id`) ON DELETE SET NULL ON UPDATE CASCADE)
ERROR - 2026-03-01 07:19:24 --> mysqli_sql_exception: Cannot add or update a child row: a foreign key constraint fails (`nexfile`.`user_refresh_token`, CONSTRAINT `FK_user_refresh_token_IdLastUserUpdate` FOREIGN KEY (`id_last_user_update`) REFERENCES `user` (`id`) ON DELETE SET NULL ON UPDATE CASCADE) in D:\Developer\singleFile\Nexus_SingleFile_BE\BE\vendor\codeigniter4\framework\system\Database\MySQLi\Connection.php:327
Stack trace:
#0 D:\Developer\singleFile\Nexus_SingleFile_BE\BE\vendor\codeigniter4\framework\system\Database\MySQLi\Connection.php(327): mysqli->query('INSERT INTO `us...', 0)
#1 D:\Developer\singleFile\Nexus_SingleFile_BE\BE\vendor\codeigniter4\framework\system\Database\BaseConnection.php(729): CodeIgniter\Database\MySQLi\Connection->execute('INSERT INTO `us...')
#2 D:\Developer\singleFile\Nexus_SingleFile_BE\BE\vendor\codeigniter4\framework\system\Database\BaseConnection.php(646): CodeIgniter\Database\BaseConnection->simpleQuery('INSERT INTO `us...')
#3 D:\Developer\singleFile\Nexus_SingleFile_BE\BE\vendor\codeigniter4\framework\system\Database\BaseBuilder.php(2345): CodeIgniter\Database\BaseConnection->query('INSERT INTO `us...', Array, false)
#4 D:\Developer\singleFile\Nexus_SingleFile_BE\BE\app\Models\AuthModel.php(223): CodeIgniter\Database\BaseBuilder->insert(Array)
#5 D:\Developer\singleFile\Nexus_SingleFile_BE\BE\app\Models\AuthModel.php(92): App\Models\AuthModel->saveRefreshToken('1', 'eyJ0eXAiOiJKV1Q...')
#6 D:\Developer\singleFile\Nexus_SingleFile_BE\BE\app\Controllers\Api\Auth.php(41): App\Models\AuthModel->authenticate('admin@nexusqtec...', 'admin123')
#7 D:\Developer\singleFile\Nexus_SingleFile_BE\BE\vendor\codeigniter4\framework\system\CodeIgniter.php(933): App\Controllers\Api\Auth->login()
#8 D:\Developer\singleFile\Nexus_SingleFile_BE\BE\vendor\codeigniter4\framework\system\CodeIgniter.php(507): CodeIgniter\CodeIgniter->runController(Object(App\Controllers\Api\Auth))
#9 D:\Developer\singleFile\Nexus_SingleFile_BE\BE\vendor\codeigniter4\framework\system\CodeIgniter.php(354): CodeIgniter\CodeIgniter->handleRequest(NULL, Object(Config\Cache), false)
#10 D:\Developer\singleFile\Nexus_SingleFile_BE\BE\vendor\codeigniter4\framework\system\Boot.php(363): CodeIgniter\CodeIgniter->run()
#11 D:\Developer\singleFile\Nexus_SingleFile_BE\BE\vendor\codeigniter4\framework\system\Boot.php(68): CodeIgniter\Boot::runCodeIgniter(Object(CodeIgniter\CodeIgniter))
#12 D:\Developer\singleFile\Nexus_SingleFile_BE\BE\public\index.php(60): CodeIgniter\Boot::bootWeb(Object(Config\Paths))
#13 D:\Developer\singleFile\Nexus_SingleFile_BE\BE\vendor\codeigniter4\framework\system\rewrite.php(44): require_once('D:\\Developer\\si...')
#14 {main}
ERROR - 2026-03-01 07:19:24 --> Error guardando refresh token: Cannot add or update a child row: a foreign key constraint fails (`nexfile`.`user_refresh_token`, CONSTRAINT `FK_user_refresh_token_IdLastUserUpdate` FOREIGN KEY (`id_last_user_update`) REFERENCES `user` (`id`) ON DELETE SET NULL ON UPDATE CASCADE)
ERROR - 2026-03-01 07:19:30 --> mysqli_sql_exception: Cannot add or update a child row: a foreign key constraint fails (`nexfile`.`user_refresh_token`, CONSTRAINT `FK_user_refresh_token_IdLastUserUpdate` FOREIGN KEY (`id_last_user_update`) REFERENCES `user` (`id`) ON DELETE SET NULL ON UPDATE CASCADE) in D:\Developer\singleFile\Nexus_SingleFile_BE\BE\vendor\codeigniter4\framework\system\Database\MySQLi\Connection.php:327
Stack trace:
#0 D:\Developer\singleFile\Nexus_SingleFile_BE\BE\vendor\codeigniter4\framework\system\Database\MySQLi\Connection.php(327): mysqli->query('INSERT INTO `us...', 0)
#1 D:\Developer\singleFile\Nexus_SingleFile_BE\BE\vendor\codeigniter4\framework\system\Database\BaseConnection.php(729): CodeIgniter\Database\MySQLi\Connection->execute('INSERT INTO `us...')
#2 D:\Developer\singleFile\Nexus_SingleFile_BE\BE\vendor\codeigniter4\framework\system\Database\BaseConnection.php(646): CodeIgniter\Database\BaseConnection->simpleQuery('INSERT INTO `us...')
#3 D:\Developer\singleFile\Nexus_SingleFile_BE\BE\vendor\codeigniter4\framework\system\Database\BaseBuilder.php(2345): CodeIgniter\Database\BaseConnection->query('INSERT INTO `us...', Array, false)
#4 D:\Developer\singleFile\Nexus_SingleFile_BE\BE\app\Models\AuthModel.php(223): CodeIgniter\Database\BaseBuilder->insert(Array)
#5 D:\Developer\singleFile\Nexus_SingleFile_BE\BE\app\Models\AuthModel.php(92): App\Models\AuthModel->saveRefreshToken('1', 'eyJ0eXAiOiJKV1Q...')
#6 D:\Developer\singleFile\Nexus_SingleFile_BE\BE\app\Controllers\Api\Auth.php(41): App\Models\AuthModel->authenticate('admin@nexusqtec...', 'admin123')
#7 D:\Developer\singleFile\Nexus_SingleFile_BE\BE\vendor\codeigniter4\framework\system\CodeIgniter.php(933): App\Controllers\Api\Auth->login()
#8 D:\Developer\singleFile\Nexus_SingleFile_BE\BE\vendor\codeigniter4\framework\system\CodeIgniter.php(507): CodeIgniter\CodeIgniter->runController(Object(App\Controllers\Api\Auth))
#9 D:\Developer\singleFile\Nexus_SingleFile_BE\BE\vendor\codeigniter4\framework\system\CodeIgniter.php(354): CodeIgniter\CodeIgniter->handleRequest(NULL, Object(Config\Cache), false)
#10 D:\Developer\singleFile\Nexus_SingleFile_BE\BE\vendor\codeigniter4\framework\system\Boot.php(363): CodeIgniter\CodeIgniter->run()
#11 D:\Developer\singleFile\Nexus_SingleFile_BE\BE\vendor\codeigniter4\framework\system\Boot.php(68): CodeIgniter\Boot::runCodeIgniter(Object(CodeIgniter\CodeIgniter))
#12 D:\Developer\singleFile\Nexus_SingleFile_BE\BE\public\index.php(60): CodeIgniter\Boot::bootWeb(Object(Config\Paths))
#13 D:\Developer\singleFile\Nexus_SingleFile_BE\BE\vendor\codeigniter4\framework\system\rewrite.php(44): require_once('D:\\Developer\\si...')
#14 {main}
ERROR - 2026-03-01 07:19:30 --> Error guardando refresh token: Cannot add or update a child row: a foreign key constraint fails (`nexfile`.`user_refresh_token`, CONSTRAINT `FK_user_refresh_token_IdLastUserUpdate` FOREIGN KEY (`id_last_user_update`) REFERENCES `user` (`id`) ON DELETE SET NULL ON UPDATE CASCADE)
ERROR - 2026-03-01 07:19:32 --> mysqli_sql_exception: Cannot add or update a child row: a foreign key constraint fails (`nexfile`.`user_refresh_token`, CONSTRAINT `FK_user_refresh_token_IdLastUserUpdate` FOREIGN KEY (`id_last_user_update`) REFERENCES `user` (`id`) ON DELETE SET NULL ON UPDATE CASCADE) in D:\Developer\singleFile\Nexus_SingleFile_BE\BE\vendor\codeigniter4\framework\system\Database\MySQLi\Connection.php:327
Stack trace:
#0 D:\Developer\singleFile\Nexus_SingleFile_BE\BE\vendor\codeigniter4\framework\system\Database\MySQLi\Connection.php(327): mysqli->query('INSERT INTO `us...', 0)
#1 D:\Developer\singleFile\Nexus_SingleFile_BE\BE\vendor\codeigniter4\framework\system\Database\BaseConnection.php(729): CodeIgniter\Database\MySQLi\Connection->execute('INSERT INTO `us...')
#2 D:\Developer\singleFile\Nexus_SingleFile_BE\BE\vendor\codeigniter4\framework\system\Database\BaseConnection.php(646): CodeIgniter\Database\BaseConnection->simpleQuery('INSERT INTO `us...')
#3 D:\Developer\singleFile\Nexus_SingleFile_BE\BE\vendor\codeigniter4\framework\system\Database\BaseBuilder.php(2345): CodeIgniter\Database\BaseConnection->query('INSERT INTO `us...', Array, false)
#4 D:\Developer\singleFile\Nexus_SingleFile_BE\BE\app\Models\AuthModel.php(223): CodeIgniter\Database\BaseBuilder->insert(Array)
#5 D:\Developer\singleFile\Nexus_SingleFile_BE\BE\app\Models\AuthModel.php(92): App\Models\AuthModel->saveRefreshToken('1', 'eyJ0eXAiOiJKV1Q...')
#6 D:\Developer\singleFile\Nexus_SingleFile_BE\BE\app\Controllers\Api\Auth.php(41): App\Models\AuthModel->authenticate('admin@nexusqtec...', 'admin123')
#7 D:\Developer\singleFile\Nexus_SingleFile_BE\BE\vendor\codeigniter4\framework\system\CodeIgniter.php(933): App\Controllers\Api\Auth->login()
#8 D:\Developer\singleFile\Nexus_SingleFile_BE\BE\vendor\codeigniter4\framework\system\CodeIgniter.php(507): CodeIgniter\CodeIgniter->runController(Object(App\Controllers\Api\Auth))
#9 D:\Developer\singleFile\Nexus_SingleFile_BE\BE\vendor\codeigniter4\framework\system\CodeIgniter.php(354): CodeIgniter\CodeIgniter->handleRequest(NULL, Object(Config\Cache), false)
#10 D:\Developer\singleFile\Nexus_SingleFile_BE\BE\vendor\codeigniter4\framework\system\Boot.php(363): CodeIgniter\CodeIgniter->run()
#11 D:\Developer\singleFile\Nexus_SingleFile_BE\BE\vendor\codeigniter4\framework\system\Boot.php(68): CodeIgniter\Boot::runCodeIgniter(Object(CodeIgniter\CodeIgniter))
#12 D:\Developer\singleFile\Nexus_SingleFile_BE\BE\public\index.php(60): CodeIgniter\Boot::bootWeb(Object(Config\Paths))
#13 D:\Developer\singleFile\Nexus_SingleFile_BE\BE\vendor\codeigniter4\framework\system\rewrite.php(44): require_once('D:\\Developer\\si...')
#14 {main}
ERROR - 2026-03-01 07:19:32 --> Error guardando refresh token: Cannot add or update a child row: a foreign key constraint fails (`nexfile`.`user_refresh_token`, CONSTRAINT `FK_user_refresh_token_IdLastUserUpdate` FOREIGN KEY (`id_last_user_update`) REFERENCES `user` (`id`) ON DELETE SET NULL ON UPDATE CASCADE)
ERROR - 2026-03-01 07:19:56 --> mysqli_sql_exception: Cannot add or update a child row: a foreign key constraint fails (`nexfile`.`user_refresh_token`, CONSTRAINT `FK_user_refresh_token_IdLastUserUpdate` FOREIGN KEY (`id_last_user_update`) REFERENCES `user` (`id`) ON DELETE SET NULL ON UPDATE CASCADE) in D:\Developer\singleFile\Nexus_SingleFile_BE\BE\vendor\codeigniter4\framework\system\Database\MySQLi\Connection.php:327
Stack trace:
#0 D:\Developer\singleFile\Nexus_SingleFile_BE\BE\vendor\codeigniter4\framework\system\Database\MySQLi\Connection.php(327): mysqli->query('INSERT INTO `us...', 0)
#1 D:\Developer\singleFile\Nexus_SingleFile_BE\BE\vendor\codeigniter4\framework\system\Database\BaseConnection.php(729): CodeIgniter\Database\MySQLi\Connection->execute('INSERT INTO `us...')
#2 D:\Developer\singleFile\Nexus_SingleFile_BE\BE\vendor\codeigniter4\framework\system\Database\BaseConnection.php(646): CodeIgniter\Database\BaseConnection->simpleQuery('INSERT INTO `us...')
#3 D:\Developer\singleFile\Nexus_SingleFile_BE\BE\vendor\codeigniter4\framework\system\Database\BaseBuilder.php(2345): CodeIgniter\Database\BaseConnection->query('INSERT INTO `us...', Array, false)
#4 D:\Developer\singleFile\Nexus_SingleFile_BE\BE\app\Models\AuthModel.php(223): CodeIgniter\Database\BaseBuilder->insert(Array)
#5 D:\Developer\singleFile\Nexus_SingleFile_BE\BE\app\Models\AuthModel.php(92): App\Models\AuthModel->saveRefreshToken('1', 'eyJ0eXAiOiJKV1Q...')
#6 D:\Developer\singleFile\Nexus_SingleFile_BE\BE\app\Controllers\Api\Auth.php(41): App\Models\AuthModel->authenticate('admin@nexusqtec...', 'admin123')
#7 D:\Developer\singleFile\Nexus_SingleFile_BE\BE\vendor\codeigniter4\framework\system\CodeIgniter.php(933): App\Controllers\Api\Auth->login()
#8 D:\Developer\singleFile\Nexus_SingleFile_BE\BE\vendor\codeigniter4\framework\system\CodeIgniter.php(507): CodeIgniter\CodeIgniter->runController(Object(App\Controllers\Api\Auth))
#9 D:\Developer\singleFile\Nexus_SingleFile_BE\BE\vendor\codeigniter4\framework\system\CodeIgniter.php(354): CodeIgniter\CodeIgniter->handleRequest(NULL, Object(Config\Cache), false)
#10 D:\Developer\singleFile\Nexus_SingleFile_BE\BE\vendor\codeigniter4\framework\system\Boot.php(363): CodeIgniter\CodeIgniter->run()
#11 D:\Developer\singleFile\Nexus_SingleFile_BE\BE\vendor\codeigniter4\framework\system\Boot.php(68): CodeIgniter\Boot::runCodeIgniter(Object(CodeIgniter\CodeIgniter))
#12 D:\Developer\singleFile\Nexus_SingleFile_BE\BE\public\index.php(60): CodeIgniter\Boot::bootWeb(Object(Config\Paths))
#13 D:\Developer\singleFile\Nexus_SingleFile_BE\BE\vendor\codeigniter4\framework\system\rewrite.php(44): require_once('D:\\Developer\\si...')
#14 {main}
ERROR - 2026-03-01 07:19:56 --> Error guardando refresh token: Cannot add or update a child row: a foreign key constraint fails (`nexfile`.`user_refresh_token`, CONSTRAINT `FK_user_refresh_token_IdLastUserUpdate` FOREIGN KEY (`id_last_user_update`) REFERENCES `user` (`id`) ON DELETE SET NULL ON UPDATE CASCADE)
ERROR - 2026-03-01 07:19:58 --> mysqli_sql_exception: Cannot add or update a child row: a foreign key constraint fails (`nexfile`.`user_refresh_token`, CONSTRAINT `FK_user_refresh_token_IdLastUserUpdate` FOREIGN KEY (`id_last_user_update`) REFERENCES `user` (`id`) ON DELETE SET NULL ON UPDATE CASCADE) in D:\Developer\singleFile\Nexus_SingleFile_BE\BE\vendor\codeigniter4\framework\system\Database\MySQLi\Connection.php:327
Stack trace:
#0 D:\Developer\singleFile\Nexus_SingleFile_BE\BE\vendor\codeigniter4\framework\system\Database\MySQLi\Connection.php(327): mysqli->query('INSERT INTO `us...', 0)
#1 D:\Developer\singleFile\Nexus_SingleFile_BE\BE\vendor\codeigniter4\framework\system\Database\BaseConnection.php(729): CodeIgniter\Database\MySQLi\Connection->execute('INSERT INTO `us...')
#2 D:\Developer\singleFile\Nexus_SingleFile_BE\BE\vendor\codeigniter4\framework\system\Database\BaseConnection.php(646): CodeIgniter\Database\BaseConnection->simpleQuery('INSERT INTO `us...')
#3 D:\Developer\singleFile\Nexus_SingleFile_BE\BE\vendor\codeigniter4\framework\system\Database\BaseBuilder.php(2345): CodeIgniter\Database\BaseConnection->query('INSERT INTO `us...', Array, false)
#4 D:\Developer\singleFile\Nexus_SingleFile_BE\BE\app\Models\AuthModel.php(223): CodeIgniter\Database\BaseBuilder->insert(Array)
#5 D:\Developer\singleFile\Nexus_SingleFile_BE\BE\app\Models\AuthModel.php(92): App\Models\AuthModel->saveRefreshToken('1', 'eyJ0eXAiOiJKV1Q...')
#6 D:\Developer\singleFile\Nexus_SingleFile_BE\BE\app\Controllers\Api\Auth.php(41): App\Models\AuthModel->authenticate('admin@nexusqtec...', 'admin123')
#7 D:\Developer\singleFile\Nexus_SingleFile_BE\BE\vendor\codeigniter4\framework\system\CodeIgniter.php(933): App\Controllers\Api\Auth->login()
#8 D:\Developer\singleFile\Nexus_SingleFile_BE\BE\vendor\codeigniter4\framework\system\CodeIgniter.php(507): CodeIgniter\CodeIgniter->runController(Object(App\Controllers\Api\Auth))
#9 D:\Developer\singleFile\Nexus_SingleFile_BE\BE\vendor\codeigniter4\framework\system\CodeIgniter.php(354): CodeIgniter\CodeIgniter->handleRequest(NULL, Object(Config\Cache), false)
#10 D:\Developer\singleFile\Nexus_SingleFile_BE\BE\vendor\codeigniter4\framework\system\Boot.php(363): CodeIgniter\CodeIgniter->run()
#11 D:\Developer\singleFile\Nexus_SingleFile_BE\BE\vendor\codeigniter4\framework\system\Boot.php(68): CodeIgniter\Boot::runCodeIgniter(Object(CodeIgniter\CodeIgniter))
#12 D:\Developer\singleFile\Nexus_SingleFile_BE\BE\public\index.php(60): CodeIgniter\Boot::bootWeb(Object(Config\Paths))
#13 D:\Developer\singleFile\Nexus_SingleFile_BE\BE\vendor\codeigniter4\framework\system\rewrite.php(44): require_once('D:\\Developer\\si...')
#14 {main}
ERROR - 2026-03-01 07:19:58 --> Error guardando refresh token: Cannot add or update a child row: a foreign key constraint fails (`nexfile`.`user_refresh_token`, CONSTRAINT `FK_user_refresh_token_IdLastUserUpdate` FOREIGN KEY (`id_last_user_update`) REFERENCES `user` (`id`) ON DELETE SET NULL ON UPDATE CASCADE)
ERROR - 2026-03-01 07:20:10 --> mysqli_sql_exception: Cannot add or update a child row: a foreign key constraint fails (`nexfile`.`user_refresh_token`, CONSTRAINT `FK_user_refresh_token_IdLastUserUpdate` FOREIGN KEY (`id_last_user_update`) REFERENCES `user` (`id`) ON DELETE SET NULL ON UPDATE CASCADE) in D:\Developer\singleFile\Nexus_SingleFile_BE\BE\vendor\codeigniter4\framework\system\Database\MySQLi\Connection.php:327
Stack trace:
#0 D:\Developer\singleFile\Nexus_SingleFile_BE\BE\vendor\codeigniter4\framework\system\Database\MySQLi\Connection.php(327): mysqli->query('INSERT INTO `us...', 0)
#1 D:\Developer\singleFile\Nexus_SingleFile_BE\BE\vendor\codeigniter4\framework\system\Database\BaseConnection.php(729): CodeIgniter\Database\MySQLi\Connection->execute('INSERT INTO `us...')
#2 D:\Developer\singleFile\Nexus_SingleFile_BE\BE\vendor\codeigniter4\framework\system\Database\BaseConnection.php(646): CodeIgniter\Database\BaseConnection->simpleQuery('INSERT INTO `us...')
#3 D:\Developer\singleFile\Nexus_SingleFile_BE\BE\vendor\codeigniter4\framework\system\Database\BaseBuilder.php(2345): CodeIgniter\Database\BaseConnection->query('INSERT INTO `us...', Array, false)
#4 D:\Developer\singleFile\Nexus_SingleFile_BE\BE\app\Models\AuthModel.php(223): CodeIgniter\Database\BaseBuilder->insert(Array)
#5 D:\Developer\singleFile\Nexus_SingleFile_BE\BE\app\Models\AuthModel.php(92): App\Models\AuthModel->saveRefreshToken('1', 'eyJ0eXAiOiJKV1Q...')
#6 D:\Developer\singleFile\Nexus_SingleFile_BE\BE\app\Controllers\Api\Auth.php(41): App\Models\AuthModel->authenticate('admin@nexusqtec...', 'admin123')
#7 D:\Developer\singleFile\Nexus_SingleFile_BE\BE\vendor\codeigniter4\framework\system\CodeIgniter.php(933): App\Controllers\Api\Auth->login()
#8 D:\Developer\singleFile\Nexus_SingleFile_BE\BE\vendor\codeigniter4\framework\system\CodeIgniter.php(507): CodeIgniter\CodeIgniter->runController(Object(App\Controllers\Api\Auth))
#9 D:\Developer\singleFile\Nexus_SingleFile_BE\BE\vendor\codeigniter4\framework\system\CodeIgniter.php(354): CodeIgniter\CodeIgniter->handleRequest(NULL, Object(Config\Cache), false)
#10 D:\Developer\singleFile\Nexus_SingleFile_BE\BE\vendor\codeigniter4\framework\system\Boot.php(363): CodeIgniter\CodeIgniter->run()
#11 D:\Developer\singleFile\Nexus_SingleFile_BE\BE\vendor\codeigniter4\framework\system\Boot.php(68): CodeIgniter\Boot::runCodeIgniter(Object(CodeIgniter\CodeIgniter))
#12 D:\Developer\singleFile\Nexus_SingleFile_BE\BE\public\index.php(60): CodeIgniter\Boot::bootWeb(Object(Config\Paths))
#13 D:\Developer\singleFile\Nexus_SingleFile_BE\BE\vendor\codeigniter4\framework\system\rewrite.php(44): require_once('D:\\Developer\\si...')
#14 {main}
ERROR - 2026-03-01 07:20:10 --> Error guardando refresh token: Cannot add or update a child row: a foreign key constraint fails (`nexfile`.`user_refresh_token`, CONSTRAINT `FK_user_refresh_token_IdLastUserUpdate` FOREIGN KEY (`id_last_user_update`) REFERENCES `user` (`id`) ON DELETE SET NULL ON UPDATE CASCADE)
ERROR - 2026-03-01 07:20:12 --> mysqli_sql_exception: Cannot add or update a child row: a foreign key constraint fails (`nexfile`.`user_refresh_token`, CONSTRAINT `FK_user_refresh_token_IdLastUserUpdate` FOREIGN KEY (`id_last_user_update`) REFERENCES `user` (`id`) ON DELETE SET NULL ON UPDATE CASCADE) in D:\Developer\singleFile\Nexus_SingleFile_BE\BE\vendor\codeigniter4\framework\system\Database\MySQLi\Connection.php:327
Stack trace:
#0 D:\Developer\singleFile\Nexus_SingleFile_BE\BE\vendor\codeigniter4\framework\system\Database\MySQLi\Connection.php(327): mysqli->query('INSERT INTO `us...', 0)
#1 D:\Developer\singleFile\Nexus_SingleFile_BE\BE\vendor\codeigniter4\framework\system\Database\BaseConnection.php(729): CodeIgniter\Database\MySQLi\Connection->execute('INSERT INTO `us...')
#2 D:\Developer\singleFile\Nexus_SingleFile_BE\BE\vendor\codeigniter4\framework\system\Database\BaseConnection.php(646): CodeIgniter\Database\BaseConnection->simpleQuery('INSERT INTO `us...')
#3 D:\Developer\singleFile\Nexus_SingleFile_BE\BE\vendor\codeigniter4\framework\system\Database\BaseBuilder.php(2345): CodeIgniter\Database\BaseConnection->query('INSERT INTO `us...', Array, false)
#4 D:\Developer\singleFile\Nexus_SingleFile_BE\BE\app\Models\AuthModel.php(223): CodeIgniter\Database\BaseBuilder->insert(Array)
#5 D:\Developer\singleFile\Nexus_SingleFile_BE\BE\app\Models\AuthModel.php(92): App\Models\AuthModel->saveRefreshToken('1', 'eyJ0eXAiOiJKV1Q...')
#6 D:\Developer\singleFile\Nexus_SingleFile_BE\BE\app\Controllers\Api\Auth.php(41): App\Models\AuthModel->authenticate('admin@nexusqtec...', 'admin123')
#7 D:\Developer\singleFile\Nexus_SingleFile_BE\BE\vendor\codeigniter4\framework\system\CodeIgniter.php(933): App\Controllers\Api\Auth->login()
#8 D:\Developer\singleFile\Nexus_SingleFile_BE\BE\vendor\codeigniter4\framework\system\CodeIgniter.php(507): CodeIgniter\CodeIgniter->runController(Object(App\Controllers\Api\Auth))
#9 D:\Developer\singleFile\Nexus_SingleFile_BE\BE\vendor\codeigniter4\framework\system\CodeIgniter.php(354): CodeIgniter\CodeIgniter->handleRequest(NULL, Object(Config\Cache), false)
#10 D:\Developer\singleFile\Nexus_SingleFile_BE\BE\vendor\codeigniter4\framework\system\Boot.php(363): CodeIgniter\CodeIgniter->run()
#11 D:\Developer\singleFile\Nexus_SingleFile_BE\BE\vendor\codeigniter4\framework\system\Boot.php(68): CodeIgniter\Boot::runCodeIgniter(Object(CodeIgniter\CodeIgniter))
#12 D:\Developer\singleFile\Nexus_SingleFile_BE\BE\public\index.php(60): CodeIgniter\Boot::bootWeb(Object(Config\Paths))
#13 D:\Developer\singleFile\Nexus_SingleFile_BE\BE\vendor\codeigniter4\framework\system\rewrite.php(44): require_once('D:\\Developer\\si...')
#14 {main}
ERROR - 2026-03-01 07:20:12 --> Error guardando refresh token: Cannot add or update a child row: a foreign key constraint fails (`nexfile`.`user_refresh_token`, CONSTRAINT `FK_user_refresh_token_IdLastUserUpdate` FOREIGN KEY (`id_last_user_update`) REFERENCES `user` (`id`) ON DELETE SET NULL ON UPDATE CASCADE)
ERROR - 2026-03-01 07:20:24 --> mysqli_sql_exception: Cannot add or update a child row: a foreign key constraint fails (`nexfile`.`user_refresh_token`, CONSTRAINT `FK_user_refresh_token_IdLastUserUpdate` FOREIGN KEY (`id_last_user_update`) REFERENCES `user` (`id`) ON DELETE SET NULL ON UPDATE CASCADE) in D:\Developer\singleFile\Nexus_SingleFile_BE\BE\vendor\codeigniter4\framework\system\Database\MySQLi\Connection.php:327
Stack trace:
#0 D:\Developer\singleFile\Nexus_SingleFile_BE\BE\vendor\codeigniter4\framework\system\Database\MySQLi\Connection.php(327): mysqli->query('INSERT INTO `us...', 0)
#1 D:\Developer\singleFile\Nexus_SingleFile_BE\BE\vendor\codeigniter4\framework\system\Database\BaseConnection.php(729): CodeIgniter\Database\MySQLi\Connection->execute('INSERT INTO `us...')
#2 D:\Developer\singleFile\Nexus_SingleFile_BE\BE\vendor\codeigniter4\framework\system\Database\BaseConnection.php(646): CodeIgniter\Database\BaseConnection->simpleQuery('INSERT INTO `us...')
#3 D:\Developer\singleFile\Nexus_SingleFile_BE\BE\vendor\codeigniter4\framework\system\Database\BaseBuilder.php(2345): CodeIgniter\Database\BaseConnection->query('INSERT INTO `us...', Array, false)
#4 D:\Developer\singleFile\Nexus_SingleFile_BE\BE\app\Models\AuthModel.php(223): CodeIgniter\Database\BaseBuilder->insert(Array)
#5 D:\Developer\singleFile\Nexus_SingleFile_BE\BE\app\Models\AuthModel.php(92): App\Models\AuthModel->saveRefreshToken('1', 'eyJ0eXAiOiJKV1Q...')
#6 D:\Developer\singleFile\Nexus_SingleFile_BE\BE\app\Controllers\Api\Auth.php(41): App\Models\AuthModel->authenticate('admin@nexusqtec...', 'admin123')
#7 D:\Developer\singleFile\Nexus_SingleFile_BE\BE\vendor\codeigniter4\framework\system\CodeIgniter.php(933): App\Controllers\Api\Auth->login()
#8 D:\Developer\singleFile\Nexus_SingleFile_BE\BE\vendor\codeigniter4\framework\system\CodeIgniter.php(507): CodeIgniter\CodeIgniter->runController(Object(App\Controllers\Api\Auth))
#9 D:\Developer\singleFile\Nexus_SingleFile_BE\BE\vendor\codeigniter4\framework\system\CodeIgniter.php(354): CodeIgniter\CodeIgniter->handleRequest(NULL, Object(Config\Cache), false)
#10 D:\Developer\singleFile\Nexus_SingleFile_BE\BE\vendor\codeigniter4\framework\system\Boot.php(363): CodeIgniter\CodeIgniter->run()
#11 D:\Developer\singleFile\Nexus_SingleFile_BE\BE\vendor\codeigniter4\framework\system\Boot.php(68): CodeIgniter\Boot::runCodeIgniter(Object(CodeIgniter\CodeIgniter))
#12 D:\Developer\singleFile\Nexus_SingleFile_BE\BE\public\index.php(60): CodeIgniter\Boot::bootWeb(Object(Config\Paths))
#13 D:\Developer\singleFile\Nexus_SingleFile_BE\BE\vendor\codeigniter4\framework\system\rewrite.php(44): require_once('D:\\Developer\\si...')
#14 {main}
ERROR - 2026-03-01 07:20:24 --> Error guardando refresh token: Cannot add or update a child row: a foreign key constraint fails (`nexfile`.`user_refresh_token`, CONSTRAINT `FK_user_refresh_token_IdLastUserUpdate` FOREIGN KEY (`id_last_user_update`) REFERENCES `user` (`id`) ON DELETE SET NULL ON UPDATE CASCADE)
ERROR - 2026-03-01 07:20:25 --> mysqli_sql_exception: Cannot add or update a child row: a foreign key constraint fails (`nexfile`.`user_refresh_token`, CONSTRAINT `FK_user_refresh_token_IdLastUserUpdate` FOREIGN KEY (`id_last_user_update`) REFERENCES `user` (`id`) ON DELETE SET NULL ON UPDATE CASCADE) in D:\Developer\singleFile\Nexus_SingleFile_BE\BE\vendor\codeigniter4\framework\system\Database\MySQLi\Connection.php:327
Stack trace:
#0 D:\Developer\singleFile\Nexus_SingleFile_BE\BE\vendor\codeigniter4\framework\system\Database\MySQLi\Connection.php(327): mysqli->query('INSERT INTO `us...', 0)
#1 D:\Developer\singleFile\Nexus_SingleFile_BE\BE\vendor\codeigniter4\framework\system\Database\BaseConnection.php(729): CodeIgniter\Database\MySQLi\Connection->execute('INSERT INTO `us...')
#2 D:\Developer\singleFile\Nexus_SingleFile_BE\BE\vendor\codeigniter4\framework\system\Database\BaseConnection.php(646): CodeIgniter\Database\BaseConnection->simpleQuery('INSERT INTO `us...')
#3 D:\Developer\singleFile\Nexus_SingleFile_BE\BE\vendor\codeigniter4\framework\system\Database\BaseBuilder.php(2345): CodeIgniter\Database\BaseConnection->query('INSERT INTO `us...', Array, false)
#4 D:\Developer\singleFile\Nexus_SingleFile_BE\BE\app\Models\AuthModel.php(223): CodeIgniter\Database\BaseBuilder->insert(Array)
#5 D:\Developer\singleFile\Nexus_SingleFile_BE\BE\app\Models\AuthModel.php(92): App\Models\AuthModel->saveRefreshToken('1', 'eyJ0eXAiOiJKV1Q...')
#6 D:\Developer\singleFile\Nexus_SingleFile_BE\BE\app\Controllers\Api\Auth.php(41): App\Models\AuthModel->authenticate('admin@nexusqtec...', 'admin123')
#7 D:\Developer\singleFile\Nexus_SingleFile_BE\BE\vendor\codeigniter4\framework\system\CodeIgniter.php(933): App\Controllers\Api\Auth->login()
#8 D:\Developer\singleFile\Nexus_SingleFile_BE\BE\vendor\codeigniter4\framework\system\CodeIgniter.php(507): CodeIgniter\CodeIgniter->runController(Object(App\Controllers\Api\Auth))
#9 D:\Developer\singleFile\Nexus_SingleFile_BE\BE\vendor\codeigniter4\framework\system\CodeIgniter.php(354): CodeIgniter\CodeIgniter->handleRequest(NULL, Object(Config\Cache), false)
#10 D:\Developer\singleFile\Nexus_SingleFile_BE\BE\vendor\codeigniter4\framework\system\Boot.php(363): CodeIgniter\CodeIgniter->run()
#11 D:\Developer\singleFile\Nexus_SingleFile_BE\BE\vendor\codeigniter4\framework\system\Boot.php(68): CodeIgniter\Boot::runCodeIgniter(Object(CodeIgniter\CodeIgniter))
#12 D:\Developer\singleFile\Nexus_SingleFile_BE\BE\public\index.php(60): CodeIgniter\Boot::bootWeb(Object(Config\Paths))
#13 D:\Developer\singleFile\Nexus_SingleFile_BE\BE\vendor\codeigniter4\framework\system\rewrite.php(44): require_once('D:\\Developer\\si...')
#14 {main}
ERROR - 2026-03-01 07:20:25 --> Error guardando refresh token: Cannot add or update a child row: a foreign key constraint fails (`nexfile`.`user_refresh_token`, CONSTRAINT `FK_user_refresh_token_IdLastUserUpdate` FOREIGN KEY (`id_last_user_update`) REFERENCES `user` (`id`) ON DELETE SET NULL ON UPDATE CASCADE)
ERROR - 2026-03-01 07:20:35 --> mysqli_sql_exception: Cannot add or update a child row: a foreign key constraint fails (`nexfile`.`user_refresh_token`, CONSTRAINT `FK_user_refresh_token_IdLastUserUpdate` FOREIGN KEY (`id_last_user_update`) REFERENCES `user` (`id`) ON DELETE SET NULL ON UPDATE CASCADE) in D:\Developer\singleFile\Nexus_SingleFile_BE\BE\vendor\codeigniter4\framework\system\Database\MySQLi\Connection.php:327
Stack trace:
#0 D:\Developer\singleFile\Nexus_SingleFile_BE\BE\vendor\codeigniter4\framework\system\Database\MySQLi\Connection.php(327): mysqli->query('INSERT INTO `us...', 0)
#1 D:\Developer\singleFile\Nexus_SingleFile_BE\BE\vendor\codeigniter4\framework\system\Database\BaseConnection.php(729): CodeIgniter\Database\MySQLi\Connection->execute('INSERT INTO `us...')
#2 D:\Developer\singleFile\Nexus_SingleFile_BE\BE\vendor\codeigniter4\framework\system\Database\BaseConnection.php(646): CodeIgniter\Database\BaseConnection->simpleQuery('INSERT INTO `us...')
#3 D:\Developer\singleFile\Nexus_SingleFile_BE\BE\vendor\codeigniter4\framework\system\Database\BaseBuilder.php(2345): CodeIgniter\Database\BaseConnection->query('INSERT INTO `us...', Array, false)
#4 D:\Developer\singleFile\Nexus_SingleFile_BE\BE\app\Models\AuthModel.php(223): CodeIgniter\Database\BaseBuilder->insert(Array)
#5 D:\Developer\singleFile\Nexus_SingleFile_BE\BE\app\Models\AuthModel.php(92): App\Models\AuthModel->saveRefreshToken('1', 'eyJ0eXAiOiJKV1Q...')
#6 D:\Developer\singleFile\Nexus_SingleFile_BE\BE\app\Controllers\Api\Auth.php(41): App\Models\AuthModel->authenticate('admin@nexusqtec...', 'admin123')
#7 D:\Developer\singleFile\Nexus_SingleFile_BE\BE\vendor\codeigniter4\framework\system\CodeIgniter.php(933): App\Controllers\Api\Auth->login()
#8 D:\Developer\singleFile\Nexus_SingleFile_BE\BE\vendor\codeigniter4\framework\system\CodeIgniter.php(507): CodeIgniter\CodeIgniter->runController(Object(App\Controllers\Api\Auth))
#9 D:\Developer\singleFile\Nexus_SingleFile_BE\BE\vendor\codeigniter4\framework\system\CodeIgniter.php(354): CodeIgniter\CodeIgniter->handleRequest(NULL, Object(Config\Cache), false)
#10 D:\Developer\singleFile\Nexus_SingleFile_BE\BE\vendor\codeigniter4\framework\system\Boot.php(363): CodeIgniter\CodeIgniter->run()
#11 D:\Developer\singleFile\Nexus_SingleFile_BE\BE\vendor\codeigniter4\framework\system\Boot.php(68): CodeIgniter\Boot::runCodeIgniter(Object(CodeIgniter\CodeIgniter))
#12 D:\Developer\singleFile\Nexus_SingleFile_BE\BE\public\index.php(60): CodeIgniter\Boot::bootWeb(Object(Config\Paths))
#13 D:\Developer\singleFile\Nexus_SingleFile_BE\BE\vendor\codeigniter4\framework\system\rewrite.php(44): require_once('D:\\Developer\\si...')
#14 {main}
ERROR - 2026-03-01 07:20:35 --> Error guardando refresh token: Cannot add or update a child row: a foreign key constraint fails (`nexfile`.`user_refresh_token`, CONSTRAINT `FK_user_refresh_token_IdLastUserUpdate` FOREIGN KEY (`id_last_user_update`) REFERENCES `user` (`id`) ON DELETE SET NULL ON UPDATE CASCADE)
ERROR - 2026-03-01 07:20:37 --> mysqli_sql_exception: Cannot add or update a child row: a foreign key constraint fails (`nexfile`.`user_refresh_token`, CONSTRAINT `FK_user_refresh_token_IdLastUserUpdate` FOREIGN KEY (`id_last_user_update`) REFERENCES `user` (`id`) ON DELETE SET NULL ON UPDATE CASCADE) in D:\Developer\singleFile\Nexus_SingleFile_BE\BE\vendor\codeigniter4\framework\system\Database\MySQLi\Connection.php:327
Stack trace:
#0 D:\Developer\singleFile\Nexus_SingleFile_BE\BE\vendor\codeigniter4\framework\system\Database\MySQLi\Connection.php(327): mysqli->query('INSERT INTO `us...', 0)
#1 D:\Developer\singleFile\Nexus_SingleFile_BE\BE\vendor\codeigniter4\framework\system\Database\BaseConnection.php(729): CodeIgniter\Database\MySQLi\Connection->execute('INSERT INTO `us...')
#2 D:\Developer\singleFile\Nexus_SingleFile_BE\BE\vendor\codeigniter4\framework\system\Database\BaseConnection.php(646): CodeIgniter\Database\BaseConnection->simpleQuery('INSERT INTO `us...')
#3 D:\Developer\singleFile\Nexus_SingleFile_BE\BE\vendor\codeigniter4\framework\system\Database\BaseBuilder.php(2345): CodeIgniter\Database\BaseConnection->query('INSERT INTO `us...', Array, false)
#4 D:\Developer\singleFile\Nexus_SingleFile_BE\BE\app\Models\AuthModel.php(223): CodeIgniter\Database\BaseBuilder->insert(Array)
#5 D:\Developer\singleFile\Nexus_SingleFile_BE\BE\app\Models\AuthModel.php(92): App\Models\AuthModel->saveRefreshToken('1', 'eyJ0eXAiOiJKV1Q...')
#6 D:\Developer\singleFile\Nexus_SingleFile_BE\BE\app\Controllers\Api\Auth.php(41): App\Models\AuthModel->authenticate('admin@nexusqtec...', 'admin123')
#7 D:\Developer\singleFile\Nexus_SingleFile_BE\BE\vendor\codeigniter4\framework\system\CodeIgniter.php(933): App\Controllers\Api\Auth->login()
#8 D:\Developer\singleFile\Nexus_SingleFile_BE\BE\vendor\codeigniter4\framework\system\CodeIgniter.php(507): CodeIgniter\CodeIgniter->runController(Object(App\Controllers\Api\Auth))
#9 D:\Developer\singleFile\Nexus_SingleFile_BE\BE\vendor\codeigniter4\framework\system\CodeIgniter.php(354): CodeIgniter\CodeIgniter->handleRequest(NULL, Object(Config\Cache), false)
#10 D:\Developer\singleFile\Nexus_SingleFile_BE\BE\vendor\codeigniter4\framework\system\Boot.php(363): CodeIgniter\CodeIgniter->run()
#11 D:\Developer\singleFile\Nexus_SingleFile_BE\BE\vendor\codeigniter4\framework\system\Boot.php(68): CodeIgniter\Boot::runCodeIgniter(Object(CodeIgniter\CodeIgniter))
#12 D:\Developer\singleFile\Nexus_SingleFile_BE\BE\public\index.php(60): CodeIgniter\Boot::bootWeb(Object(Config\Paths))
#13 D:\Developer\singleFile\Nexus_SingleFile_BE\BE\vendor\codeigniter4\framework\system\rewrite.php(44): require_once('D:\\Developer\\si...')
#14 {main}
ERROR - 2026-03-01 07:20:37 --> Error guardando refresh token: Cannot add or update a child row: a foreign key constraint fails (`nexfile`.`user_refresh_token`, CONSTRAINT `FK_user_refresh_token_IdLastUserUpdate` FOREIGN KEY (`id_last_user_update`) REFERENCES `user` (`id`) ON DELETE SET NULL ON UPDATE CASCADE)
ERROR - 2026-03-01 07:20:45 --> mysqli_sql_exception: Cannot add or update a child row: a foreign key constraint fails (`nexfile`.`user_refresh_token`, CONSTRAINT `FK_user_refresh_token_IdLastUserUpdate` FOREIGN KEY (`id_last_user_update`) REFERENCES `user` (`id`) ON DELETE SET NULL ON UPDATE CASCADE) in D:\Developer\singleFile\Nexus_SingleFile_BE\BE\vendor\codeigniter4\framework\system\Database\MySQLi\Connection.php:327
Stack trace:
#0 D:\Developer\singleFile\Nexus_SingleFile_BE\BE\vendor\codeigniter4\framework\system\Database\MySQLi\Connection.php(327): mysqli->query('INSERT INTO `us...', 0)
#1 D:\Developer\singleFile\Nexus_SingleFile_BE\BE\vendor\codeigniter4\framework\system\Database\BaseConnection.php(729): CodeIgniter\Database\MySQLi\Connection->execute('INSERT INTO `us...')
#2 D:\Developer\singleFile\Nexus_SingleFile_BE\BE\vendor\codeigniter4\framework\system\Database\BaseConnection.php(646): CodeIgniter\Database\BaseConnection->simpleQuery('INSERT INTO `us...')
#3 D:\Developer\singleFile\Nexus_SingleFile_BE\BE\vendor\codeigniter4\framework\system\Database\BaseBuilder.php(2345): CodeIgniter\Database\BaseConnection->query('INSERT INTO `us...', Array, false)
#4 D:\Developer\singleFile\Nexus_SingleFile_BE\BE\app\Models\AuthModel.php(223): CodeIgniter\Database\BaseBuilder->insert(Array)
#5 D:\Developer\singleFile\Nexus_SingleFile_BE\BE\app\Models\AuthModel.php(92): App\Models\AuthModel->saveRefreshToken('1', 'eyJ0eXAiOiJKV1Q...')
#6 D:\Developer\singleFile\Nexus_SingleFile_BE\BE\app\Controllers\Api\Auth.php(41): App\Models\AuthModel->authenticate('admin@nexusqtec...', 'admin123')
#7 D:\Developer\singleFile\Nexus_SingleFile_BE\BE\vendor\codeigniter4\framework\system\CodeIgniter.php(933): App\Controllers\Api\Auth->login()
#8 D:\Developer\singleFile\Nexus_SingleFile_BE\BE\vendor\codeigniter4\framework\system\CodeIgniter.php(507): CodeIgniter\CodeIgniter->runController(Object(App\Controllers\Api\Auth))
#9 D:\Developer\singleFile\Nexus_SingleFile_BE\BE\vendor\codeigniter4\framework\system\CodeIgniter.php(354): CodeIgniter\CodeIgniter->handleRequest(NULL, Object(Config\Cache), false)
#10 D:\Developer\singleFile\Nexus_SingleFile_BE\BE\vendor\codeigniter4\framework\system\Boot.php(363): CodeIgniter\CodeIgniter->run()
#11 D:\Developer\singleFile\Nexus_SingleFile_BE\BE\vendor\codeigniter4\framework\system\Boot.php(68): CodeIgniter\Boot::runCodeIgniter(Object(CodeIgniter\CodeIgniter))
#12 D:\Developer\singleFile\Nexus_SingleFile_BE\BE\public\index.php(60): CodeIgniter\Boot::bootWeb(Object(Config\Paths))
#13 D:\Developer\singleFile\Nexus_SingleFile_BE\BE\vendor\codeigniter4\framework\system\rewrite.php(44): require_once('D:\\Developer\\si...')
#14 {main}
ERROR - 2026-03-01 07:20:45 --> Error guardando refresh token: Cannot add or update a child row: a foreign key constraint fails (`nexfile`.`user_refresh_token`, CONSTRAINT `FK_user_refresh_token_IdLastUserUpdate` FOREIGN KEY (`id_last_user_update`) REFERENCES `user` (`id`) ON DELETE SET NULL ON UPDATE CASCADE)
ERROR - 2026-03-01 07:20:47 --> mysqli_sql_exception: Cannot add or update a child row: a foreign key constraint fails (`nexfile`.`user_refresh_token`, CONSTRAINT `FK_user_refresh_token_IdLastUserUpdate` FOREIGN KEY (`id_last_user_update`) REFERENCES `user` (`id`) ON DELETE SET NULL ON UPDATE CASCADE) in D:\Developer\singleFile\Nexus_SingleFile_BE\BE\vendor\codeigniter4\framework\system\Database\MySQLi\Connection.php:327
Stack trace:
#0 D:\Developer\singleFile\Nexus_SingleFile_BE\BE\vendor\codeigniter4\framework\system\Database\MySQLi\Connection.php(327): mysqli->query('INSERT INTO `us...', 0)
#1 D:\Developer\singleFile\Nexus_SingleFile_BE\BE\vendor\codeigniter4\framework\system\Database\BaseConnection.php(729): CodeIgniter\Database\MySQLi\Connection->execute('INSERT INTO `us...')
#2 D:\Developer\singleFile\Nexus_SingleFile_BE\BE\vendor\codeigniter4\framework\system\Database\BaseConnection.php(646): CodeIgniter\Database\BaseConnection->simpleQuery('INSERT INTO `us...')
#3 D:\Developer\singleFile\Nexus_SingleFile_BE\BE\vendor\codeigniter4\framework\system\Database\BaseBuilder.php(2345): CodeIgniter\Database\BaseConnection->query('INSERT INTO `us...', Array, false)
#4 D:\Developer\singleFile\Nexus_SingleFile_BE\BE\app\Models\AuthModel.php(223): CodeIgniter\Database\BaseBuilder->insert(Array)
#5 D:\Developer\singleFile\Nexus_SingleFile_BE\BE\app\Models\AuthModel.php(92): App\Models\AuthModel->saveRefreshToken('1', 'eyJ0eXAiOiJKV1Q...')
#6 D:\Developer\singleFile\Nexus_SingleFile_BE\BE\app\Controllers\Api\Auth.php(41): App\Models\AuthModel->authenticate('admin@nexusqtec...', 'admin123')
#7 D:\Developer\singleFile\Nexus_SingleFile_BE\BE\vendor\codeigniter4\framework\system\CodeIgniter.php(933): App\Controllers\Api\Auth->login()
#8 D:\Developer\singleFile\Nexus_SingleFile_BE\BE\vendor\codeigniter4\framework\system\CodeIgniter.php(507): CodeIgniter\CodeIgniter->runController(Object(App\Controllers\Api\Auth))
#9 D:\Developer\singleFile\Nexus_SingleFile_BE\BE\vendor\codeigniter4\framework\system\CodeIgniter.php(354): CodeIgniter\CodeIgniter->handleRequest(NULL, Object(Config\Cache), false)
#10 D:\Developer\singleFile\Nexus_SingleFile_BE\BE\vendor\codeigniter4\framework\system\Boot.php(363): CodeIgniter\CodeIgniter->run()
#11 D:\Developer\singleFile\Nexus_SingleFile_BE\BE\vendor\codeigniter4\framework\system\Boot.php(68): CodeIgniter\Boot::runCodeIgniter(Object(CodeIgniter\CodeIgniter))
#12 D:\Developer\singleFile\Nexus_SingleFile_BE\BE\public\index.php(60): CodeIgniter\Boot::bootWeb(Object(Config\Paths))
#13 D:\Developer\singleFile\Nexus_SingleFile_BE\BE\vendor\codeigniter4\framework\system\rewrite.php(44): require_once('D:\\Developer\\si...')
#14 {main}
ERROR - 2026-03-01 07:20:47 --> Error guardando refresh token: Cannot add or update a child row: a foreign key constraint fails (`nexfile`.`user_refresh_token`, CONSTRAINT `FK_user_refresh_token_IdLastUserUpdate` FOREIGN KEY (`id_last_user_update`) REFERENCES `user` (`id`) ON DELETE SET NULL ON UPDATE CASCADE)
ERROR - 2026-03-01 07:20:55 --> mysqli_sql_exception: Cannot add or update a child row: a foreign key constraint fails (`nexfile`.`user_refresh_token`, CONSTRAINT `FK_user_refresh_token_IdLastUserUpdate` FOREIGN KEY (`id_last_user_update`) REFERENCES `user` (`id`) ON DELETE SET NULL ON UPDATE CASCADE) in D:\Developer\singleFile\Nexus_SingleFile_BE\BE\vendor\codeigniter4\framework\system\Database\MySQLi\Connection.php:327
Stack trace:
#0 D:\Developer\singleFile\Nexus_SingleFile_BE\BE\vendor\codeigniter4\framework\system\Database\MySQLi\Connection.php(327): mysqli->query('INSERT INTO `us...', 0)
#1 D:\Developer\singleFile\Nexus_SingleFile_BE\BE\vendor\codeigniter4\framework\system\Database\BaseConnection.php(729): CodeIgniter\Database\MySQLi\Connection->execute('INSERT INTO `us...')
#2 D:\Developer\singleFile\Nexus_SingleFile_BE\BE\vendor\codeigniter4\framework\system\Database\BaseConnection.php(646): CodeIgniter\Database\BaseConnection->simpleQuery('INSERT INTO `us...')
#3 D:\Developer\singleFile\Nexus_SingleFile_BE\BE\vendor\codeigniter4\framework\system\Database\BaseBuilder.php(2345): CodeIgniter\Database\BaseConnection->query('INSERT INTO `us...', Array, false)
#4 D:\Developer\singleFile\Nexus_SingleFile_BE\BE\app\Models\AuthModel.php(223): CodeIgniter\Database\BaseBuilder->insert(Array)
#5 D:\Developer\singleFile\Nexus_SingleFile_BE\BE\app\Models\AuthModel.php(92): App\Models\AuthModel->saveRefreshToken('1', 'eyJ0eXAiOiJKV1Q...')
#6 D:\Developer\singleFile\Nexus_SingleFile_BE\BE\app\Controllers\Api\Auth.php(41): App\Models\AuthModel->authenticate('admin@nexusqtec...', 'admin123')
#7 D:\Developer\singleFile\Nexus_SingleFile_BE\BE\vendor\codeigniter4\framework\system\CodeIgniter.php(933): App\Controllers\Api\Auth->login()
#8 D:\Developer\singleFile\Nexus_SingleFile_BE\BE\vendor\codeigniter4\framework\system\CodeIgniter.php(507): CodeIgniter\CodeIgniter->runController(Object(App\Controllers\Api\Auth))
#9 D:\Developer\singleFile\Nexus_SingleFile_BE\BE\vendor\codeigniter4\framework\system\CodeIgniter.php(354): CodeIgniter\CodeIgniter->handleRequest(NULL, Object(Config\Cache), false)
#10 D:\Developer\singleFile\Nexus_SingleFile_BE\BE\vendor\codeigniter4\framework\system\Boot.php(363): CodeIgniter\CodeIgniter->run()
#11 D:\Developer\singleFile\Nexus_SingleFile_BE\BE\vendor\codeigniter4\framework\system\Boot.php(68): CodeIgniter\Boot::runCodeIgniter(Object(CodeIgniter\CodeIgniter))
#12 D:\Developer\singleFile\Nexus_SingleFile_BE\BE\public\index.php(60): CodeIgniter\Boot::bootWeb(Object(Config\Paths))
#13 D:\Developer\singleFile\Nexus_SingleFile_BE\BE\vendor\codeigniter4\framework\system\rewrite.php(44): require_once('D:\\Developer\\si...')
#14 {main}
ERROR - 2026-03-01 07:20:55 --> Error guardando refresh token: Cannot add or update a child row: a foreign key constraint fails (`nexfile`.`user_refresh_token`, CONSTRAINT `FK_user_refresh_token_IdLastUserUpdate` FOREIGN KEY (`id_last_user_update`) REFERENCES `user` (`id`) ON DELETE SET NULL ON UPDATE CASCADE)
ERROR - 2026-03-01 07:21:00 --> mysqli_sql_exception: Cannot add or update a child row: a foreign key constraint fails (`nexfile`.`user_refresh_token`, CONSTRAINT `FK_user_refresh_token_IdLastUserUpdate` FOREIGN KEY (`id_last_user_update`) REFERENCES `user` (`id`) ON DELETE SET NULL ON UPDATE CASCADE) in D:\Developer\singleFile\Nexus_SingleFile_BE\BE\vendor\codeigniter4\framework\system\Database\MySQLi\Connection.php:327
Stack trace:
#0 D:\Developer\singleFile\Nexus_SingleFile_BE\BE\vendor\codeigniter4\framework\system\Database\MySQLi\Connection.php(327): mysqli->query('INSERT INTO `us...', 0)
#1 D:\Developer\singleFile\Nexus_SingleFile_BE\BE\vendor\codeigniter4\framework\system\Database\BaseConnection.php(729): CodeIgniter\Database\MySQLi\Connection->execute('INSERT INTO `us...')
#2 D:\Developer\singleFile\Nexus_SingleFile_BE\BE\vendor\codeigniter4\framework\system\Database\BaseConnection.php(646): CodeIgniter\Database\BaseConnection->simpleQuery('INSERT INTO `us...')
#3 D:\Developer\singleFile\Nexus_SingleFile_BE\BE\vendor\codeigniter4\framework\system\Database\BaseBuilder.php(2345): CodeIgniter\Database\BaseConnection->query('INSERT INTO `us...', Array, false)
#4 D:\Developer\singleFile\Nexus_SingleFile_BE\BE\app\Models\AuthModel.php(223): CodeIgniter\Database\BaseBuilder->insert(Array)
#5 D:\Developer\singleFile\Nexus_SingleFile_BE\BE\app\Models\AuthModel.php(92): App\Models\AuthModel->saveRefreshToken('1', 'eyJ0eXAiOiJKV1Q...')
#6 D:\Developer\singleFile\Nexus_SingleFile_BE\BE\app\Controllers\Api\Auth.php(41): App\Models\AuthModel->authenticate('admin@nexusqtec...', 'admin123')
#7 D:\Developer\singleFile\Nexus_SingleFile_BE\BE\vendor\codeigniter4\framework\system\CodeIgniter.php(933): App\Controllers\Api\Auth->login()
#8 D:\Developer\singleFile\Nexus_SingleFile_BE\BE\vendor\codeigniter4\framework\system\CodeIgniter.php(507): CodeIgniter\CodeIgniter->runController(Object(App\Controllers\Api\Auth))
#9 D:\Developer\singleFile\Nexus_SingleFile_BE\BE\vendor\codeigniter4\framework\system\CodeIgniter.php(354): CodeIgniter\CodeIgniter->handleRequest(NULL, Object(Config\Cache), false)
#10 D:\Developer\singleFile\Nexus_SingleFile_BE\BE\vendor\codeigniter4\framework\system\Boot.php(363): CodeIgniter\CodeIgniter->run()
#11 D:\Developer\singleFile\Nexus_SingleFile_BE\BE\vendor\codeigniter4\framework\system\Boot.php(68): CodeIgniter\Boot::runCodeIgniter(Object(CodeIgniter\CodeIgniter))
#12 D:\Developer\singleFile\Nexus_SingleFile_BE\BE\public\index.php(60): CodeIgniter\Boot::bootWeb(Object(Config\Paths))
#13 D:\Developer\singleFile\Nexus_SingleFile_BE\BE\vendor\codeigniter4\framework\system\rewrite.php(44): require_once('D:\\Developer\\si...')
#14 {main}
ERROR - 2026-03-01 07:21:00 --> Error guardando refresh token: Cannot add or update a child row: a foreign key constraint fails (`nexfile`.`user_refresh_token`, CONSTRAINT `FK_user_refresh_token_IdLastUserUpdate` FOREIGN KEY (`id_last_user_update`) REFERENCES `user` (`id`) ON DELETE SET NULL ON UPDATE CASCADE)
ERROR - 2026-03-01 07:21:09 --> mysqli_sql_exception: Cannot add or update a child row: a foreign key constraint fails (`nexfile`.`user_refresh_token`, CONSTRAINT `FK_user_refresh_token_IdLastUserUpdate` FOREIGN KEY (`id_last_user_update`) REFERENCES `user` (`id`) ON DELETE SET NULL ON UPDATE CASCADE) in D:\Developer\singleFile\Nexus_SingleFile_BE\BE\vendor\codeigniter4\framework\system\Database\MySQLi\Connection.php:327
Stack trace:
#0 D:\Developer\singleFile\Nexus_SingleFile_BE\BE\vendor\codeigniter4\framework\system\Database\MySQLi\Connection.php(327): mysqli->query('INSERT INTO `us...', 0)
#1 D:\Developer\singleFile\Nexus_SingleFile_BE\BE\vendor\codeigniter4\framework\system\Database\BaseConnection.php(729): CodeIgniter\Database\MySQLi\Connection->execute('INSERT INTO `us...')
#2 D:\Developer\singleFile\Nexus_SingleFile_BE\BE\vendor\codeigniter4\framework\system\Database\BaseConnection.php(646): CodeIgniter\Database\BaseConnection->simpleQuery('INSERT INTO `us...')
#3 D:\Developer\singleFile\Nexus_SingleFile_BE\BE\vendor\codeigniter4\framework\system\Database\BaseBuilder.php(2345): CodeIgniter\Database\BaseConnection->query('INSERT INTO `us...', Array, false)
#4 D:\Developer\singleFile\Nexus_SingleFile_BE\BE\app\Models\AuthModel.php(223): CodeIgniter\Database\BaseBuilder->insert(Array)
#5 D:\Developer\singleFile\Nexus_SingleFile_BE\BE\app\Models\AuthModel.php(92): App\Models\AuthModel->saveRefreshToken('1', 'eyJ0eXAiOiJKV1Q...')
#6 D:\Developer\singleFile\Nexus_SingleFile_BE\BE\app\Controllers\Api\Auth.php(41): App\Models\AuthModel->authenticate('admin@nexusqtec...', 'admin123')
#7 D:\Developer\singleFile\Nexus_SingleFile_BE\BE\vendor\codeigniter4\framework\system\CodeIgniter.php(933): App\Controllers\Api\Auth->login()
#8 D:\Developer\singleFile\Nexus_SingleFile_BE\BE\vendor\codeigniter4\framework\system\CodeIgniter.php(507): CodeIgniter\CodeIgniter->runController(Object(App\Controllers\Api\Auth))
#9 D:\Developer\singleFile\Nexus_SingleFile_BE\BE\vendor\codeigniter4\framework\system\CodeIgniter.php(354): CodeIgniter\CodeIgniter->handleRequest(NULL, Object(Config\Cache), false)
#10 D:\Developer\singleFile\Nexus_SingleFile_BE\BE\vendor\codeigniter4\framework\system\Boot.php(363): CodeIgniter\CodeIgniter->run()
#11 D:\Developer\singleFile\Nexus_SingleFile_BE\BE\vendor\codeigniter4\framework\system\Boot.php(68): CodeIgniter\Boot::runCodeIgniter(Object(CodeIgniter\CodeIgniter))
#12 D:\Developer\singleFile\Nexus_SingleFile_BE\BE\public\index.php(60): CodeIgniter\Boot::bootWeb(Object(Config\Paths))
#13 D:\Developer\singleFile\Nexus_SingleFile_BE\BE\vendor\codeigniter4\framework\system\rewrite.php(44): require_once('D:\\Developer\\si...')
#14 {main}
ERROR - 2026-03-01 07:21:09 --> Error guardando refresh token: Cannot add or update a child row: a foreign key constraint fails (`nexfile`.`user_refresh_token`, CONSTRAINT `FK_user_refresh_token_IdLastUserUpdate` FOREIGN KEY (`id_last_user_update`) REFERENCES `user` (`id`) ON DELETE SET NULL ON UPDATE CASCADE)
ERROR - 2026-03-01 07:21:14 --> mysqli_sql_exception: Cannot add or update a child row: a foreign key constraint fails (`nexfile`.`user_refresh_token`, CONSTRAINT `FK_user_refresh_token_IdLastUserUpdate` FOREIGN KEY (`id_last_user_update`) REFERENCES `user` (`id`) ON DELETE SET NULL ON UPDATE CASCADE) in D:\Developer\singleFile\Nexus_SingleFile_BE\BE\vendor\codeigniter4\framework\system\Database\MySQLi\Connection.php:327
Stack trace:
#0 D:\Developer\singleFile\Nexus_SingleFile_BE\BE\vendor\codeigniter4\framework\system\Database\MySQLi\Connection.php(327): mysqli->query('INSERT INTO `us...', 0)
#1 D:\Developer\singleFile\Nexus_SingleFile_BE\BE\vendor\codeigniter4\framework\system\Database\BaseConnection.php(729): CodeIgniter\Database\MySQLi\Connection->execute('INSERT INTO `us...')
#2 D:\Developer\singleFile\Nexus_SingleFile_BE\BE\vendor\codeigniter4\framework\system\Database\BaseConnection.php(646): CodeIgniter\Database\BaseConnection->simpleQuery('INSERT INTO `us...')
#3 D:\Developer\singleFile\Nexus_SingleFile_BE\BE\vendor\codeigniter4\framework\system\Database\BaseBuilder.php(2345): CodeIgniter\Database\BaseConnection->query('INSERT INTO `us...', Array, false)
#4 D:\Developer\singleFile\Nexus_SingleFile_BE\BE\app\Models\AuthModel.php(223): CodeIgniter\Database\BaseBuilder->insert(Array)
#5 D:\Developer\singleFile\Nexus_SingleFile_BE\BE\app\Models\AuthModel.php(92): App\Models\AuthModel->saveRefreshToken('1', 'eyJ0eXAiOiJKV1Q...')
#6 D:\Developer\singleFile\Nexus_SingleFile_BE\BE\app\Controllers\Api\Auth.php(41): App\Models\AuthModel->authenticate('admin@nexusqtec...', 'admin123')
#7 D:\Developer\singleFile\Nexus_SingleFile_BE\BE\vendor\codeigniter4\framework\system\CodeIgniter.php(933): App\Controllers\Api\Auth->login()
#8 D:\Developer\singleFile\Nexus_SingleFile_BE\BE\vendor\codeigniter4\framework\system\CodeIgniter.php(507): CodeIgniter\CodeIgniter->runController(Object(App\Controllers\Api\Auth))
#9 D:\Developer\singleFile\Nexus_SingleFile_BE\BE\vendor\codeigniter4\framework\system\CodeIgniter.php(354): CodeIgniter\CodeIgniter->handleRequest(NULL, Object(Config\Cache), false)
#10 D:\Developer\singleFile\Nexus_SingleFile_BE\BE\vendor\codeigniter4\framework\system\Boot.php(363): CodeIgniter\CodeIgniter->run()
#11 D:\Developer\singleFile\Nexus_SingleFile_BE\BE\vendor\codeigniter4\framework\system\Boot.php(68): CodeIgniter\Boot::runCodeIgniter(Object(CodeIgniter\CodeIgniter))
#12 D:\Developer\singleFile\Nexus_SingleFile_BE\BE\public\index.php(60): CodeIgniter\Boot::bootWeb(Object(Config\Paths))
#13 D:\Developer\singleFile\Nexus_SingleFile_BE\BE\vendor\codeigniter4\framework\system\rewrite.php(44): require_once('D:\\Developer\\si...')
#14 {main}
ERROR - 2026-03-01 07:21:14 --> Error guardando refresh token: Cannot add or update a child row: a foreign key constraint fails (`nexfile`.`user_refresh_token`, CONSTRAINT `FK_user_refresh_token_IdLastUserUpdate` FOREIGN KEY (`id_last_user_update`) REFERENCES `user` (`id`) ON DELETE SET NULL ON UPDATE CASCADE)
ERROR - 2026-03-01 07:21:19 --> mysqli_sql_exception: Cannot add or update a child row: a foreign key constraint fails (`nexfile`.`user_refresh_token`, CONSTRAINT `FK_user_refresh_token_IdLastUserUpdate` FOREIGN KEY (`id_last_user_update`) REFERENCES `user` (`id`) ON DELETE SET NULL ON UPDATE CASCADE) in D:\Developer\singleFile\Nexus_SingleFile_BE\BE\vendor\codeigniter4\framework\system\Database\MySQLi\Connection.php:327
Stack trace:
#0 D:\Developer\singleFile\Nexus_SingleFile_BE\BE\vendor\codeigniter4\framework\system\Database\MySQLi\Connection.php(327): mysqli->query('INSERT INTO `us...', 0)
#1 D:\Developer\singleFile\Nexus_SingleFile_BE\BE\vendor\codeigniter4\framework\system\Database\BaseConnection.php(729): CodeIgniter\Database\MySQLi\Connection->execute('INSERT INTO `us...')
#2 D:\Developer\singleFile\Nexus_SingleFile_BE\BE\vendor\codeigniter4\framework\system\Database\BaseConnection.php(646): CodeIgniter\Database\BaseConnection->simpleQuery('INSERT INTO `us...')
#3 D:\Developer\singleFile\Nexus_SingleFile_BE\BE\vendor\codeigniter4\framework\system\Database\BaseBuilder.php(2345): CodeIgniter\Database\BaseConnection->query('INSERT INTO `us...', Array, false)
#4 D:\Developer\singleFile\Nexus_SingleFile_BE\BE\app\Models\AuthModel.php(223): CodeIgniter\Database\BaseBuilder->insert(Array)
#5 D:\Developer\singleFile\Nexus_SingleFile_BE\BE\app\Models\AuthModel.php(92): App\Models\AuthModel->saveRefreshToken('1', 'eyJ0eXAiOiJKV1Q...')
#6 D:\Developer\singleFile\Nexus_SingleFile_BE\BE\app\Controllers\Api\Auth.php(41): App\Models\AuthModel->authenticate('admin@nexusqtec...', 'admin123')
#7 D:\Developer\singleFile\Nexus_SingleFile_BE\BE\vendor\codeigniter4\framework\system\CodeIgniter.php(933): App\Controllers\Api\Auth->login()
#8 D:\Developer\singleFile\Nexus_SingleFile_BE\BE\vendor\codeigniter4\framework\system\CodeIgniter.php(507): CodeIgniter\CodeIgniter->runController(Object(App\Controllers\Api\Auth))
#9 D:\Developer\singleFile\Nexus_SingleFile_BE\BE\vendor\codeigniter4\framework\system\CodeIgniter.php(354): CodeIgniter\CodeIgniter->handleRequest(NULL, Object(Config\Cache), false)
#10 D:\Developer\singleFile\Nexus_SingleFile_BE\BE\vendor\codeigniter4\framework\system\Boot.php(363): CodeIgniter\CodeIgniter->run()
#11 D:\Developer\singleFile\Nexus_SingleFile_BE\BE\vendor\codeigniter4\framework\system\Boot.php(68): CodeIgniter\Boot::runCodeIgniter(Object(CodeIgniter\CodeIgniter))
#12 D:\Developer\singleFile\Nexus_SingleFile_BE\BE\public\index.php(60): CodeIgniter\Boot::bootWeb(Object(Config\Paths))
#13 D:\Developer\singleFile\Nexus_SingleFile_BE\BE\vendor\codeigniter4\framework\system\rewrite.php(44): require_once('D:\\Developer\\si...')
#14 {main}
ERROR - 2026-03-01 07:21:19 --> Error guardando refresh token: Cannot add or update a child row: a foreign key constraint fails (`nexfile`.`user_refresh_token`, CONSTRAINT `FK_user_refresh_token_IdLastUserUpdate` FOREIGN KEY (`id_last_user_update`) REFERENCES `user` (`id`) ON DELETE SET NULL ON UPDATE CASCADE)
ERROR - 2026-03-01 07:21:24 --> mysqli_sql_exception: Cannot add or update a child row: a foreign key constraint fails (`nexfile`.`user_refresh_token`, CONSTRAINT `FK_user_refresh_token_IdLastUserUpdate` FOREIGN KEY (`id_last_user_update`) REFERENCES `user` (`id`) ON DELETE SET NULL ON UPDATE CASCADE) in D:\Developer\singleFile\Nexus_SingleFile_BE\BE\vendor\codeigniter4\framework\system\Database\MySQLi\Connection.php:327
Stack trace:
#0 D:\Developer\singleFile\Nexus_SingleFile_BE\BE\vendor\codeigniter4\framework\system\Database\MySQLi\Connection.php(327): mysqli->query('INSERT INTO `us...', 0)
#1 D:\Developer\singleFile\Nexus_SingleFile_BE\BE\vendor\codeigniter4\framework\system\Database\BaseConnection.php(729): CodeIgniter\Database\MySQLi\Connection->execute('INSERT INTO `us...')
#2 D:\Developer\singleFile\Nexus_SingleFile_BE\BE\vendor\codeigniter4\framework\system\Database\BaseConnection.php(646): CodeIgniter\Database\BaseConnection->simpleQuery('INSERT INTO `us...')
#3 D:\Developer\singleFile\Nexus_SingleFile_BE\BE\vendor\codeigniter4\framework\system\Database\BaseBuilder.php(2345): CodeIgniter\Database\BaseConnection->query('INSERT INTO `us...', Array, false)
#4 D:\Developer\singleFile\Nexus_SingleFile_BE\BE\app\Models\AuthModel.php(223): CodeIgniter\Database\BaseBuilder->insert(Array)
#5 D:\Developer\singleFile\Nexus_SingleFile_BE\BE\app\Models\AuthModel.php(92): App\Models\AuthModel->saveRefreshToken('1', 'eyJ0eXAiOiJKV1Q...')
#6 D:\Developer\singleFile\Nexus_SingleFile_BE\BE\app\Controllers\Api\Auth.php(41): App\Models\AuthModel->authenticate('admin@nexusqtec...', 'admin123')
#7 D:\Developer\singleFile\Nexus_SingleFile_BE\BE\vendor\codeigniter4\framework\system\CodeIgniter.php(933): App\Controllers\Api\Auth->login()
#8 D:\Developer\singleFile\Nexus_SingleFile_BE\BE\vendor\codeigniter4\framework\system\CodeIgniter.php(507): CodeIgniter\CodeIgniter->runController(Object(App\Controllers\Api\Auth))
#9 D:\Developer\singleFile\Nexus_SingleFile_BE\BE\vendor\codeigniter4\framework\system\CodeIgniter.php(354): CodeIgniter\CodeIgniter->handleRequest(NULL, Object(Config\Cache), false)
#10 D:\Developer\singleFile\Nexus_SingleFile_BE\BE\vendor\codeigniter4\framework\system\Boot.php(363): CodeIgniter\CodeIgniter->run()
#11 D:\Developer\singleFile\Nexus_SingleFile_BE\BE\vendor\codeigniter4\framework\system\Boot.php(68): CodeIgniter\Boot::runCodeIgniter(Object(CodeIgniter\CodeIgniter))
#12 D:\Developer\singleFile\Nexus_SingleFile_BE\BE\public\index.php(60): CodeIgniter\Boot::bootWeb(Object(Config\Paths))
#13 D:\Developer\singleFile\Nexus_SingleFile_BE\BE\vendor\codeigniter4\framework\system\rewrite.php(44): require_once('D:\\Developer\\si...')
#14 {main}
ERROR - 2026-03-01 07:21:24 --> Error guardando refresh token: Cannot add or update a child row: a foreign key constraint fails (`nexfile`.`user_refresh_token`, CONSTRAINT `FK_user_refresh_token_IdLastUserUpdate` FOREIGN KEY (`id_last_user_update`) REFERENCES `user` (`id`) ON DELETE SET NULL ON UPDATE CASCADE)
ERROR - 2026-03-01 07:21:29 --> mysqli_sql_exception: Cannot add or update a child row: a foreign key constraint fails (`nexfile`.`user_refresh_token`, CONSTRAINT `FK_user_refresh_token_IdLastUserUpdate` FOREIGN KEY (`id_last_user_update`) REFERENCES `user` (`id`) ON DELETE SET NULL ON UPDATE CASCADE) in D:\Developer\singleFile\Nexus_SingleFile_BE\BE\vendor\codeigniter4\framework\system\Database\MySQLi\Connection.php:327
Stack trace:
#0 D:\Developer\singleFile\Nexus_SingleFile_BE\BE\vendor\codeigniter4\framework\system\Database\MySQLi\Connection.php(327): mysqli->query('INSERT INTO `us...', 0)
#1 D:\Developer\singleFile\Nexus_SingleFile_BE\BE\vendor\codeigniter4\framework\system\Database\BaseConnection.php(729): CodeIgniter\Database\MySQLi\Connection->execute('INSERT INTO `us...')
#2 D:\Developer\singleFile\Nexus_SingleFile_BE\BE\vendor\codeigniter4\framework\system\Database\BaseConnection.php(646): CodeIgniter\Database\BaseConnection->simpleQuery('INSERT INTO `us...')
#3 D:\Developer\singleFile\Nexus_SingleFile_BE\BE\vendor\codeigniter4\framework\system\Database\BaseBuilder.php(2345): CodeIgniter\Database\BaseConnection->query('INSERT INTO `us...', Array, false)
#4 D:\Developer\singleFile\Nexus_SingleFile_BE\BE\app\Models\AuthModel.php(223): CodeIgniter\Database\BaseBuilder->insert(Array)
#5 D:\Developer\singleFile\Nexus_SingleFile_BE\BE\app\Models\AuthModel.php(92): App\Models\AuthModel->saveRefreshToken('1', 'eyJ0eXAiOiJKV1Q...')
#6 D:\Developer\singleFile\Nexus_SingleFile_BE\BE\app\Controllers\Api\Auth.php(41): App\Models\AuthModel->authenticate('admin@nexusqtec...', 'admin123')
#7 D:\Developer\singleFile\Nexus_SingleFile_BE\BE\vendor\codeigniter4\framework\system\CodeIgniter.php(933): App\Controllers\Api\Auth->login()
#8 D:\Developer\singleFile\Nexus_SingleFile_BE\BE\vendor\codeigniter4\framework\system\CodeIgniter.php(507): CodeIgniter\CodeIgniter->runController(Object(App\Controllers\Api\Auth))
#9 D:\Developer\singleFile\Nexus_SingleFile_BE\BE\vendor\codeigniter4\framework\system\CodeIgniter.php(354): CodeIgniter\CodeIgniter->handleRequest(NULL, Object(Config\Cache), false)
#10 D:\Developer\singleFile\Nexus_SingleFile_BE\BE\vendor\codeigniter4\framework\system\Boot.php(363): CodeIgniter\CodeIgniter->run()
#11 D:\Developer\singleFile\Nexus_SingleFile_BE\BE\vendor\codeigniter4\framework\system\Boot.php(68): CodeIgniter\Boot::runCodeIgniter(Object(CodeIgniter\CodeIgniter))
#12 D:\Developer\singleFile\Nexus_SingleFile_BE\BE\public\index.php(60): CodeIgniter\Boot::bootWeb(Object(Config\Paths))
#13 D:\Developer\singleFile\Nexus_SingleFile_BE\BE\vendor\codeigniter4\framework\system\rewrite.php(44): require_once('D:\\Developer\\si...')
#14 {main}
ERROR - 2026-03-01 07:21:29 --> Error guardando refresh token: Cannot add or update a child row: a foreign key constraint fails (`nexfile`.`user_refresh_token`, CONSTRAINT `FK_user_refresh_token_IdLastUserUpdate` FOREIGN KEY (`id_last_user_update`) REFERENCES `user` (`id`) ON DELETE SET NULL ON UPDATE CASCADE)
ERROR - 2026-03-01 07:21:38 --> mysqli_sql_exception: Cannot add or update a child row: a foreign key constraint fails (`nexfile`.`user_refresh_token`, CONSTRAINT `FK_user_refresh_token_IdLastUserUpdate` FOREIGN KEY (`id_last_user_update`) REFERENCES `user` (`id`) ON DELETE SET NULL ON UPDATE CASCADE) in D:\Developer\singleFile\Nexus_SingleFile_BE\BE\vendor\codeigniter4\framework\system\Database\MySQLi\Connection.php:327
Stack trace:
#0 D:\Developer\singleFile\Nexus_SingleFile_BE\BE\vendor\codeigniter4\framework\system\Database\MySQLi\Connection.php(327): mysqli->query('INSERT INTO `us...', 0)
#1 D:\Developer\singleFile\Nexus_SingleFile_BE\BE\vendor\codeigniter4\framework\system\Database\BaseConnection.php(729): CodeIgniter\Database\MySQLi\Connection->execute('INSERT INTO `us...')
#2 D:\Developer\singleFile\Nexus_SingleFile_BE\BE\vendor\codeigniter4\framework\system\Database\BaseConnection.php(646): CodeIgniter\Database\BaseConnection->simpleQuery('INSERT INTO `us...')
#3 D:\Developer\singleFile\Nexus_SingleFile_BE\BE\vendor\codeigniter4\framework\system\Database\BaseBuilder.php(2345): CodeIgniter\Database\BaseConnection->query('INSERT INTO `us...', Array, false)
#4 D:\Developer\singleFile\Nexus_SingleFile_BE\BE\app\Models\AuthModel.php(223): CodeIgniter\Database\BaseBuilder->insert(Array)
#5 D:\Developer\singleFile\Nexus_SingleFile_BE\BE\app\Models\AuthModel.php(92): App\Models\AuthModel->saveRefreshToken('1', 'eyJ0eXAiOiJKV1Q...')
#6 D:\Developer\singleFile\Nexus_SingleFile_BE\BE\app\Controllers\Api\Auth.php(41): App\Models\AuthModel->authenticate('admin@nexusqtec...', 'admin123')
#7 D:\Developer\singleFile\Nexus_SingleFile_BE\BE\vendor\codeigniter4\framework\system\CodeIgniter.php(933): App\Controllers\Api\Auth->login()
#8 D:\Developer\singleFile\Nexus_SingleFile_BE\BE\vendor\codeigniter4\framework\system\CodeIgniter.php(507): CodeIgniter\CodeIgniter->runController(Object(App\Controllers\Api\Auth))
#9 D:\Developer\singleFile\Nexus_SingleFile_BE\BE\vendor\codeigniter4\framework\system\CodeIgniter.php(354): CodeIgniter\CodeIgniter->handleRequest(NULL, Object(Config\Cache), false)
#10 D:\Developer\singleFile\Nexus_SingleFile_BE\BE\vendor\codeigniter4\framework\system\Boot.php(363): CodeIgniter\CodeIgniter->run()
#11 D:\Developer\singleFile\Nexus_SingleFile_BE\BE\vendor\codeigniter4\framework\system\Boot.php(68): CodeIgniter\Boot::runCodeIgniter(Object(CodeIgniter\CodeIgniter))
#12 D:\Developer\singleFile\Nexus_SingleFile_BE\BE\public\index.php(60): CodeIgniter\Boot::bootWeb(Object(Config\Paths))
#13 D:\Developer\singleFile\Nexus_SingleFile_BE\BE\vendor\codeigniter4\framework\system\rewrite.php(44): require_once('D:\\Developer\\si...')
#14 {main}
ERROR - 2026-03-01 07:21:38 --> Error guardando refresh token: Cannot add or update a child row: a foreign key constraint fails (`nexfile`.`user_refresh_token`, CONSTRAINT `FK_user_refresh_token_IdLastUserUpdate` FOREIGN KEY (`id_last_user_update`) REFERENCES `user` (`id`) ON DELETE SET NULL ON UPDATE CASCADE)
ERROR - 2026-03-01 07:21:42 --> mysqli_sql_exception: Cannot add or update a child row: a foreign key constraint fails (`nexfile`.`user_refresh_token`, CONSTRAINT `FK_user_refresh_token_IdLastUserUpdate` FOREIGN KEY (`id_last_user_update`) REFERENCES `user` (`id`) ON DELETE SET NULL ON UPDATE CASCADE) in D:\Developer\singleFile\Nexus_SingleFile_BE\BE\vendor\codeigniter4\framework\system\Database\MySQLi\Connection.php:327
Stack trace:
#0 D:\Developer\singleFile\Nexus_SingleFile_BE\BE\vendor\codeigniter4\framework\system\Database\MySQLi\Connection.php(327): mysqli->query('INSERT INTO `us...', 0)
#1 D:\Developer\singleFile\Nexus_SingleFile_BE\BE\vendor\codeigniter4\framework\system\Database\BaseConnection.php(729): CodeIgniter\Database\MySQLi\Connection->execute('INSERT INTO `us...')
#2 D:\Developer\singleFile\Nexus_SingleFile_BE\BE\vendor\codeigniter4\framework\system\Database\BaseConnection.php(646): CodeIgniter\Database\BaseConnection->simpleQuery('INSERT INTO `us...')
#3 D:\Developer\singleFile\Nexus_SingleFile_BE\BE\vendor\codeigniter4\framework\system\Database\BaseBuilder.php(2345): CodeIgniter\Database\BaseConnection->query('INSERT INTO `us...', Array, false)
#4 D:\Developer\singleFile\Nexus_SingleFile_BE\BE\app\Models\AuthModel.php(223): CodeIgniter\Database\BaseBuilder->insert(Array)
#5 D:\Developer\singleFile\Nexus_SingleFile_BE\BE\app\Models\AuthModel.php(92): App\Models\AuthModel->saveRefreshToken('1', 'eyJ0eXAiOiJKV1Q...')
#6 D:\Developer\singleFile\Nexus_SingleFile_BE\BE\app\Controllers\Api\Auth.php(41): App\Models\AuthModel->authenticate('admin@nexusqtec...', 'admin123')
#7 D:\Developer\singleFile\Nexus_SingleFile_BE\BE\vendor\codeigniter4\framework\system\CodeIgniter.php(933): App\Controllers\Api\Auth->login()
#8 D:\Developer\singleFile\Nexus_SingleFile_BE\BE\vendor\codeigniter4\framework\system\CodeIgniter.php(507): CodeIgniter\CodeIgniter->runController(Object(App\Controllers\Api\Auth))
#9 D:\Developer\singleFile\Nexus_SingleFile_BE\BE\vendor\codeigniter4\framework\system\CodeIgniter.php(354): CodeIgniter\CodeIgniter->handleRequest(NULL, Object(Config\Cache), false)
#10 D:\Developer\singleFile\Nexus_SingleFile_BE\BE\vendor\codeigniter4\framework\system\Boot.php(363): CodeIgniter\CodeIgniter->run()
#11 D:\Developer\singleFile\Nexus_SingleFile_BE\BE\vendor\codeigniter4\framework\system\Boot.php(68): CodeIgniter\Boot::runCodeIgniter(Object(CodeIgniter\CodeIgniter))
#12 D:\Developer\singleFile\Nexus_SingleFile_BE\BE\public\index.php(60): CodeIgniter\Boot::bootWeb(Object(Config\Paths))
#13 D:\Developer\singleFile\Nexus_SingleFile_BE\BE\vendor\codeigniter4\framework\system\rewrite.php(44): require_once('D:\\Developer\\si...')
#14 {main}
ERROR - 2026-03-01 07:21:42 --> Error guardando refresh token: Cannot add or update a child row: a foreign key constraint fails (`nexfile`.`user_refresh_token`, CONSTRAINT `FK_user_refresh_token_IdLastUserUpdate` FOREIGN KEY (`id_last_user_update`) REFERENCES `user` (`id`) ON DELETE SET NULL ON UPDATE CASCADE)
ERROR - 2026-03-01 07:22:14 --> mysqli_sql_exception: Unknown column 'operation_type.IdLastUserUpdate' in 'on clause' in D:\Developer\singleFile\Nexus_SingleFile_BE\BE\vendor\codeigniter4\framework\system\Database\MySQLi\Connection.php:327
Stack trace:
#0 D:\Developer\singleFile\Nexus_SingleFile_BE\BE\vendor\codeigniter4\framework\system\Database\MySQLi\Connection.php(327): mysqli->query('SELECT `operati...', 0)
#1 D:\Developer\singleFile\Nexus_SingleFile_BE\BE\vendor\codeigniter4\framework\system\Database\BaseConnection.php(729): CodeIgniter\Database\MySQLi\Connection->execute('SELECT `operati...')
#2 D:\Developer\singleFile\Nexus_SingleFile_BE\BE\vendor\codeigniter4\framework\system\Database\BaseConnection.php(646): CodeIgniter\Database\BaseConnection->simpleQuery('SELECT `operati...')
#3 D:\Developer\singleFile\Nexus_SingleFile_BE\BE\vendor\codeigniter4\framework\system\Database\BaseBuilder.php(1649): CodeIgniter\Database\BaseConnection->query('SELECT `operati...', Array, false)
#4 D:\Developer\singleFile\Nexus_SingleFile_BE\BE\vendor\codeigniter4\framework\system\Model.php(286): CodeIgniter\Database\BaseBuilder->get()
#5 D:\Developer\singleFile\Nexus_SingleFile_BE\BE\vendor\codeigniter4\framework\system\BaseModel.php(677): CodeIgniter\Model->doFindAll(0, 0)
#6 D:\Developer\singleFile\Nexus_SingleFile_BE\BE\app\Models\OperationTypeModel.php(80): CodeIgniter\BaseModel->findAll()
#7 D:\Developer\singleFile\Nexus_SingleFile_BE\BE\app\Controllers\Api\OperationType.php(53): App\Models\OperationTypeModel->getAllOperationTypesWithUser('Name', 'ASC')
#8 D:\Developer\singleFile\Nexus_SingleFile_BE\BE\vendor\codeigniter4\framework\system\CodeIgniter.php(933): App\Controllers\Api\OperationType->index()
#9 D:\Developer\singleFile\Nexus_SingleFile_BE\BE\vendor\codeigniter4\framework\system\CodeIgniter.php(507): CodeIgniter\CodeIgniter->runController(Object(App\Controllers\Api\OperationType))
#10 D:\Developer\singleFile\Nexus_SingleFile_BE\BE\vendor\codeigniter4\framework\system\CodeIgniter.php(354): CodeIgniter\CodeIgniter->handleRequest(NULL, Object(Config\Cache), false)
#11 D:\Developer\singleFile\Nexus_SingleFile_BE\BE\vendor\codeigniter4\framework\system\Boot.php(363): CodeIgniter\CodeIgniter->run()
#12 D:\Developer\singleFile\Nexus_SingleFile_BE\BE\vendor\codeigniter4\framework\system\Boot.php(68): CodeIgniter\Boot::runCodeIgniter(Object(CodeIgniter\CodeIgniter))
#13 D:\Developer\singleFile\Nexus_SingleFile_BE\BE\public\index.php(60): CodeIgniter\Boot::bootWeb(Object(Config\Paths))
#14 D:\Developer\singleFile\Nexus_SingleFile_BE\BE\vendor\codeigniter4\framework\system\rewrite.php(44): require_once('D:\\Developer\\si...')
#15 {main}
ERROR - 2026-03-01 07:22:18 --> mysqli_sql_exception: Unknown column 'ct.IdLastUserUpdate' in 'on clause' in D:\Developer\singleFile\Nexus_SingleFile_BE\BE\vendor\codeigniter4\framework\system\Database\MySQLi\Connection.php:327
Stack trace:
#0 D:\Developer\singleFile\Nexus_SingleFile_BE\BE\vendor\codeigniter4\framework\system\Database\MySQLi\Connection.php(327): mysqli->query('SELECT COUNT(*)...', 0)
#1 D:\Developer\singleFile\Nexus_SingleFile_BE\BE\vendor\codeigniter4\framework\system\Database\BaseConnection.php(729): CodeIgniter\Database\MySQLi\Connection->execute('SELECT COUNT(*)...')
#2 D:\Developer\singleFile\Nexus_SingleFile_BE\BE\vendor\codeigniter4\framework\system\Database\BaseConnection.php(646): CodeIgniter\Database\BaseConnection->simpleQuery('SELECT COUNT(*)...')
#3 D:\Developer\singleFile\Nexus_SingleFile_BE\BE\vendor\codeigniter4\framework\system\Database\BaseBuilder.php(1733): CodeIgniter\Database\BaseConnection->query('SELECT COUNT(*)...', Array, false)
#4 D:\Developer\singleFile\Nexus_SingleFile_BE\BE\app\Controllers\Api\CustomerType.php(71): CodeIgniter\Database\BaseBuilder->countAllResults(false)
#5 D:\Developer\singleFile\Nexus_SingleFile_BE\BE\vendor\codeigniter4\framework\system\CodeIgniter.php(933): App\Controllers\Api\CustomerType->index()
#6 D:\Developer\singleFile\Nexus_SingleFile_BE\BE\vendor\codeigniter4\framework\system\CodeIgniter.php(507): CodeIgniter\CodeIgniter->runController(Object(App\Controllers\Api\CustomerType))
#7 D:\Developer\singleFile\Nexus_SingleFile_BE\BE\vendor\codeigniter4\framework\system\CodeIgniter.php(354): CodeIgniter\CodeIgniter->handleRequest(NULL, Object(Config\Cache), false)
#8 D:\Developer\singleFile\Nexus_SingleFile_BE\BE\vendor\codeigniter4\framework\system\Boot.php(363): CodeIgniter\CodeIgniter->run()
#9 D:\Developer\singleFile\Nexus_SingleFile_BE\BE\vendor\codeigniter4\framework\system\Boot.php(68): CodeIgniter\Boot::runCodeIgniter(Object(CodeIgniter\CodeIgniter))
#10 D:\Developer\singleFile\Nexus_SingleFile_BE\BE\public\index.php(60): CodeIgniter\Boot::bootWeb(Object(Config\Paths))
#11 D:\Developer\singleFile\Nexus_SingleFile_BE\BE\vendor\codeigniter4\framework\system\rewrite.php(44): require_once('D:\\Developer\\si...')
#12 {main}
ERROR - 2026-03-01 07:22:18 --> Error en CustomerType::index: Unknown column 'ct.IdLastUserUpdate' in 'on clause'
ERROR - 2026-03-01 07:22:45 --> Error en FileReason::index: Undefined array key "IdTypeReason"
ERROR - 2026-03-01 07:23:24 --> mysqli_sql_exception: Unknown column 'operation_type.IdLastUserUpdate' in 'on clause' in D:\Developer\singleFile\Nexus_SingleFile_BE\BE\vendor\codeigniter4\framework\system\Database\MySQLi\Connection.php:327
Stack trace:
#0 D:\Developer\singleFile\Nexus_SingleFile_BE\BE\vendor\codeigniter4\framework\system\Database\MySQLi\Connection.php(327): mysqli->query('SELECT `operati...', 0)
#1 D:\Developer\singleFile\Nexus_SingleFile_BE\BE\vendor\codeigniter4\framework\system\Database\BaseConnection.php(729): CodeIgniter\Database\MySQLi\Connection->execute('SELECT `operati...')
#2 D:\Developer\singleFile\Nexus_SingleFile_BE\BE\vendor\codeigniter4\framework\system\Database\BaseConnection.php(646): CodeIgniter\Database\BaseConnection->simpleQuery('SELECT `operati...')
#3 D:\Developer\singleFile\Nexus_SingleFile_BE\BE\vendor\codeigniter4\framework\system\Database\BaseBuilder.php(1649): CodeIgniter\Database\BaseConnection->query('SELECT `operati...', Array, false)
#4 D:\Developer\singleFile\Nexus_SingleFile_BE\BE\vendor\codeigniter4\framework\system\Model.php(286): CodeIgniter\Database\BaseBuilder->get()
#5 D:\Developer\singleFile\Nexus_SingleFile_BE\BE\vendor\codeigniter4\framework\system\BaseModel.php(677): CodeIgniter\Model->doFindAll(0, 0)
#6 D:\Developer\singleFile\Nexus_SingleFile_BE\BE\app\Models\OperationTypeModel.php(80): CodeIgniter\BaseModel->findAll()
#7 D:\Developer\singleFile\Nexus_SingleFile_BE\BE\app\Controllers\Api\OperationType.php(53): App\Models\OperationTypeModel->getAllOperationTypesWithUser('Name', 'ASC')
#8 D:\Developer\singleFile\Nexus_SingleFile_BE\BE\vendor\codeigniter4\framework\system\CodeIgniter.php(933): App\Controllers\Api\OperationType->index()
#9 D:\Developer\singleFile\Nexus_SingleFile_BE\BE\vendor\codeigniter4\framework\system\CodeIgniter.php(507): CodeIgniter\CodeIgniter->runController(Object(App\Controllers\Api\OperationType))
#10 D:\Developer\singleFile\Nexus_SingleFile_BE\BE\vendor\codeigniter4\framework\system\CodeIgniter.php(354): CodeIgniter\CodeIgniter->handleRequest(NULL, Object(Config\Cache), false)
#11 D:\Developer\singleFile\Nexus_SingleFile_BE\BE\vendor\codeigniter4\framework\system\Boot.php(363): CodeIgniter\CodeIgniter->run()
#12 D:\Developer\singleFile\Nexus_SingleFile_BE\BE\vendor\codeigniter4\framework\system\Boot.php(68): CodeIgniter\Boot::runCodeIgniter(Object(CodeIgniter\CodeIgniter))
#13 D:\Developer\singleFile\Nexus_SingleFile_BE\BE\public\index.php(60): CodeIgniter\Boot::bootWeb(Object(Config\Paths))
#14 D:\Developer\singleFile\Nexus_SingleFile_BE\BE\vendor\codeigniter4\framework\system\rewrite.php(44): require_once('D:\\Developer\\si...')
#15 {main}
ERROR - 2026-03-01 07:37:48 --> mysqli_sql_exception: Unknown column 'au.IdUser' in 'field list' in D:\Developer\singleFile\Nexus_SingleFile_BE\BE\vendor\codeigniter4\framework\system\Database\MySQLi\Connection.php:327
Stack trace:
#0 D:\Developer\singleFile\Nexus_SingleFile_BE\BE\vendor\codeigniter4\framework\system\Database\MySQLi\Connection.php(327): mysqli->query('SELECT `au`.`Id...', 0)
#1 D:\Developer\singleFile\Nexus_SingleFile_BE\BE\vendor\codeigniter4\framework\system\Database\BaseConnection.php(729): CodeIgniter\Database\MySQLi\Connection->execute('SELECT `au`.`Id...')
#2 D:\Developer\singleFile\Nexus_SingleFile_BE\BE\vendor\codeigniter4\framework\system\Database\BaseConnection.php(646): CodeIgniter\Database\BaseConnection->simpleQuery('SELECT `au`.`Id...')
#3 D:\Developer\singleFile\Nexus_SingleFile_BE\BE\vendor\codeigniter4\framework\system\Database\BaseBuilder.php(1649): CodeIgniter\Database\BaseConnection->query('SELECT `au`.`Id...', Array, false)
#4 D:\Developer\singleFile\Nexus_SingleFile_BE\BE\app\Controllers\Api\UserAgency.php(271): CodeIgniter\Database\BaseBuilder->get()
#5 D:\Developer\singleFile\Nexus_SingleFile_BE\BE\vendor\codeigniter4\framework\system\CodeIgniter.php(933): App\Controllers\Api\UserAgency->getUsersAgenciesBatch()
#6 D:\Developer\singleFile\Nexus_SingleFile_BE\BE\vendor\codeigniter4\framework\system\CodeIgniter.php(507): CodeIgniter\CodeIgniter->runController(Object(App\Controllers\Api\UserAgency))
#7 D:\Developer\singleFile\Nexus_SingleFile_BE\BE\vendor\codeigniter4\framework\system\CodeIgniter.php(354): CodeIgniter\CodeIgniter->handleRequest(NULL, Object(Config\Cache), false)
#8 D:\Developer\singleFile\Nexus_SingleFile_BE\BE\vendor\codeigniter4\framework\system\Boot.php(363): CodeIgniter\CodeIgniter->run()
#9 D:\Developer\singleFile\Nexus_SingleFile_BE\BE\vendor\codeigniter4\framework\system\Boot.php(68): CodeIgniter\Boot::runCodeIgniter(Object(CodeIgniter\CodeIgniter))
#10 D:\Developer\singleFile\Nexus_SingleFile_BE\BE\public\index.php(60): CodeIgniter\Boot::bootWeb(Object(Config\Paths))
#11 D:\Developer\singleFile\Nexus_SingleFile_BE\BE\vendor\codeigniter4\framework\system\rewrite.php(44): require_once('D:\\Developer\\si...')
#12 {main}
ERROR - 2026-03-01 07:37:48 --> Error en UserAgency::getUsersAgenciesBatch: Unknown column 'au.IdUser' in 'field list'
ERROR - 2026-03-01 21:34:07 --> mysqli_sql_exception: Cannot add or update a child row: a foreign key constraint fails (`nexfile`.`user_refresh_token`, CONSTRAINT `FK_user_refresh_token_IdLastUserUpdate` FOREIGN KEY (`id_last_user_update`) REFERENCES `user` (`id`) ON DELETE SET NULL ON UPDATE CASCADE) in D:\Developer\singleFile\Nexus_SingleFile_BE\BE\vendor\codeigniter4\framework\system\Database\MySQLi\Connection.php:327
Stack trace:
#0 D:\Developer\singleFile\Nexus_SingleFile_BE\BE\vendor\codeigniter4\framework\system\Database\MySQLi\Connection.php(327): mysqli->query('INSERT INTO `us...', 0)
#1 D:\Developer\singleFile\Nexus_SingleFile_BE\BE\vendor\codeigniter4\framework\system\Database\BaseConnection.php(729): CodeIgniter\Database\MySQLi\Connection->execute('INSERT INTO `us...')
#2 D:\Developer\singleFile\Nexus_SingleFile_BE\BE\vendor\codeigniter4\framework\system\Database\BaseConnection.php(646): CodeIgniter\Database\BaseConnection->simpleQuery('INSERT INTO `us...')
#3 D:\Developer\singleFile\Nexus_SingleFile_BE\BE\vendor\codeigniter4\framework\system\Database\BaseBuilder.php(2345): CodeIgniter\Database\BaseConnection->query('INSERT INTO `us...', Array, false)
#4 D:\Developer\singleFile\Nexus_SingleFile_BE\BE\app\Models\AuthModel.php(223): CodeIgniter\Database\BaseBuilder->insert(Array)
#5 D:\Developer\singleFile\Nexus_SingleFile_BE\BE\app\Models\AuthModel.php(92): App\Models\AuthModel->saveRefreshToken('1', 'eyJ0eXAiOiJKV1Q...')
#6 D:\Developer\singleFile\Nexus_SingleFile_BE\BE\app\Controllers\Api\Auth.php(41): App\Models\AuthModel->authenticate('admin@nexusqtec...', '$2y$10$RWcmMG80...')
#7 D:\Developer\singleFile\Nexus_SingleFile_BE\BE\vendor\codeigniter4\framework\system\CodeIgniter.php(933): App\Controllers\Api\Auth->login()
#8 D:\Developer\singleFile\Nexus_SingleFile_BE\BE\vendor\codeigniter4\framework\system\CodeIgniter.php(507): CodeIgniter\CodeIgniter->runController(Object(App\Controllers\Api\Auth))
#9 D:\Developer\singleFile\Nexus_SingleFile_BE\BE\vendor\codeigniter4\framework\system\CodeIgniter.php(354): CodeIgniter\CodeIgniter->handleRequest(NULL, Object(Config\Cache), false)
#10 D:\Developer\singleFile\Nexus_SingleFile_BE\BE\vendor\codeigniter4\framework\system\Boot.php(363): CodeIgniter\CodeIgniter->run()
#11 D:\Developer\singleFile\Nexus_SingleFile_BE\BE\vendor\codeigniter4\framework\system\Boot.php(68): CodeIgniter\Boot::runCodeIgniter(Object(CodeIgniter\CodeIgniter))
#12 D:\Developer\singleFile\Nexus_SingleFile_BE\BE\public\index.php(60): CodeIgniter\Boot::bootWeb(Object(Config\Paths))
#13 D:\Developer\singleFile\Nexus_SingleFile_BE\BE\vendor\codeigniter4\framework\system\rewrite.php(44): require_once('D:\\Developer\\si...')
#14 {main}
ERROR - 2026-03-01 21:34:07 --> Error guardando refresh token: Cannot add or update a child row: a foreign key constraint fails (`nexfile`.`user_refresh_token`, CONSTRAINT `FK_user_refresh_token_IdLastUserUpdate` FOREIGN KEY (`id_last_user_update`) REFERENCES `user` (`id`) ON DELETE SET NULL ON UPDATE CASCADE)
ERROR - 2026-03-01 15:55:00 --> Error connecting to the database: ErrorException: Packets out of order. Expected 4 received 3. Packet size=50 in D:\Developer\singleFile\Nexus_SingleFile_BE\BE\vendor\codeigniter4\framework\system\Database\MySQLi\Connection.php:201
Stack trace:
#0 [internal function]: CodeIgniter\Debug\Exceptions->errorHandler(2, 'Packets out of ...', 'D:\\Developer\\si...', 201)
#1 D:\Developer\singleFile\Nexus_SingleFile_BE\BE\vendor\codeigniter4\framework\system\Database\MySQLi\Connection.php(201): mysqli->real_connect('74.208.78.55', 'remote_nexus_q_...', Object(SensitiveParameterValue), 'nexfile', 3306, '', 0)
#2 D:\Developer\singleFile\Nexus_SingleFile_BE\BE\vendor\codeigniter4\framework\system\Database\BaseConnection.php(419): CodeIgniter\Database\MySQLi\Connection->connect(false)
#3 D:\Developer\singleFile\Nexus_SingleFile_BE\BE\vendor\codeigniter4\framework\system\Database\BaseConnection.php(614): CodeIgniter\Database\BaseConnection->initialize()
#4 D:\Developer\singleFile\Nexus_SingleFile_BE\BE\vendor\codeigniter4\framework\system\Database\BaseBuilder.php(1649): CodeIgniter\Database\BaseConnection->query('SELECT `u`.`nam...', Array, false)
#5 D:\Developer\singleFile\Nexus_SingleFile_BE\BE\app\Controllers\Api\Analytics.php(1589): CodeIgniter\Database\BaseBuilder->get()
#6 D:\Developer\singleFile\Nexus_SingleFile_BE\BE\vendor\codeigniter4\framework\system\CodeIgniter.php(933): App\Controllers\Api\Analytics->getAdvisorDistribution()
#7 D:\Developer\singleFile\Nexus_SingleFile_BE\BE\vendor\codeigniter4\framework\system\CodeIgniter.php(507): CodeIgniter\CodeIgniter->runController(Object(App\Controllers\Api\Analytics))
#8 D:\Developer\singleFile\Nexus_SingleFile_BE\BE\vendor\codeigniter4\framework\system\CodeIgniter.php(354): CodeIgniter\CodeIgniter->handleRequest(NULL, Object(Config\Cache), false)
#9 D:\Developer\singleFile\Nexus_SingleFile_BE\BE\vendor\codeigniter4\framework\system\Boot.php(363): CodeIgniter\CodeIgniter->run()
#10 D:\Developer\singleFile\Nexus_SingleFile_BE\BE\vendor\codeigniter4\framework\system\Boot.php(68): CodeIgniter\Boot::runCodeIgniter(Object(CodeIgniter\CodeIgniter))
#11 D:\Developer\singleFile\Nexus_SingleFile_BE\BE\public\index.php(60): CodeIgniter\Boot::bootWeb(Object(Config\Paths))
#12 D:\Developer\singleFile\Nexus_SingleFile_BE\BE\vendor\codeigniter4\framework\system\rewrite.php(44): require_once('D:\\Developer\\si...')
#13 {main}

Next mysqli_sql_exception: MySQL server has gone away in D:\Developer\singleFile\Nexus_SingleFile_BE\BE\vendor\codeigniter4\framework\system\Database\MySQLi\Connection.php:201
Stack trace:
#0 D:\Developer\singleFile\Nexus_SingleFile_BE\BE\vendor\codeigniter4\framework\system\Database\MySQLi\Connection.php(201): mysqli->real_connect('74.208.78.55', 'remote_nexus_q_...', Object(SensitiveParameterValue), 'nexfile', 3306, '', 0)
#1 D:\Developer\singleFile\Nexus_SingleFile_BE\BE\vendor\codeigniter4\framework\system\Database\BaseConnection.php(419): CodeIgniter\Database\MySQLi\Connection->connect(false)
#2 D:\Developer\singleFile\Nexus_SingleFile_BE\BE\vendor\codeigniter4\framework\system\Database\BaseConnection.php(614): CodeIgniter\Database\BaseConnection->initialize()
#3 D:\Developer\singleFile\Nexus_SingleFile_BE\BE\vendor\codeigniter4\framework\system\Database\BaseBuilder.php(1649): CodeIgniter\Database\BaseConnection->query('SELECT `u`.`nam...', Array, false)
#4 D:\Developer\singleFile\Nexus_SingleFile_BE\BE\app\Controllers\Api\Analytics.php(1589): CodeIgniter\Database\BaseBuilder->get()
#5 D:\Developer\singleFile\Nexus_SingleFile_BE\BE\vendor\codeigniter4\framework\system\CodeIgniter.php(933): App\Controllers\Api\Analytics->getAdvisorDistribution()
#6 D:\Developer\singleFile\Nexus_SingleFile_BE\BE\vendor\codeigniter4\framework\system\CodeIgniter.php(507): CodeIgniter\CodeIgniter->runController(Object(App\Controllers\Api\Analytics))
#7 D:\Developer\singleFile\Nexus_SingleFile_BE\BE\vendor\codeigniter4\framework\system\CodeIgniter.php(354): CodeIgniter\CodeIgniter->handleRequest(NULL, Object(Config\Cache), false)
#8 D:\Developer\singleFile\Nexus_SingleFile_BE\BE\vendor\codeigniter4\framework\system\Boot.php(363): CodeIgniter\CodeIgniter->run()
#9 D:\Developer\singleFile\Nexus_SingleFile_BE\BE\vendor\codeigniter4\framework\system\Boot.php(68): CodeIgniter\Boot::runCodeIgniter(Object(CodeIgniter\CodeIgniter))
#10 D:\Developer\singleFile\Nexus_SingleFile_BE\BE\public\index.php(60): CodeIgniter\Boot::bootWeb(Object(Config\Paths))
#11 D:\Developer\singleFile\Nexus_SingleFile_BE\BE\vendor\codeigniter4\framework\system\rewrite.php(44): require_once('D:\\Developer\\si...')
#12 {main}

Next CodeIgniter\Database\Exceptions\DatabaseException: MySQL server has gone away in D:\Developer\singleFile\Nexus_SingleFile_BE\BE\vendor\codeigniter4\framework\system\Database\MySQLi\Connection.php:246
Stack trace:
#0 D:\Developer\singleFile\Nexus_SingleFile_BE\BE\vendor\codeigniter4\framework\system\Database\BaseConnection.php(419): CodeIgniter\Database\MySQLi\Connection->connect(false)
#1 D:\Developer\singleFile\Nexus_SingleFile_BE\BE\vendor\codeigniter4\framework\system\Database\BaseConnection.php(614): CodeIgniter\Database\BaseConnection->initialize()
#2 D:\Developer\singleFile\Nexus_SingleFile_BE\BE\vendor\codeigniter4\framework\system\Database\BaseBuilder.php(1649): CodeIgniter\Database\BaseConnection->query('SELECT `u`.`nam...', Array, false)
#3 D:\Developer\singleFile\Nexus_SingleFile_BE\BE\app\Controllers\Api\Analytics.php(1589): CodeIgniter\Database\BaseBuilder->get()
#4 D:\Developer\singleFile\Nexus_SingleFile_BE\BE\vendor\codeigniter4\framework\system\CodeIgniter.php(933): App\Controllers\Api\Analytics->getAdvisorDistribution()
#5 D:\Developer\singleFile\Nexus_SingleFile_BE\BE\vendor\codeigniter4\framework\system\CodeIgniter.php(507): CodeIgniter\CodeIgniter->runController(Object(App\Controllers\Api\Analytics))
#6 D:\Developer\singleFile\Nexus_SingleFile_BE\BE\vendor\codeigniter4\framework\system\CodeIgniter.php(354): CodeIgniter\CodeIgniter->handleRequest(NULL, Object(Config\Cache), false)
#7 D:\Developer\singleFile\Nexus_SingleFile_BE\BE\vendor\codeigniter4\framework\system\Boot.php(363): CodeIgniter\CodeIgniter->run()
#8 D:\Developer\singleFile\Nexus_SingleFile_BE\BE\vendor\codeigniter4\framework\system\Boot.php(68): CodeIgniter\Boot::runCodeIgniter(Object(CodeIgniter\CodeIgniter))
#9 D:\Developer\singleFile\Nexus_SingleFile_BE\BE\public\index.php(60): CodeIgniter\Boot::bootWeb(Object(Config\Paths))
#10 D:\Developer\singleFile\Nexus_SingleFile_BE\BE\vendor\codeigniter4\framework\system\rewrite.php(44): require_once('D:\\Developer\\si...')
#11 {main}
ERROR - 2026-03-01 15:55:00 --> Error en getAdvisorDistribution: Unable to connect to the database.
Main connection [MySQLi]: MySQL server has gone away
ERROR - 2026-03-01 22:05:26 --> Error connecting to the database: ErrorException: Packets out of order. Expected 4 received 3. Packet size=50 in D:\Developer\singleFile\Nexus_SingleFile_BE\BE\vendor\codeigniter4\framework\system\Database\MySQLi\Connection.php:201
Stack trace:
#0 [internal function]: CodeIgniter\Debug\Exceptions->errorHandler(2, 'Packets out of ...', 'D:\\Developer\\si...', 201)
#1 D:\Developer\singleFile\Nexus_SingleFile_BE\BE\vendor\codeigniter4\framework\system\Database\MySQLi\Connection.php(201): mysqli->real_connect('74.208.78.55', 'remote_nexus_q_...', Object(SensitiveParameterValue), 'nexfile', 3306, '', 0)
#2 D:\Developer\singleFile\Nexus_SingleFile_BE\BE\vendor\codeigniter4\framework\system\Database\BaseConnection.php(419): CodeIgniter\Database\MySQLi\Connection->connect(false)
#3 D:\Developer\singleFile\Nexus_SingleFile_BE\BE\vendor\codeigniter4\framework\system\Database\BaseConnection.php(614): CodeIgniter\Database\BaseConnection->initialize()
#4 D:\Developer\singleFile\Nexus_SingleFile_BE\BE\vendor\codeigniter4\framework\system\Database\BaseBuilder.php(1733): CodeIgniter\Database\BaseConnection->query('SELECT COUNT(*)...', Array, false)
#5 D:\Developer\singleFile\Nexus_SingleFile_BE\BE\app\Controllers\Api\Analytics.php(122): CodeIgniter\Database\BaseBuilder->countAllResults(false)
#6 D:\Developer\singleFile\Nexus_SingleFile_BE\BE\vendor\codeigniter4\framework\system\CodeIgniter.php(933): App\Controllers\Api\Analytics->getDocumentStats()
#7 D:\Developer\singleFile\Nexus_SingleFile_BE\BE\vendor\codeigniter4\framework\system\CodeIgniter.php(507): CodeIgniter\CodeIgniter->runController(Object(App\Controllers\Api\Analytics))
#8 D:\Developer\singleFile\Nexus_SingleFile_BE\BE\vendor\codeigniter4\framework\system\CodeIgniter.php(354): CodeIgniter\CodeIgniter->handleRequest(NULL, Object(Config\Cache), false)
#9 D:\Developer\singleFile\Nexus_SingleFile_BE\BE\vendor\codeigniter4\framework\system\Boot.php(363): CodeIgniter\CodeIgniter->run()
#10 D:\Developer\singleFile\Nexus_SingleFile_BE\BE\vendor\codeigniter4\framework\system\Boot.php(68): CodeIgniter\Boot::runCodeIgniter(Object(CodeIgniter\CodeIgniter))
#11 D:\Developer\singleFile\Nexus_SingleFile_BE\BE\public\index.php(60): CodeIgniter\Boot::bootWeb(Object(Config\Paths))
#12 D:\Developer\singleFile\Nexus_SingleFile_BE\BE\vendor\codeigniter4\framework\system\rewrite.php(44): require_once('D:\\Developer\\si...')
#13 {main}

Next mysqli_sql_exception: MySQL server has gone away in D:\Developer\singleFile\Nexus_SingleFile_BE\BE\vendor\codeigniter4\framework\system\Database\MySQLi\Connection.php:201
Stack trace:
#0 D:\Developer\singleFile\Nexus_SingleFile_BE\BE\vendor\codeigniter4\framework\system\Database\MySQLi\Connection.php(201): mysqli->real_connect('74.208.78.55', 'remote_nexus_q_...', Object(SensitiveParameterValue), 'nexfile', 3306, '', 0)
#1 D:\Developer\singleFile\Nexus_SingleFile_BE\BE\vendor\codeigniter4\framework\system\Database\BaseConnection.php(419): CodeIgniter\Database\MySQLi\Connection->connect(false)
#2 D:\Developer\singleFile\Nexus_SingleFile_BE\BE\vendor\codeigniter4\framework\system\Database\BaseConnection.php(614): CodeIgniter\Database\BaseConnection->initialize()
#3 D:\Developer\singleFile\Nexus_SingleFile_BE\BE\vendor\codeigniter4\framework\system\Database\BaseBuilder.php(1733): CodeIgniter\Database\BaseConnection->query('SELECT COUNT(*)...', Array, false)
#4 D:\Developer\singleFile\Nexus_SingleFile_BE\BE\app\Controllers\Api\Analytics.php(122): CodeIgniter\Database\BaseBuilder->countAllResults(false)
#5 D:\Developer\singleFile\Nexus_SingleFile_BE\BE\vendor\codeigniter4\framework\system\CodeIgniter.php(933): App\Controllers\Api\Analytics->getDocumentStats()
#6 D:\Developer\singleFile\Nexus_SingleFile_BE\BE\vendor\codeigniter4\framework\system\CodeIgniter.php(507): CodeIgniter\CodeIgniter->runController(Object(App\Controllers\Api\Analytics))
#7 D:\Developer\singleFile\Nexus_SingleFile_BE\BE\vendor\codeigniter4\framework\system\CodeIgniter.php(354): CodeIgniter\CodeIgniter->handleRequest(NULL, Object(Config\Cache), false)
#8 D:\Developer\singleFile\Nexus_SingleFile_BE\BE\vendor\codeigniter4\framework\system\Boot.php(363): CodeIgniter\CodeIgniter->run()
#9 D:\Developer\singleFile\Nexus_SingleFile_BE\BE\vendor\codeigniter4\framework\system\Boot.php(68): CodeIgniter\Boot::runCodeIgniter(Object(CodeIgniter\CodeIgniter))
#10 D:\Developer\singleFile\Nexus_SingleFile_BE\BE\public\index.php(60): CodeIgniter\Boot::bootWeb(Object(Config\Paths))
#11 D:\Developer\singleFile\Nexus_SingleFile_BE\BE\vendor\codeigniter4\framework\system\rewrite.php(44): require_once('D:\\Developer\\si...')
#12 {main}

Next CodeIgniter\Database\Exceptions\DatabaseException: MySQL server has gone away in D:\Developer\singleFile\Nexus_SingleFile_BE\BE\vendor\codeigniter4\framework\system\Database\MySQLi\Connection.php:246
Stack trace:
#0 D:\Developer\singleFile\Nexus_SingleFile_BE\BE\vendor\codeigniter4\framework\system\Database\BaseConnection.php(419): CodeIgniter\Database\MySQLi\Connection->connect(false)
#1 D:\Developer\singleFile\Nexus_SingleFile_BE\BE\vendor\codeigniter4\framework\system\Database\BaseConnection.php(614): CodeIgniter\Database\BaseConnection->initialize()
#2 D:\Developer\singleFile\Nexus_SingleFile_BE\BE\vendor\codeigniter4\framework\system\Database\BaseBuilder.php(1733): CodeIgniter\Database\BaseConnection->query('SELECT COUNT(*)...', Array, false)
#3 D:\Developer\singleFile\Nexus_SingleFile_BE\BE\app\Controllers\Api\Analytics.php(122): CodeIgniter\Database\BaseBuilder->countAllResults(false)
#4 D:\Developer\singleFile\Nexus_SingleFile_BE\BE\vendor\codeigniter4\framework\system\CodeIgniter.php(933): App\Controllers\Api\Analytics->getDocumentStats()
#5 D:\Developer\singleFile\Nexus_SingleFile_BE\BE\vendor\codeigniter4\framework\system\CodeIgniter.php(507): CodeIgniter\CodeIgniter->runController(Object(App\Controllers\Api\Analytics))
#6 D:\Developer\singleFile\Nexus_SingleFile_BE\BE\vendor\codeigniter4\framework\system\CodeIgniter.php(354): CodeIgniter\CodeIgniter->handleRequest(NULL, Object(Config\Cache), false)
#7 D:\Developer\singleFile\Nexus_SingleFile_BE\BE\vendor\codeigniter4\framework\system\Boot.php(363): CodeIgniter\CodeIgniter->run()
#8 D:\Developer\singleFile\Nexus_SingleFile_BE\BE\vendor\codeigniter4\framework\system\Boot.php(68): CodeIgniter\Boot::runCodeIgniter(Object(CodeIgniter\CodeIgniter))
#9 D:\Developer\singleFile\Nexus_SingleFile_BE\BE\public\index.php(60): CodeIgniter\Boot::bootWeb(Object(Config\Paths))
#10 D:\Developer\singleFile\Nexus_SingleFile_BE\BE\vendor\codeigniter4\framework\system\rewrite.php(44): require_once('D:\\Developer\\si...')
#11 {main}
ERROR - 2026-03-01 22:05:26 --> Error en Analytics::getDocumentStats: Unable to connect to the database.
Main connection [MySQLi]: MySQL server has gone away
CRITICAL - 2026-03-01 22:09:24 --> ErrorException: Maximum execution time of 30 seconds exceeded
[Method: GET, Route: api/analytics/widget-process-statistics]
in SYSTEMPATH\Database\MySQLi\Connection.php on line 202.
 1 [internal function]: CodeIgniter\Debug\Exceptions->shutdownHandler()
ERROR - 2026-03-01 22:25:28 --> mysqli_sql_exception: Table 'nexfile.order_by_car' doesn't exist in D:\Developer\singleFile\Nexus_SingleFile_BE\BE\vendor\codeigniter4\framework\system\Database\MySQLi\Connection.php:327
Stack trace:
#0 D:\Developer\singleFile\Nexus_SingleFile_BE\BE\vendor\codeigniter4\framework\system\Database\MySQLi\Connection.php(327): mysqli->query('\r\n             ...', 0)
#1 D:\Developer\singleFile\Nexus_SingleFile_BE\BE\vendor\codeigniter4\framework\system\Database\BaseConnection.php(729): CodeIgniter\Database\MySQLi\Connection->execute('\r\n             ...')
#2 D:\Developer\singleFile\Nexus_SingleFile_BE\BE\vendor\codeigniter4\framework\system\Database\BaseConnection.php(646): CodeIgniter\Database\BaseConnection->simpleQuery('\r\n             ...')
#3 D:\Developer\singleFile\Nexus_SingleFile_BE\BE\app\Controllers\Api\Validacion.php(1004): CodeIgniter\Database\BaseConnection->query('\r\n             ...', Array)
#4 D:\Developer\singleFile\Nexus_SingleFile_BE\BE\vendor\codeigniter4\framework\system\CodeIgniter.php(933): App\Controllers\Api\Validacion->getClientes()
#5 D:\Developer\singleFile\Nexus_SingleFile_BE\BE\vendor\codeigniter4\framework\system\CodeIgniter.php(507): CodeIgniter\CodeIgniter->runController(Object(App\Controllers\Api\Validacion))
#6 D:\Developer\singleFile\Nexus_SingleFile_BE\BE\vendor\codeigniter4\framework\system\CodeIgniter.php(354): CodeIgniter\CodeIgniter->handleRequest(NULL, Object(Config\Cache), false)
#7 D:\Developer\singleFile\Nexus_SingleFile_BE\BE\vendor\codeigniter4\framework\system\Boot.php(363): CodeIgniter\CodeIgniter->run()
#8 D:\Developer\singleFile\Nexus_SingleFile_BE\BE\vendor\codeigniter4\framework\system\Boot.php(68): CodeIgniter\Boot::runCodeIgniter(Object(CodeIgniter\CodeIgniter))
#9 D:\Developer\singleFile\Nexus_SingleFile_BE\BE\public\index.php(60): CodeIgniter\Boot::bootWeb(Object(Config\Paths))
#10 D:\Developer\singleFile\Nexus_SingleFile_BE\BE\vendor\codeigniter4\framework\system\rewrite.php(44): require_once('D:\\Developer\\si...')
#11 {main}
ERROR - 2026-03-01 22:25:29 --> mysqli_sql_exception: Table 'nexfile.order_by_car' doesn't exist in D:\Developer\singleFile\Nexus_SingleFile_BE\BE\vendor\codeigniter4\framework\system\Database\MySQLi\Connection.php:327
Stack trace:
#0 D:\Developer\singleFile\Nexus_SingleFile_BE\BE\vendor\codeigniter4\framework\system\Database\MySQLi\Connection.php(327): mysqli->query('\r\n             ...', 0)
#1 D:\Developer\singleFile\Nexus_SingleFile_BE\BE\vendor\codeigniter4\framework\system\Database\BaseConnection.php(729): CodeIgniter\Database\MySQLi\Connection->execute('\r\n             ...')
#2 D:\Developer\singleFile\Nexus_SingleFile_BE\BE\vendor\codeigniter4\framework\system\Database\BaseConnection.php(646): CodeIgniter\Database\BaseConnection->simpleQuery('\r\n             ...')
#3 D:\Developer\singleFile\Nexus_SingleFile_BE\BE\app\Controllers\Api\Validacion.php(1004): CodeIgniter\Database\BaseConnection->query('\r\n             ...', Array)
#4 D:\Developer\singleFile\Nexus_SingleFile_BE\BE\vendor\codeigniter4\framework\system\CodeIgniter.php(933): App\Controllers\Api\Validacion->getClientes()
#5 D:\Developer\singleFile\Nexus_SingleFile_BE\BE\vendor\codeigniter4\framework\system\CodeIgniter.php(507): CodeIgniter\CodeIgniter->runController(Object(App\Controllers\Api\Validacion))
#6 D:\Developer\singleFile\Nexus_SingleFile_BE\BE\vendor\codeigniter4\framework\system\CodeIgniter.php(354): CodeIgniter\CodeIgniter->handleRequest(NULL, Object(Config\Cache), false)
#7 D:\Developer\singleFile\Nexus_SingleFile_BE\BE\vendor\codeigniter4\framework\system\Boot.php(363): CodeIgniter\CodeIgniter->run()
#8 D:\Developer\singleFile\Nexus_SingleFile_BE\BE\vendor\codeigniter4\framework\system\Boot.php(68): CodeIgniter\Boot::runCodeIgniter(Object(CodeIgniter\CodeIgniter))
#9 D:\Developer\singleFile\Nexus_SingleFile_BE\BE\public\index.php(60): CodeIgniter\Boot::bootWeb(Object(Config\Paths))
#10 D:\Developer\singleFile\Nexus_SingleFile_BE\BE\vendor\codeigniter4\framework\system\rewrite.php(44): require_once('D:\\Developer\\si...')
#11 {main}
ERROR - 2026-03-01 22:25:31 --> mysqli_sql_exception: Table 'nexfile.order_by_car' doesn't exist in D:\Developer\singleFile\Nexus_SingleFile_BE\BE\vendor\codeigniter4\framework\system\Database\MySQLi\Connection.php:327
Stack trace:
#0 D:\Developer\singleFile\Nexus_SingleFile_BE\BE\vendor\codeigniter4\framework\system\Database\MySQLi\Connection.php(327): mysqli->query('\r\n             ...', 0)
#1 D:\Developer\singleFile\Nexus_SingleFile_BE\BE\vendor\codeigniter4\framework\system\Database\BaseConnection.php(729): CodeIgniter\Database\MySQLi\Connection->execute('\r\n             ...')
#2 D:\Developer\singleFile\Nexus_SingleFile_BE\BE\vendor\codeigniter4\framework\system\Database\BaseConnection.php(646): CodeIgniter\Database\BaseConnection->simpleQuery('\r\n             ...')
#3 D:\Developer\singleFile\Nexus_SingleFile_BE\BE\app\Controllers\Api\Validacion.php(1004): CodeIgniter\Database\BaseConnection->query('\r\n             ...', Array)
#4 D:\Developer\singleFile\Nexus_SingleFile_BE\BE\vendor\codeigniter4\framework\system\CodeIgniter.php(933): App\Controllers\Api\Validacion->getClientes()
#5 D:\Developer\singleFile\Nexus_SingleFile_BE\BE\vendor\codeigniter4\framework\system\CodeIgniter.php(507): CodeIgniter\CodeIgniter->runController(Object(App\Controllers\Api\Validacion))
#6 D:\Developer\singleFile\Nexus_SingleFile_BE\BE\vendor\codeigniter4\framework\system\CodeIgniter.php(354): CodeIgniter\CodeIgniter->handleRequest(NULL, Object(Config\Cache), false)
#7 D:\Developer\singleFile\Nexus_SingleFile_BE\BE\vendor\codeigniter4\framework\system\Boot.php(363): CodeIgniter\CodeIgniter->run()
#8 D:\Developer\singleFile\Nexus_SingleFile_BE\BE\vendor\codeigniter4\framework\system\Boot.php(68): CodeIgniter\Boot::runCodeIgniter(Object(CodeIgniter\CodeIgniter))
#9 D:\Developer\singleFile\Nexus_SingleFile_BE\BE\public\index.php(60): CodeIgniter\Boot::bootWeb(Object(Config\Paths))
#10 D:\Developer\singleFile\Nexus_SingleFile_BE\BE\vendor\codeigniter4\framework\system\rewrite.php(44): require_once('D:\\Developer\\si...')
#11 {main}
ERROR - 2026-03-01 22:25:32 --> mysqli_sql_exception: Table 'nexfile.order_by_car' doesn't exist in D:\Developer\singleFile\Nexus_SingleFile_BE\BE\vendor\codeigniter4\framework\system\Database\MySQLi\Connection.php:327
Stack trace:
#0 D:\Developer\singleFile\Nexus_SingleFile_BE\BE\vendor\codeigniter4\framework\system\Database\MySQLi\Connection.php(327): mysqli->query('\r\n             ...', 0)
#1 D:\Developer\singleFile\Nexus_SingleFile_BE\BE\vendor\codeigniter4\framework\system\Database\BaseConnection.php(729): CodeIgniter\Database\MySQLi\Connection->execute('\r\n             ...')
#2 D:\Developer\singleFile\Nexus_SingleFile_BE\BE\vendor\codeigniter4\framework\system\Database\BaseConnection.php(646): CodeIgniter\Database\BaseConnection->simpleQuery('\r\n             ...')
#3 D:\Developer\singleFile\Nexus_SingleFile_BE\BE\app\Controllers\Api\Validacion.php(1004): CodeIgniter\Database\BaseConnection->query('\r\n             ...', Array)
#4 D:\Developer\singleFile\Nexus_SingleFile_BE\BE\vendor\codeigniter4\framework\system\CodeIgniter.php(933): App\Controllers\Api\Validacion->getClientes()
#5 D:\Developer\singleFile\Nexus_SingleFile_BE\BE\vendor\codeigniter4\framework\system\CodeIgniter.php(507): CodeIgniter\CodeIgniter->runController(Object(App\Controllers\Api\Validacion))
#6 D:\Developer\singleFile\Nexus_SingleFile_BE\BE\vendor\codeigniter4\framework\system\CodeIgniter.php(354): CodeIgniter\CodeIgniter->handleRequest(NULL, Object(Config\Cache), false)
#7 D:\Developer\singleFile\Nexus_SingleFile_BE\BE\vendor\codeigniter4\framework\system\Boot.php(363): CodeIgniter\CodeIgniter->run()
#8 D:\Developer\singleFile\Nexus_SingleFile_BE\BE\vendor\codeigniter4\framework\system\Boot.php(68): CodeIgniter\Boot::runCodeIgniter(Object(CodeIgniter\CodeIgniter))
#9 D:\Developer\singleFile\Nexus_SingleFile_BE\BE\public\index.php(60): CodeIgniter\Boot::bootWeb(Object(Config\Paths))
#10 D:\Developer\singleFile\Nexus_SingleFile_BE\BE\vendor\codeigniter4\framework\system\rewrite.php(44): require_once('D:\\Developer\\si...')
#11 {main}
ERROR - 2026-03-01 22:27:44 --> mysqli_sql_exception: Unknown column 'obc1.car_type' in 'field list' in D:\Developer\singleFile\Nexus_SingleFile_BE\BE\vendor\codeigniter4\framework\system\Database\MySQLi\Connection.php:327
Stack trace:
#0 D:\Developer\singleFile\Nexus_SingleFile_BE\BE\vendor\codeigniter4\framework\system\Database\MySQLi\Connection.php(327): mysqli->query('\r\n             ...', 0)
#1 D:\Developer\singleFile\Nexus_SingleFile_BE\BE\vendor\codeigniter4\framework\system\Database\BaseConnection.php(729): CodeIgniter\Database\MySQLi\Connection->execute('\r\n             ...')
#2 D:\Developer\singleFile\Nexus_SingleFile_BE\BE\vendor\codeigniter4\framework\system\Database\BaseConnection.php(646): CodeIgniter\Database\BaseConnection->simpleQuery('\r\n             ...')
#3 D:\Developer\singleFile\Nexus_SingleFile_BE\BE\app\Controllers\Api\Validacion.php(1004): CodeIgniter\Database\BaseConnection->query('\r\n             ...', Array)
#4 D:\Developer\singleFile\Nexus_SingleFile_BE\BE\vendor\codeigniter4\framework\system\CodeIgniter.php(933): App\Controllers\Api\Validacion->getClientes()
#5 D:\Developer\singleFile\Nexus_SingleFile_BE\BE\vendor\codeigniter4\framework\system\CodeIgniter.php(507): CodeIgniter\CodeIgniter->runController(Object(App\Controllers\Api\Validacion))
#6 D:\Developer\singleFile\Nexus_SingleFile_BE\BE\vendor\codeigniter4\framework\system\CodeIgniter.php(354): CodeIgniter\CodeIgniter->handleRequest(NULL, Object(Config\Cache), false)
#7 D:\Developer\singleFile\Nexus_SingleFile_BE\BE\vendor\codeigniter4\framework\system\Boot.php(363): CodeIgniter\CodeIgniter->run()
#8 D:\Developer\singleFile\Nexus_SingleFile_BE\BE\vendor\codeigniter4\framework\system\Boot.php(68): CodeIgniter\Boot::runCodeIgniter(Object(CodeIgniter\CodeIgniter))
#9 D:\Developer\singleFile\Nexus_SingleFile_BE\BE\public\index.php(60): CodeIgniter\Boot::bootWeb(Object(Config\Paths))
#10 D:\Developer\singleFile\Nexus_SingleFile_BE\BE\vendor\codeigniter4\framework\system\rewrite.php(44): require_once('D:\\Developer\\si...')
#11 {main}
ERROR - 2026-03-01 22:27:46 --> mysqli_sql_exception: Unknown column 'obc1.car_type' in 'field list' in D:\Developer\singleFile\Nexus_SingleFile_BE\BE\vendor\codeigniter4\framework\system\Database\MySQLi\Connection.php:327
Stack trace:
#0 D:\Developer\singleFile\Nexus_SingleFile_BE\BE\vendor\codeigniter4\framework\system\Database\MySQLi\Connection.php(327): mysqli->query('\r\n             ...', 0)
#1 D:\Developer\singleFile\Nexus_SingleFile_BE\BE\vendor\codeigniter4\framework\system\Database\BaseConnection.php(729): CodeIgniter\Database\MySQLi\Connection->execute('\r\n             ...')
#2 D:\Developer\singleFile\Nexus_SingleFile_BE\BE\vendor\codeigniter4\framework\system\Database\BaseConnection.php(646): CodeIgniter\Database\BaseConnection->simpleQuery('\r\n             ...')
#3 D:\Developer\singleFile\Nexus_SingleFile_BE\BE\app\Controllers\Api\Validacion.php(1004): CodeIgniter\Database\BaseConnection->query('\r\n             ...', Array)
#4 D:\Developer\singleFile\Nexus_SingleFile_BE\BE\vendor\codeigniter4\framework\system\CodeIgniter.php(933): App\Controllers\Api\Validacion->getClientes()
#5 D:\Developer\singleFile\Nexus_SingleFile_BE\BE\vendor\codeigniter4\framework\system\CodeIgniter.php(507): CodeIgniter\CodeIgniter->runController(Object(App\Controllers\Api\Validacion))
#6 D:\Developer\singleFile\Nexus_SingleFile_BE\BE\vendor\codeigniter4\framework\system\CodeIgniter.php(354): CodeIgniter\CodeIgniter->handleRequest(NULL, Object(Config\Cache), false)
#7 D:\Developer\singleFile\Nexus_SingleFile_BE\BE\vendor\codeigniter4\framework\system\Boot.php(363): CodeIgniter\CodeIgniter->run()
#8 D:\Developer\singleFile\Nexus_SingleFile_BE\BE\vendor\codeigniter4\framework\system\Boot.php(68): CodeIgniter\Boot::runCodeIgniter(Object(CodeIgniter\CodeIgniter))
#9 D:\Developer\singleFile\Nexus_SingleFile_BE\BE\public\index.php(60): CodeIgniter\Boot::bootWeb(Object(Config\Paths))
#10 D:\Developer\singleFile\Nexus_SingleFile_BE\BE\vendor\codeigniter4\framework\system\rewrite.php(44): require_once('D:\\Developer\\si...')
#11 {main}
ERROR - 2026-03-01 22:34:21 --> mysqli_sql_exception: View 'nexfile.view_client_company_amount' references invalid table(s) or column(s) or function(s) or definer/invoker of view lack rights to use them in D:\Developer\singleFile\Nexus_SingleFile_BE\BE\vendor\codeigniter4\framework\system\Database\MySQLi\Connection.php:327
Stack trace:
#0 D:\Developer\singleFile\Nexus_SingleFile_BE\BE\vendor\codeigniter4\framework\system\Database\MySQLi\Connection.php(327): mysqli->query('SELECT COUNT(*)...', 0)
#1 D:\Developer\singleFile\Nexus_SingleFile_BE\BE\vendor\codeigniter4\framework\system\Database\BaseConnection.php(729): CodeIgniter\Database\MySQLi\Connection->execute('SELECT COUNT(*)...')
#2 D:\Developer\singleFile\Nexus_SingleFile_BE\BE\vendor\codeigniter4\framework\system\Database\BaseConnection.php(646): CodeIgniter\Database\BaseConnection->simpleQuery('SELECT COUNT(*)...')
#3 D:\Developer\singleFile\Nexus_SingleFile_BE\BE\app\Controllers\Api\Client.php(109): CodeIgniter\Database\BaseConnection->query('SELECT COUNT(*)...', Array)
#4 D:\Developer\singleFile\Nexus_SingleFile_BE\BE\vendor\codeigniter4\framework\system\CodeIgniter.php(933): App\Controllers\Api\Client->list()
#5 D:\Developer\singleFile\Nexus_SingleFile_BE\BE\vendor\codeigniter4\framework\system\CodeIgniter.php(507): CodeIgniter\CodeIgniter->runController(Object(App\Controllers\Api\Client))
#6 D:\Developer\singleFile\Nexus_SingleFile_BE\BE\vendor\codeigniter4\framework\system\CodeIgniter.php(354): CodeIgniter\CodeIgniter->handleRequest(NULL, Object(Config\Cache), false)
#7 D:\Developer\singleFile\Nexus_SingleFile_BE\BE\vendor\codeigniter4\framework\system\Boot.php(363): CodeIgniter\CodeIgniter->run()
#8 D:\Developer\singleFile\Nexus_SingleFile_BE\BE\vendor\codeigniter4\framework\system\Boot.php(68): CodeIgniter\Boot::runCodeIgniter(Object(CodeIgniter\CodeIgniter))
#9 D:\Developer\singleFile\Nexus_SingleFile_BE\BE\public\index.php(60): CodeIgniter\Boot::bootWeb(Object(Config\Paths))
#10 D:\Developer\singleFile\Nexus_SingleFile_BE\BE\vendor\codeigniter4\framework\system\rewrite.php(44): require_once('D:\\Developer\\si...')
#11 {main}
ERROR - 2026-03-01 22:34:38 --> mysqli_sql_exception: View 'nexfile.view_client_company_amount' references invalid table(s) or column(s) or function(s) or definer/invoker of view lack rights to use them in D:\Developer\singleFile\Nexus_SingleFile_BE\BE\vendor\codeigniter4\framework\system\Database\MySQLi\Connection.php:327
Stack trace:
#0 D:\Developer\singleFile\Nexus_SingleFile_BE\BE\vendor\codeigniter4\framework\system\Database\MySQLi\Connection.php(327): mysqli->query('SELECT COUNT(*)...', 0)
#1 D:\Developer\singleFile\Nexus_SingleFile_BE\BE\vendor\codeigniter4\framework\system\Database\BaseConnection.php(729): CodeIgniter\Database\MySQLi\Connection->execute('SELECT COUNT(*)...')
#2 D:\Developer\singleFile\Nexus_SingleFile_BE\BE\vendor\codeigniter4\framework\system\Database\BaseConnection.php(646): CodeIgniter\Database\BaseConnection->simpleQuery('SELECT COUNT(*)...')
#3 D:\Developer\singleFile\Nexus_SingleFile_BE\BE\app\Controllers\Api\Client.php(109): CodeIgniter\Database\BaseConnection->query('SELECT COUNT(*)...', Array)
#4 D:\Developer\singleFile\Nexus_SingleFile_BE\BE\vendor\codeigniter4\framework\system\CodeIgniter.php(933): App\Controllers\Api\Client->list()
#5 D:\Developer\singleFile\Nexus_SingleFile_BE\BE\vendor\codeigniter4\framework\system\CodeIgniter.php(507): CodeIgniter\CodeIgniter->runController(Object(App\Controllers\Api\Client))
#6 D:\Developer\singleFile\Nexus_SingleFile_BE\BE\vendor\codeigniter4\framework\system\CodeIgniter.php(354): CodeIgniter\CodeIgniter->handleRequest(NULL, Object(Config\Cache), false)
#7 D:\Developer\singleFile\Nexus_SingleFile_BE\BE\vendor\codeigniter4\framework\system\Boot.php(363): CodeIgniter\CodeIgniter->run()
#8 D:\Developer\singleFile\Nexus_SingleFile_BE\BE\vendor\codeigniter4\framework\system\Boot.php(68): CodeIgniter\Boot::runCodeIgniter(Object(CodeIgniter\CodeIgniter))
#9 D:\Developer\singleFile\Nexus_SingleFile_BE\BE\public\index.php(60): CodeIgniter\Boot::bootWeb(Object(Config\Paths))
#10 D:\Developer\singleFile\Nexus_SingleFile_BE\BE\vendor\codeigniter4\framework\system\rewrite.php(44): require_once('D:\\Developer\\si...')
#11 {main}
ERROR - 2026-03-01 22:35:52 --> mysqli_sql_exception: Table 'nexfile.file_pld_beneficiariofinal' doesn't exist in D:\Developer\singleFile\Nexus_SingleFile_BE\BE\vendor\codeigniter4\framework\system\Database\MySQLi\Connection.php:327
Stack trace:
#0 D:\Developer\singleFile\Nexus_SingleFile_BE\BE\vendor\codeigniter4\framework\system\Database\MySQLi\Connection.php(327): mysqli->query('\r\n             ...', 0)
#1 D:\Developer\singleFile\Nexus_SingleFile_BE\BE\vendor\codeigniter4\framework\system\Database\BaseConnection.php(729): CodeIgniter\Database\MySQLi\Connection->execute('\r\n             ...')
#2 D:\Developer\singleFile\Nexus_SingleFile_BE\BE\vendor\codeigniter4\framework\system\Database\BaseConnection.php(646): CodeIgniter\Database\BaseConnection->simpleQuery('\r\n             ...')
#3 D:\Developer\singleFile\Nexus_SingleFile_BE\BE\app\Controllers\Api\ReportesCumplimiento.php(640): CodeIgniter\Database\BaseConnection->query('\r\n             ...', Array)
#4 D:\Developer\singleFile\Nexus_SingleFile_BE\BE\vendor\codeigniter4\framework\system\CodeIgniter.php(933): App\Controllers\Api\ReportesCumplimiento->dashboard()
#5 D:\Developer\singleFile\Nexus_SingleFile_BE\BE\vendor\codeigniter4\framework\system\CodeIgniter.php(507): CodeIgniter\CodeIgniter->runController(Object(App\Controllers\Api\ReportesCumplimiento))
#6 D:\Developer\singleFile\Nexus_SingleFile_BE\BE\vendor\codeigniter4\framework\system\CodeIgniter.php(354): CodeIgniter\CodeIgniter->handleRequest(NULL, Object(Config\Cache), false)
#7 D:\Developer\singleFile\Nexus_SingleFile_BE\BE\vendor\codeigniter4\framework\system\Boot.php(363): CodeIgniter\CodeIgniter->run()
#8 D:\Developer\singleFile\Nexus_SingleFile_BE\BE\vendor\codeigniter4\framework\system\Boot.php(68): CodeIgniter\Boot::runCodeIgniter(Object(CodeIgniter\CodeIgniter))
#9 D:\Developer\singleFile\Nexus_SingleFile_BE\BE\public\index.php(60): CodeIgniter\Boot::bootWeb(Object(Config\Paths))
#10 D:\Developer\singleFile\Nexus_SingleFile_BE\BE\vendor\codeigniter4\framework\system\rewrite.php(44): require_once('D:\\Developer\\si...')
#11 {main}
ERROR - 2026-03-01 22:35:52 --> ReportesCumplimiento::dashboard - Table 'nexfile.file_pld_beneficiariofinal' doesn't exist
ERROR - 2026-03-01 22:35:54 --> mysqli_sql_exception: Unknown column 'ctr.IdDMS' in 'field list' in D:\Developer\singleFile\Nexus_SingleFile_BE\BE\vendor\codeigniter4\framework\system\Database\MySQLi\Connection.php:327
Stack trace:
#0 D:\Developer\singleFile\Nexus_SingleFile_BE\BE\vendor\codeigniter4\framework\system\Database\MySQLi\Connection.php(327): mysqli->query('SELECT COUNT(*)...', 0)
#1 D:\Developer\singleFile\Nexus_SingleFile_BE\BE\vendor\codeigniter4\framework\system\Database\BaseConnection.php(729): CodeIgniter\Database\MySQLi\Connection->execute('SELECT COUNT(*)...')
#2 D:\Developer\singleFile\Nexus_SingleFile_BE\BE\vendor\codeigniter4\framework\system\Database\BaseConnection.php(646): CodeIgniter\Database\BaseConnection->simpleQuery('SELECT COUNT(*)...')
#3 D:\Developer\singleFile\Nexus_SingleFile_BE\BE\app\Controllers\Api\ReportesCumplimiento.php(109): CodeIgniter\Database\BaseConnection->query('SELECT COUNT(*)...', Array)
#4 D:\Developer\singleFile\Nexus_SingleFile_BE\BE\vendor\codeigniter4\framework\system\CodeIgniter.php(933): App\Controllers\Api\ReportesCumplimiento->expedientesAlertaPld()
#5 D:\Developer\singleFile\Nexus_SingleFile_BE\BE\vendor\codeigniter4\framework\system\CodeIgniter.php(507): CodeIgniter\CodeIgniter->runController(Object(App\Controllers\Api\ReportesCumplimiento))
#6 D:\Developer\singleFile\Nexus_SingleFile_BE\BE\vendor\codeigniter4\framework\system\CodeIgniter.php(354): CodeIgniter\CodeIgniter->handleRequest(NULL, Object(Config\Cache), false)
#7 D:\Developer\singleFile\Nexus_SingleFile_BE\BE\vendor\codeigniter4\framework\system\Boot.php(363): CodeIgniter\CodeIgniter->run()
#8 D:\Developer\singleFile\Nexus_SingleFile_BE\BE\vendor\codeigniter4\framework\system\Boot.php(68): CodeIgniter\Boot::runCodeIgniter(Object(CodeIgniter\CodeIgniter))
#9 D:\Developer\singleFile\Nexus_SingleFile_BE\BE\public\index.php(60): CodeIgniter\Boot::bootWeb(Object(Config\Paths))
#10 D:\Developer\singleFile\Nexus_SingleFile_BE\BE\vendor\codeigniter4\framework\system\rewrite.php(44): require_once('D:\\Developer\\si...')
#11 {main}
ERROR - 2026-03-01 22:35:54 --> ReportesCumplimiento::expedientesAlertaPld - Unknown column 'ctr.IdDMS' in 'field list'
ERROR - 2026-03-01 22:35:58 --> mysqli_sql_exception: Table 'nexfile.file_pld_beneficiariofinal' doesn't exist in D:\Developer\singleFile\Nexus_SingleFile_BE\BE\vendor\codeigniter4\framework\system\Database\MySQLi\Connection.php:327
Stack trace:
#0 D:\Developer\singleFile\Nexus_SingleFile_BE\BE\vendor\codeigniter4\framework\system\Database\MySQLi\Connection.php(327): mysqli->query('SELECT COUNT(*)...', 0)
#1 D:\Developer\singleFile\Nexus_SingleFile_BE\BE\vendor\codeigniter4\framework\system\Database\BaseConnection.php(729): CodeIgniter\Database\MySQLi\Connection->execute('SELECT COUNT(*)...')
#2 D:\Developer\singleFile\Nexus_SingleFile_BE\BE\vendor\codeigniter4\framework\system\Database\BaseConnection.php(646): CodeIgniter\Database\BaseConnection->simpleQuery('SELECT COUNT(*)...')
#3 D:\Developer\singleFile\Nexus_SingleFile_BE\BE\app\Controllers\Api\ReportesCumplimiento.php(387): CodeIgniter\Database\BaseConnection->query('SELECT COUNT(*)...', Array)
#4 D:\Developer\singleFile\Nexus_SingleFile_BE\BE\vendor\codeigniter4\framework\system\CodeIgniter.php(933): App\Controllers\Api\ReportesCumplimiento->expedientesSinBeneficiario()
#5 D:\Developer\singleFile\Nexus_SingleFile_BE\BE\vendor\codeigniter4\framework\system\CodeIgniter.php(507): CodeIgniter\CodeIgniter->runController(Object(App\Controllers\Api\ReportesCumplimiento))
#6 D:\Developer\singleFile\Nexus_SingleFile_BE\BE\vendor\codeigniter4\framework\system\CodeIgniter.php(354): CodeIgniter\CodeIgniter->handleRequest(NULL, Object(Config\Cache), false)
#7 D:\Developer\singleFile\Nexus_SingleFile_BE\BE\vendor\codeigniter4\framework\system\Boot.php(363): CodeIgniter\CodeIgniter->run()
#8 D:\Developer\singleFile\Nexus_SingleFile_BE\BE\vendor\codeigniter4\framework\system\Boot.php(68): CodeIgniter\Boot::runCodeIgniter(Object(CodeIgniter\CodeIgniter))
#9 D:\Developer\singleFile\Nexus_SingleFile_BE\BE\public\index.php(60): CodeIgniter\Boot::bootWeb(Object(Config\Paths))
#10 D:\Developer\singleFile\Nexus_SingleFile_BE\BE\vendor\codeigniter4\framework\system\rewrite.php(44): require_once('D:\\Developer\\si...')
#11 {main}
ERROR - 2026-03-01 22:35:58 --> ReportesCumplimiento::expedientesSinBeneficiario - Table 'nexfile.file_pld_beneficiariofinal' doesn't exist
ERROR - 2026-03-01 22:35:59 --> mysqli_sql_exception: Unknown column 'fp.id_file' in 'where clause' in D:\Developer\singleFile\Nexus_SingleFile_BE\BE\vendor\codeigniter4\framework\system\Database\MySQLi\Connection.php:327
Stack trace:
#0 D:\Developer\singleFile\Nexus_SingleFile_BE\BE\vendor\codeigniter4\framework\system\Database\MySQLi\Connection.php(327): mysqli->query('SELECT COUNT(*)...', 0)
#1 D:\Developer\singleFile\Nexus_SingleFile_BE\BE\vendor\codeigniter4\framework\system\Database\BaseConnection.php(729): CodeIgniter\Database\MySQLi\Connection->execute('SELECT COUNT(*)...')
#2 D:\Developer\singleFile\Nexus_SingleFile_BE\BE\vendor\codeigniter4\framework\system\Database\BaseConnection.php(646): CodeIgniter\Database\BaseConnection->simpleQuery('SELECT COUNT(*)...')
#3 D:\Developer\singleFile\Nexus_SingleFile_BE\BE\app\Controllers\Api\ReportesCumplimiento.php(486): CodeIgniter\Database\BaseConnection->query('SELECT COUNT(*)...', Array)
#4 D:\Developer\singleFile\Nexus_SingleFile_BE\BE\vendor\codeigniter4\framework\system\CodeIgniter.php(933): App\Controllers\Api\ReportesCumplimiento->expedientesSinAviso()
#5 D:\Developer\singleFile\Nexus_SingleFile_BE\BE\vendor\codeigniter4\framework\system\CodeIgniter.php(507): CodeIgniter\CodeIgniter->runController(Object(App\Controllers\Api\ReportesCumplimiento))
#6 D:\Developer\singleFile\Nexus_SingleFile_BE\BE\vendor\codeigniter4\framework\system\CodeIgniter.php(354): CodeIgniter\CodeIgniter->handleRequest(NULL, Object(Config\Cache), false)
#7 D:\Developer\singleFile\Nexus_SingleFile_BE\BE\vendor\codeigniter4\framework\system\Boot.php(363): CodeIgniter\CodeIgniter->run()
#8 D:\Developer\singleFile\Nexus_SingleFile_BE\BE\vendor\codeigniter4\framework\system\Boot.php(68): CodeIgniter\Boot::runCodeIgniter(Object(CodeIgniter\CodeIgniter))
#9 D:\Developer\singleFile\Nexus_SingleFile_BE\BE\public\index.php(60): CodeIgniter\Boot::bootWeb(Object(Config\Paths))
#10 D:\Developer\singleFile\Nexus_SingleFile_BE\BE\vendor\codeigniter4\framework\system\rewrite.php(44): require_once('D:\\Developer\\si...')
#11 {main}
ERROR - 2026-03-01 22:35:59 --> ReportesCumplimiento::expedientesSinAviso - Unknown column 'fp.id_file' in 'where clause'
ERROR - 2026-03-01 22:36:15 --> mysqli_sql_exception: Table 'nexfile.file_pld_beneficiariofinal' doesn't exist in D:\Developer\singleFile\Nexus_SingleFile_BE\BE\vendor\codeigniter4\framework\system\Database\MySQLi\Connection.php:327
Stack trace:
#0 D:\Developer\singleFile\Nexus_SingleFile_BE\BE\vendor\codeigniter4\framework\system\Database\MySQLi\Connection.php(327): mysqli->query('\r\n             ...', 0)
#1 D:\Developer\singleFile\Nexus_SingleFile_BE\BE\vendor\codeigniter4\framework\system\Database\BaseConnection.php(729): CodeIgniter\Database\MySQLi\Connection->execute('\r\n             ...')
#2 D:\Developer\singleFile\Nexus_SingleFile_BE\BE\vendor\codeigniter4\framework\system\Database\BaseConnection.php(646): CodeIgniter\Database\BaseConnection->simpleQuery('\r\n             ...')
#3 D:\Developer\singleFile\Nexus_SingleFile_BE\BE\app\Controllers\Api\ReportesCumplimiento.php(640): CodeIgniter\Database\BaseConnection->query('\r\n             ...', Array)
#4 D:\Developer\singleFile\Nexus_SingleFile_BE\BE\vendor\codeigniter4\framework\system\CodeIgniter.php(933): App\Controllers\Api\ReportesCumplimiento->dashboard()
#5 D:\Developer\singleFile\Nexus_SingleFile_BE\BE\vendor\codeigniter4\framework\system\CodeIgniter.php(507): CodeIgniter\CodeIgniter->runController(Object(App\Controllers\Api\ReportesCumplimiento))
#6 D:\Developer\singleFile\Nexus_SingleFile_BE\BE\vendor\codeigniter4\framework\system\CodeIgniter.php(354): CodeIgniter\CodeIgniter->handleRequest(NULL, Object(Config\Cache), false)
#7 D:\Developer\singleFile\Nexus_SingleFile_BE\BE\vendor\codeigniter4\framework\system\Boot.php(363): CodeIgniter\CodeIgniter->run()
#8 D:\Developer\singleFile\Nexus_SingleFile_BE\BE\vendor\codeigniter4\framework\system\Boot.php(68): CodeIgniter\Boot::runCodeIgniter(Object(CodeIgniter\CodeIgniter))
#9 D:\Developer\singleFile\Nexus_SingleFile_BE\BE\public\index.php(60): CodeIgniter\Boot::bootWeb(Object(Config\Paths))
#10 D:\Developer\singleFile\Nexus_SingleFile_BE\BE\vendor\codeigniter4\framework\system\rewrite.php(44): require_once('D:\\Developer\\si...')
#11 {main}
ERROR - 2026-03-01 22:36:15 --> ReportesCumplimiento::dashboard - Table 'nexfile.file_pld_beneficiariofinal' doesn't exist
ERROR - 2026-03-01 22:36:17 --> mysqli_sql_exception: Unknown column 'ctr.IdDMS' in 'field list' in D:\Developer\singleFile\Nexus_SingleFile_BE\BE\vendor\codeigniter4\framework\system\Database\MySQLi\Connection.php:327
Stack trace:
#0 D:\Developer\singleFile\Nexus_SingleFile_BE\BE\vendor\codeigniter4\framework\system\Database\MySQLi\Connection.php(327): mysqli->query('SELECT COUNT(*)...', 0)
#1 D:\Developer\singleFile\Nexus_SingleFile_BE\BE\vendor\codeigniter4\framework\system\Database\BaseConnection.php(729): CodeIgniter\Database\MySQLi\Connection->execute('SELECT COUNT(*)...')
#2 D:\Developer\singleFile\Nexus_SingleFile_BE\BE\vendor\codeigniter4\framework\system\Database\BaseConnection.php(646): CodeIgniter\Database\BaseConnection->simpleQuery('SELECT COUNT(*)...')
#3 D:\Developer\singleFile\Nexus_SingleFile_BE\BE\app\Controllers\Api\ReportesCumplimiento.php(109): CodeIgniter\Database\BaseConnection->query('SELECT COUNT(*)...', Array)
#4 D:\Developer\singleFile\Nexus_SingleFile_BE\BE\vendor\codeigniter4\framework\system\CodeIgniter.php(933): App\Controllers\Api\ReportesCumplimiento->expedientesAlertaPld()
#5 D:\Developer\singleFile\Nexus_SingleFile_BE\BE\vendor\codeigniter4\framework\system\CodeIgniter.php(507): CodeIgniter\CodeIgniter->runController(Object(App\Controllers\Api\ReportesCumplimiento))
#6 D:\Developer\singleFile\Nexus_SingleFile_BE\BE\vendor\codeigniter4\framework\system\CodeIgniter.php(354): CodeIgniter\CodeIgniter->handleRequest(NULL, Object(Config\Cache), false)
#7 D:\Developer\singleFile\Nexus_SingleFile_BE\BE\vendor\codeigniter4\framework\system\Boot.php(363): CodeIgniter\CodeIgniter->run()
#8 D:\Developer\singleFile\Nexus_SingleFile_BE\BE\vendor\codeigniter4\framework\system\Boot.php(68): CodeIgniter\Boot::runCodeIgniter(Object(CodeIgniter\CodeIgniter))
#9 D:\Developer\singleFile\Nexus_SingleFile_BE\BE\public\index.php(60): CodeIgniter\Boot::bootWeb(Object(Config\Paths))
#10 D:\Developer\singleFile\Nexus_SingleFile_BE\BE\vendor\codeigniter4\framework\system\rewrite.php(44): require_once('D:\\Developer\\si...')
#11 {main}
ERROR - 2026-03-01 22:36:17 --> ReportesCumplimiento::expedientesAlertaPld - Unknown column 'ctr.IdDMS' in 'field list'
ERROR - 2026-03-01 22:36:21 --> mysqli_sql_exception: Table 'nexfile.file_pld_beneficiariofinal' doesn't exist in D:\Developer\singleFile\Nexus_SingleFile_BE\BE\vendor\codeigniter4\framework\system\Database\MySQLi\Connection.php:327
Stack trace:
#0 D:\Developer\singleFile\Nexus_SingleFile_BE\BE\vendor\codeigniter4\framework\system\Database\MySQLi\Connection.php(327): mysqli->query('SELECT COUNT(*)...', 0)
#1 D:\Developer\singleFile\Nexus_SingleFile_BE\BE\vendor\codeigniter4\framework\system\Database\BaseConnection.php(729): CodeIgniter\Database\MySQLi\Connection->execute('SELECT COUNT(*)...')
#2 D:\Developer\singleFile\Nexus_SingleFile_BE\BE\vendor\codeigniter4\framework\system\Database\BaseConnection.php(646): CodeIgniter\Database\BaseConnection->simpleQuery('SELECT COUNT(*)...')
#3 D:\Developer\singleFile\Nexus_SingleFile_BE\BE\app\Controllers\Api\ReportesCumplimiento.php(387): CodeIgniter\Database\BaseConnection->query('SELECT COUNT(*)...', Array)
#4 D:\Developer\singleFile\Nexus_SingleFile_BE\BE\vendor\codeigniter4\framework\system\CodeIgniter.php(933): App\Controllers\Api\ReportesCumplimiento->expedientesSinBeneficiario()
#5 D:\Developer\singleFile\Nexus_SingleFile_BE\BE\vendor\codeigniter4\framework\system\CodeIgniter.php(507): CodeIgniter\CodeIgniter->runController(Object(App\Controllers\Api\ReportesCumplimiento))
#6 D:\Developer\singleFile\Nexus_SingleFile_BE\BE\vendor\codeigniter4\framework\system\CodeIgniter.php(354): CodeIgniter\CodeIgniter->handleRequest(NULL, Object(Config\Cache), false)
#7 D:\Developer\singleFile\Nexus_SingleFile_BE\BE\vendor\codeigniter4\framework\system\Boot.php(363): CodeIgniter\CodeIgniter->run()
#8 D:\Developer\singleFile\Nexus_SingleFile_BE\BE\vendor\codeigniter4\framework\system\Boot.php(68): CodeIgniter\Boot::runCodeIgniter(Object(CodeIgniter\CodeIgniter))
#9 D:\Developer\singleFile\Nexus_SingleFile_BE\BE\public\index.php(60): CodeIgniter\Boot::bootWeb(Object(Config\Paths))
#10 D:\Developer\singleFile\Nexus_SingleFile_BE\BE\vendor\codeigniter4\framework\system\rewrite.php(44): require_once('D:\\Developer\\si...')
#11 {main}
ERROR - 2026-03-01 22:36:21 --> ReportesCumplimiento::expedientesSinBeneficiario - Table 'nexfile.file_pld_beneficiariofinal' doesn't exist
ERROR - 2026-03-01 22:36:22 --> mysqli_sql_exception: Unknown column 'fp.id_file' in 'where clause' in D:\Developer\singleFile\Nexus_SingleFile_BE\BE\vendor\codeigniter4\framework\system\Database\MySQLi\Connection.php:327
Stack trace:
#0 D:\Developer\singleFile\Nexus_SingleFile_BE\BE\vendor\codeigniter4\framework\system\Database\MySQLi\Connection.php(327): mysqli->query('SELECT COUNT(*)...', 0)
#1 D:\Developer\singleFile\Nexus_SingleFile_BE\BE\vendor\codeigniter4\framework\system\Database\BaseConnection.php(729): CodeIgniter\Database\MySQLi\Connection->execute('SELECT COUNT(*)...')
#2 D:\Developer\singleFile\Nexus_SingleFile_BE\BE\vendor\codeigniter4\framework\system\Database\BaseConnection.php(646): CodeIgniter\Database\BaseConnection->simpleQuery('SELECT COUNT(*)...')
#3 D:\Developer\singleFile\Nexus_SingleFile_BE\BE\app\Controllers\Api\ReportesCumplimiento.php(486): CodeIgniter\Database\BaseConnection->query('SELECT COUNT(*)...', Array)
#4 D:\Developer\singleFile\Nexus_SingleFile_BE\BE\vendor\codeigniter4\framework\system\CodeIgniter.php(933): App\Controllers\Api\ReportesCumplimiento->expedientesSinAviso()
#5 D:\Developer\singleFile\Nexus_SingleFile_BE\BE\vendor\codeigniter4\framework\system\CodeIgniter.php(507): CodeIgniter\CodeIgniter->runController(Object(App\Controllers\Api\ReportesCumplimiento))
#6 D:\Developer\singleFile\Nexus_SingleFile_BE\BE\vendor\codeigniter4\framework\system\CodeIgniter.php(354): CodeIgniter\CodeIgniter->handleRequest(NULL, Object(Config\Cache), false)
#7 D:\Developer\singleFile\Nexus_SingleFile_BE\BE\vendor\codeigniter4\framework\system\Boot.php(363): CodeIgniter\CodeIgniter->run()
#8 D:\Developer\singleFile\Nexus_SingleFile_BE\BE\vendor\codeigniter4\framework\system\Boot.php(68): CodeIgniter\Boot::runCodeIgniter(Object(CodeIgniter\CodeIgniter))
#9 D:\Developer\singleFile\Nexus_SingleFile_BE\BE\public\index.php(60): CodeIgniter\Boot::bootWeb(Object(Config\Paths))
#10 D:\Developer\singleFile\Nexus_SingleFile_BE\BE\vendor\codeigniter4\framework\system\rewrite.php(44): require_once('D:\\Developer\\si...')
#11 {main}
ERROR - 2026-03-01 22:36:22 --> ReportesCumplimiento::expedientesSinAviso - Unknown column 'fp.id_file' in 'where clause'
ERROR - 2026-03-01 22:37:51 --> mysqli_sql_exception: Table 'nexfile.file_pld_beneficiariofinal' doesn't exist in D:\Developer\singleFile\Nexus_SingleFile_BE\BE\vendor\codeigniter4\framework\system\Database\MySQLi\Connection.php:327
Stack trace:
#0 D:\Developer\singleFile\Nexus_SingleFile_BE\BE\vendor\codeigniter4\framework\system\Database\MySQLi\Connection.php(327): mysqli->query('\r\n             ...', 0)
#1 D:\Developer\singleFile\Nexus_SingleFile_BE\BE\vendor\codeigniter4\framework\system\Database\BaseConnection.php(729): CodeIgniter\Database\MySQLi\Connection->execute('\r\n             ...')
#2 D:\Developer\singleFile\Nexus_SingleFile_BE\BE\vendor\codeigniter4\framework\system\Database\BaseConnection.php(646): CodeIgniter\Database\BaseConnection->simpleQuery('\r\n             ...')
#3 D:\Developer\singleFile\Nexus_SingleFile_BE\BE\app\Controllers\Api\ReportesCumplimiento.php(640): CodeIgniter\Database\BaseConnection->query('\r\n             ...', Array)
#4 D:\Developer\singleFile\Nexus_SingleFile_BE\BE\vendor\codeigniter4\framework\system\CodeIgniter.php(933): App\Controllers\Api\ReportesCumplimiento->dashboard()
#5 D:\Developer\singleFile\Nexus_SingleFile_BE\BE\vendor\codeigniter4\framework\system\CodeIgniter.php(507): CodeIgniter\CodeIgniter->runController(Object(App\Controllers\Api\ReportesCumplimiento))
#6 D:\Developer\singleFile\Nexus_SingleFile_BE\BE\vendor\codeigniter4\framework\system\CodeIgniter.php(354): CodeIgniter\CodeIgniter->handleRequest(NULL, Object(Config\Cache), false)
#7 D:\Developer\singleFile\Nexus_SingleFile_BE\BE\vendor\codeigniter4\framework\system\Boot.php(363): CodeIgniter\CodeIgniter->run()
#8 D:\Developer\singleFile\Nexus_SingleFile_BE\BE\vendor\codeigniter4\framework\system\Boot.php(68): CodeIgniter\Boot::runCodeIgniter(Object(CodeIgniter\CodeIgniter))
#9 D:\Developer\singleFile\Nexus_SingleFile_BE\BE\public\index.php(60): CodeIgniter\Boot::bootWeb(Object(Config\Paths))
#10 D:\Developer\singleFile\Nexus_SingleFile_BE\BE\vendor\codeigniter4\framework\system\rewrite.php(44): require_once('D:\\Developer\\si...')
#11 {main}
ERROR - 2026-03-01 22:37:51 --> ReportesCumplimiento::dashboard - Table 'nexfile.file_pld_beneficiariofinal' doesn't exist
ERROR - 2026-03-01 22:37:59 --> mysqli_sql_exception: Unknown column 'fp.id_file' in 'where clause' in D:\Developer\singleFile\Nexus_SingleFile_BE\BE\vendor\codeigniter4\framework\system\Database\MySQLi\Connection.php:327
Stack trace:
#0 D:\Developer\singleFile\Nexus_SingleFile_BE\BE\vendor\codeigniter4\framework\system\Database\MySQLi\Connection.php(327): mysqli->query('SELECT COUNT(*)...', 0)
#1 D:\Developer\singleFile\Nexus_SingleFile_BE\BE\vendor\codeigniter4\framework\system\Database\BaseConnection.php(729): CodeIgniter\Database\MySQLi\Connection->execute('SELECT COUNT(*)...')
#2 D:\Developer\singleFile\Nexus_SingleFile_BE\BE\vendor\codeigniter4\framework\system\Database\BaseConnection.php(646): CodeIgniter\Database\BaseConnection->simpleQuery('SELECT COUNT(*)...')
#3 D:\Developer\singleFile\Nexus_SingleFile_BE\BE\app\Controllers\Api\ReportesCumplimiento.php(486): CodeIgniter\Database\BaseConnection->query('SELECT COUNT(*)...', Array)
#4 D:\Developer\singleFile\Nexus_SingleFile_BE\BE\vendor\codeigniter4\framework\system\CodeIgniter.php(933): App\Controllers\Api\ReportesCumplimiento->expedientesSinAviso()
#5 D:\Developer\singleFile\Nexus_SingleFile_BE\BE\vendor\codeigniter4\framework\system\CodeIgniter.php(507): CodeIgniter\CodeIgniter->runController(Object(App\Controllers\Api\ReportesCumplimiento))
#6 D:\Developer\singleFile\Nexus_SingleFile_BE\BE\vendor\codeigniter4\framework\system\CodeIgniter.php(354): CodeIgniter\CodeIgniter->handleRequest(NULL, Object(Config\Cache), false)
#7 D:\Developer\singleFile\Nexus_SingleFile_BE\BE\vendor\codeigniter4\framework\system\Boot.php(363): CodeIgniter\CodeIgniter->run()
#8 D:\Developer\singleFile\Nexus_SingleFile_BE\BE\vendor\codeigniter4\framework\system\Boot.php(68): CodeIgniter\Boot::runCodeIgniter(Object(CodeIgniter\CodeIgniter))
#9 D:\Developer\singleFile\Nexus_SingleFile_BE\BE\public\index.php(60): CodeIgniter\Boot::bootWeb(Object(Config\Paths))
#10 D:\Developer\singleFile\Nexus_SingleFile_BE\BE\vendor\codeigniter4\framework\system\rewrite.php(44): require_once('D:\\Developer\\si...')
#11 {main}
ERROR - 2026-03-01 22:37:59 --> ReportesCumplimiento::expedientesSinAviso - Unknown column 'fp.id_file' in 'where clause'
ERROR - 2026-03-01 23:27:38 --> mysqli_sql_exception: Table 'nexfile.view_client_company_amount_6m' doesn't exist in D:\Developer\singleFile\Nexus_SingleFile_BE\BE\vendor\codeigniter4\framework\system\Database\MySQLi\Connection.php:327
Stack trace:
#0 D:\Developer\singleFile\Nexus_SingleFile_BE\BE\vendor\codeigniter4\framework\system\Database\MySQLi\Connection.php(327): mysqli->query('SELECT COUNT(DI...', 0)
#1 D:\Developer\singleFile\Nexus_SingleFile_BE\BE\vendor\codeigniter4\framework\system\Database\BaseConnection.php(729): CodeIgniter\Database\MySQLi\Connection->execute('SELECT COUNT(DI...')
#2 D:\Developer\singleFile\Nexus_SingleFile_BE\BE\vendor\codeigniter4\framework\system\Database\BaseConnection.php(646): CodeIgniter\Database\BaseConnection->simpleQuery('SELECT COUNT(DI...')
#3 D:\Developer\singleFile\Nexus_SingleFile_BE\BE\app\Controllers\Api\ReportesCumplimiento.php(596): CodeIgniter\Database\BaseConnection->query('SELECT COUNT(DI...', Array)
#4 D:\Developer\singleFile\Nexus_SingleFile_BE\BE\vendor\codeigniter4\framework\system\CodeIgniter.php(933): App\Controllers\Api\ReportesCumplimiento->dashboard()
#5 D:\Developer\singleFile\Nexus_SingleFile_BE\BE\vendor\codeigniter4\framework\system\CodeIgniter.php(507): CodeIgniter\CodeIgniter->runController(Object(App\Controllers\Api\ReportesCumplimiento))
#6 D:\Developer\singleFile\Nexus_SingleFile_BE\BE\vendor\codeigniter4\framework\system\CodeIgniter.php(354): CodeIgniter\CodeIgniter->handleRequest(NULL, Object(Config\Cache), false)
#7 D:\Developer\singleFile\Nexus_SingleFile_BE\BE\vendor\codeigniter4\framework\system\Boot.php(363): CodeIgniter\CodeIgniter->run()
#8 D:\Developer\singleFile\Nexus_SingleFile_BE\BE\vendor\codeigniter4\framework\system\Boot.php(68): CodeIgniter\Boot::runCodeIgniter(Object(CodeIgniter\CodeIgniter))
#9 D:\Developer\singleFile\Nexus_SingleFile_BE\BE\public\index.php(60): CodeIgniter\Boot::bootWeb(Object(Config\Paths))
#10 D:\Developer\singleFile\Nexus_SingleFile_BE\BE\vendor\codeigniter4\framework\system\rewrite.php(44): require_once('D:\\Developer\\si...')
#11 {main}
ERROR - 2026-03-01 23:27:38 --> ReportesCumplimiento::dashboard - Table 'nexfile.view_client_company_amount_6m' doesn't exist
ERROR - 2026-03-01 23:27:39 --> mysqli_sql_exception: Table 'nexfile.view_client_company_amount_6m' doesn't exist in D:\Developer\singleFile\Nexus_SingleFile_BE\BE\vendor\codeigniter4\framework\system\Database\MySQLi\Connection.php:327
Stack trace:
#0 D:\Developer\singleFile\Nexus_SingleFile_BE\BE\vendor\codeigniter4\framework\system\Database\MySQLi\Connection.php(327): mysqli->query('SELECT COUNT(*)...', 0)
#1 D:\Developer\singleFile\Nexus_SingleFile_BE\BE\vendor\codeigniter4\framework\system\Database\BaseConnection.php(729): CodeIgniter\Database\MySQLi\Connection->execute('SELECT COUNT(*)...')
#2 D:\Developer\singleFile\Nexus_SingleFile_BE\BE\vendor\codeigniter4\framework\system\Database\BaseConnection.php(646): CodeIgniter\Database\BaseConnection->simpleQuery('SELECT COUNT(*)...')
#3 D:\Developer\singleFile\Nexus_SingleFile_BE\BE\app\Controllers\Api\ReportesCumplimiento.php(107): CodeIgniter\Database\BaseConnection->query('SELECT COUNT(*)...', Array)
#4 D:\Developer\singleFile\Nexus_SingleFile_BE\BE\vendor\codeigniter4\framework\system\CodeIgniter.php(933): App\Controllers\Api\ReportesCumplimiento->expedientesAlertaPld()
#5 D:\Developer\singleFile\Nexus_SingleFile_BE\BE\vendor\codeigniter4\framework\system\CodeIgniter.php(507): CodeIgniter\CodeIgniter->runController(Object(App\Controllers\Api\ReportesCumplimiento))
#6 D:\Developer\singleFile\Nexus_SingleFile_BE\BE\vendor\codeigniter4\framework\system\CodeIgniter.php(354): CodeIgniter\CodeIgniter->handleRequest(NULL, Object(Config\Cache), false)
#7 D:\Developer\singleFile\Nexus_SingleFile_BE\BE\vendor\codeigniter4\framework\system\Boot.php(363): CodeIgniter\CodeIgniter->run()
#8 D:\Developer\singleFile\Nexus_SingleFile_BE\BE\vendor\codeigniter4\framework\system\Boot.php(68): CodeIgniter\Boot::runCodeIgniter(Object(CodeIgniter\CodeIgniter))
#9 D:\Developer\singleFile\Nexus_SingleFile_BE\BE\public\index.php(60): CodeIgniter\Boot::bootWeb(Object(Config\Paths))
#10 D:\Developer\singleFile\Nexus_SingleFile_BE\BE\vendor\codeigniter4\framework\system\rewrite.php(44): require_once('D:\\Developer\\si...')
#11 {main}
ERROR - 2026-03-01 23:27:39 --> ReportesCumplimiento::expedientesAlertaPld - Table 'nexfile.view_client_company_amount_6m' doesn't exist
ERROR - 2026-03-01 23:28:36 --> mysqli_sql_exception: Table 'nexfile.view_client_company_amount_6m' doesn't exist in D:\Developer\singleFile\Nexus_SingleFile_BE\BE\vendor\codeigniter4\framework\system\Database\MySQLi\Connection.php:327
Stack trace:
#0 D:\Developer\singleFile\Nexus_SingleFile_BE\BE\vendor\codeigniter4\framework\system\Database\MySQLi\Connection.php(327): mysqli->query('SELECT COUNT(DI...', 0)
#1 D:\Developer\singleFile\Nexus_SingleFile_BE\BE\vendor\codeigniter4\framework\system\Database\BaseConnection.php(729): CodeIgniter\Database\MySQLi\Connection->execute('SELECT COUNT(DI...')
#2 D:\Developer\singleFile\Nexus_SingleFile_BE\BE\vendor\codeigniter4\framework\system\Database\BaseConnection.php(646): CodeIgniter\Database\BaseConnection->simpleQuery('SELECT COUNT(DI...')
#3 D:\Developer\singleFile\Nexus_SingleFile_BE\BE\app\Controllers\Api\ReportesCumplimiento.php(596): CodeIgniter\Database\BaseConnection->query('SELECT COUNT(DI...', Array)
#4 D:\Developer\singleFile\Nexus_SingleFile_BE\BE\vendor\codeigniter4\framework\system\CodeIgniter.php(933): App\Controllers\Api\ReportesCumplimiento->dashboard()
#5 D:\Developer\singleFile\Nexus_SingleFile_BE\BE\vendor\codeigniter4\framework\system\CodeIgniter.php(507): CodeIgniter\CodeIgniter->runController(Object(App\Controllers\Api\ReportesCumplimiento))
#6 D:\Developer\singleFile\Nexus_SingleFile_BE\BE\vendor\codeigniter4\framework\system\CodeIgniter.php(354): CodeIgniter\CodeIgniter->handleRequest(NULL, Object(Config\Cache), false)
#7 D:\Developer\singleFile\Nexus_SingleFile_BE\BE\vendor\codeigniter4\framework\system\Boot.php(363): CodeIgniter\CodeIgniter->run()
#8 D:\Developer\singleFile\Nexus_SingleFile_BE\BE\vendor\codeigniter4\framework\system\Boot.php(68): CodeIgniter\Boot::runCodeIgniter(Object(CodeIgniter\CodeIgniter))
#9 D:\Developer\singleFile\Nexus_SingleFile_BE\BE\public\index.php(60): CodeIgniter\Boot::bootWeb(Object(Config\Paths))
#10 D:\Developer\singleFile\Nexus_SingleFile_BE\BE\vendor\codeigniter4\framework\system\rewrite.php(44): require_once('D:\\Developer\\si...')
#11 {main}
ERROR - 2026-03-01 23:28:36 --> ReportesCumplimiento::dashboard - Table 'nexfile.view_client_company_amount_6m' doesn't exist
ERROR - 2026-03-01 23:28:37 --> mysqli_sql_exception: Table 'nexfile.view_client_company_amount_6m' doesn't exist in D:\Developer\singleFile\Nexus_SingleFile_BE\BE\vendor\codeigniter4\framework\system\Database\MySQLi\Connection.php:327
Stack trace:
#0 D:\Developer\singleFile\Nexus_SingleFile_BE\BE\vendor\codeigniter4\framework\system\Database\MySQLi\Connection.php(327): mysqli->query('SELECT COUNT(*)...', 0)
#1 D:\Developer\singleFile\Nexus_SingleFile_BE\BE\vendor\codeigniter4\framework\system\Database\BaseConnection.php(729): CodeIgniter\Database\MySQLi\Connection->execute('SELECT COUNT(*)...')
#2 D:\Developer\singleFile\Nexus_SingleFile_BE\BE\vendor\codeigniter4\framework\system\Database\BaseConnection.php(646): CodeIgniter\Database\BaseConnection->simpleQuery('SELECT COUNT(*)...')
#3 D:\Developer\singleFile\Nexus_SingleFile_BE\BE\app\Controllers\Api\ReportesCumplimiento.php(107): CodeIgniter\Database\BaseConnection->query('SELECT COUNT(*)...', Array)
#4 D:\Developer\singleFile\Nexus_SingleFile_BE\BE\vendor\codeigniter4\framework\system\CodeIgniter.php(933): App\Controllers\Api\ReportesCumplimiento->expedientesAlertaPld()
#5 D:\Developer\singleFile\Nexus_SingleFile_BE\BE\vendor\codeigniter4\framework\system\CodeIgniter.php(507): CodeIgniter\CodeIgniter->runController(Object(App\Controllers\Api\ReportesCumplimiento))
#6 D:\Developer\singleFile\Nexus_SingleFile_BE\BE\vendor\codeigniter4\framework\system\CodeIgniter.php(354): CodeIgniter\CodeIgniter->handleRequest(NULL, Object(Config\Cache), false)
#7 D:\Developer\singleFile\Nexus_SingleFile_BE\BE\vendor\codeigniter4\framework\system\Boot.php(363): CodeIgniter\CodeIgniter->run()
#8 D:\Developer\singleFile\Nexus_SingleFile_BE\BE\vendor\codeigniter4\framework\system\Boot.php(68): CodeIgniter\Boot::runCodeIgniter(Object(CodeIgniter\CodeIgniter))
#9 D:\Developer\singleFile\Nexus_SingleFile_BE\BE\public\index.php(60): CodeIgniter\Boot::bootWeb(Object(Config\Paths))
#10 D:\Developer\singleFile\Nexus_SingleFile_BE\BE\vendor\codeigniter4\framework\system\rewrite.php(44): require_once('D:\\Developer\\si...')
#11 {main}
ERROR - 2026-03-01 23:28:37 --> ReportesCumplimiento::expedientesAlertaPld - Table 'nexfile.view_client_company_amount_6m' doesn't exist
