id_file;pedido;id_agencia;agencia;id_client_file;id_estado;estado;proceso;proceso_habilitado;motivo;id_cliente_sugerido;nombre_cliente_sugerido;fuente_sugerencia;nota_nd
826;29754;1;HONDA GALERIAS;668;4;Liberado;AUTOS NUEVOS;1;Sin Client_Total_Relation (cliente-agencia);;;sin_sugerencia;
826;29754;1;HONDA GALERIAS;668;4;Liberado;AUTOS NUEVOS;1;Sin Client_Total_Relation (cliente-agencia);;;sin_sugerencia;
1258;29762;1;HONDA GALERIAS;803;4;Liberado;AUTOS NUEVOS;1;Sin Client_Total_Relation (cliente-agencia);;;sin_sugerencia;
1545;30033;1;HONDA GALERIAS;668;1;Integración;AUTOS NUEVOS;1;Sin Client_Total_Relation (cliente-agencia);;;sin_sugerencia;
1545;30033;1;HONDA GALERIAS;668;1;Integración;AUTOS NUEVOS;1;Sin Client_Total_Relation (cliente-agencia);;;sin_sugerencia;
2343;31202;1;HONDA GALERIAS;1945;4;Liberado;AUTOS NUEVOS;1;Sin Client_Total_Relation (cliente-agencia);;;sin_sugerencia;
2470;31253;1;HONDA GALERIAS;2063;4;Liberado;AUTOS NUEVOS;1;Sin Client_Total_Relation (cliente-agencia);;;sin_sugerencia;
7434;32963;1;HONDA GALERIAS;5098;4;Liberado;AUTOS NUEVOS;1;Sin Client_Total_Relation (cliente-agencia);;;sin_sugerencia;
7834;33093;1;HONDA GALERIAS;6469;4;Liberado;AUTOS NUEVOS;1;Sin Client_Total_Relation (cliente-agencia);;;sin_sugerencia;
13109;34491;1;HONDA GALERIAS;4265;4;Liberado;AUTOS NUEVOS;1;Sin Client_Total_Relation (cliente-agencia);;;sin_sugerencia;
13821;34968;1;HONDA GALERIAS;2063;4;Liberado;AUTOS NUEVOS;1;Sin Client_Total_Relation (cliente-agencia);;;sin_sugerencia;
16208;35219;1;HONDA GALERIAS;12989;4;Liberado;AUTOS NUEVOS;1;Sin Client_Total_Relation (cliente-agencia);;;sin_sugerencia;
15168;35266;1;HONDA GALERIAS;6753;4;Liberado;AUTOS NUEVOS;1;Sin Client_Total_Relation (cliente-agencia);;;sin_sugerencia;
16561;35356;1;HONDA GALERIAS;2808;4;Liberado;AUTOS SEMINUEVOS;1;Sin Client_Total_Relation (cliente-agencia);;;sin_sugerencia;
16824;35408;1;HONDA GALERIAS;13430;4;Liberado;AUTOS NUEVOS;1;Sin Client_Total_Relation (cliente-agencia);;;sin_sugerencia;
16139;35427;1;HONDA GALERIAS;13030;4;Liberado;AUTOS SEMINUEVOS;1;Sin Client_Total_Relation (cliente-agencia);;;sin_sugerencia;
15876;35539;1;HONDA GALERIAS;12456;4;Liberado;AUTOS SEMINUEVOS;1;Sin Client_Total_Relation (cliente-agencia);;;sin_sugerencia;
16350;35575;1;HONDA GALERIAS;13199;4;Liberado;AUTOS NUEVOS;1;Sin Client_Total_Relation (cliente-agencia);;;sin_sugerencia;
17170;35644;1;HONDA GALERIAS;4464;4;Liberado;AUTOS NUEVOS;1;Sin Client_Total_Relation (cliente-agencia);;;sin_sugerencia;
16345;35685;1;HONDA GALERIAS;13208;4;Liberado;AUTOS NUEVOS;1;Sin Client_Total_Relation (cliente-agencia);;;sin_sugerencia;
17171;35721;1;HONDA GALERIAS;5098;4;Liberado;AUTOS NUEVOS;1;Sin Client_Total_Relation (cliente-agencia);;;sin_sugerencia;
17410;35753;1;HONDA GALERIAS;14217;5;Cancelado;AUTOS NUEVOS;1;Client inexistente (File.IdClient huérfano);;;sin_sugerencia;
17414;35753;1;HONDA GALERIAS;14217;5;Cancelado;AUTOS NUEVOS;1;Client inexistente (File.IdClient huérfano);;;sin_sugerencia;
17415;35753;1;HONDA GALERIAS;14217;1;Integración;AUTOS NUEVOS;1;Client inexistente (File.IdClient huérfano);;;sin_sugerencia;
17475;35827;1;HONDA GALERIAS;14245;5;Cancelado;AUTOS NUEVOS;1;Client inexistente (File.IdClient huérfano);;;sin_sugerencia;
17476;35827;1;HONDA GALERIAS;14245;1;Integración;AUTOS NUEVOS;1;Client inexistente (File.IdClient huérfano);;;sin_sugerencia;
17399;35851;1;HONDA GALERIAS;14144;5;Cancelado;AUTOS NUEVOS;1;Client inexistente (File.IdClient huérfano);14035;CHRYSTHIAN HOMERO ACEVES PEREZ;otro_File_mismo_pedido;
17400;35851;1;HONDA GALERIAS;14144;5;Cancelado;AUTOS NUEVOS;1;Client inexistente (File.IdClient huérfano);14035;CHRYSTHIAN HOMERO ACEVES PEREZ;otro_File_mismo_pedido;
17401;35851;1;HONDA GALERIAS;14144;5;Cancelado;AUTOS NUEVOS;1;Client inexistente (File.IdClient huérfano);14035;CHRYSTHIAN HOMERO ACEVES PEREZ;otro_File_mismo_pedido;
17402;35851;1;HONDA GALERIAS;14144;5;Cancelado;AUTOS NUEVOS;1;Client inexistente (File.IdClient huérfano);14035;CHRYSTHIAN HOMERO ACEVES PEREZ;otro_File_mismo_pedido;
17404;35876;1;HONDA GALERIAS;14216;5;Cancelado;AUTOS NUEVOS;1;Client inexistente (File.IdClient huérfano);;;sin_sugerencia;
17405;35876;1;HONDA GALERIAS;14216;5;Cancelado;AUTOS NUEVOS;1;Client inexistente (File.IdClient huérfano);;;sin_sugerencia;
17406;35876;1;HONDA GALERIAS;14216;5;Cancelado;AUTOS NUEVOS;1;Client inexistente (File.IdClient huérfano);;;sin_sugerencia;
17407;35876;1;HONDA GALERIAS;14216;5;Cancelado;AUTOS NUEVOS;1;Client inexistente (File.IdClient huérfano);;;sin_sugerencia;
17408;35876;1;HONDA GALERIAS;14216;5;Cancelado;AUTOS NUEVOS;1;Client inexistente (File.IdClient huérfano);;;sin_sugerencia;
17412;35876;1;HONDA GALERIAS;14216;5;Cancelado;AUTOS NUEVOS;1;Client inexistente (File.IdClient huérfano);;;sin_sugerencia;
17413;35876;1;HONDA GALERIAS;14216;5;Cancelado;AUTOS NUEVOS;1;Client inexistente (File.IdClient huérfano);;;sin_sugerencia;
17416;35876;1;HONDA GALERIAS;14216;1;Integración;AUTOS NUEVOS;1;Client inexistente (File.IdClient huérfano);;;sin_sugerencia;
17425;35877;1;HONDA GALERIAS;14221;5;Cancelado;AUTOS NUEVOS;1;Client inexistente (File.IdClient huérfano);;;sin_sugerencia;
17426;35877;1;HONDA GALERIAS;14221;5;Cancelado;AUTOS NUEVOS;1;Client inexistente (File.IdClient huérfano);;;sin_sugerencia;
17427;35877;1;HONDA GALERIAS;14221;5;Cancelado;AUTOS NUEVOS;1;Client inexistente (File.IdClient huérfano);;;sin_sugerencia;
17428;35877;1;HONDA GALERIAS;14221;5;Cancelado;AUTOS NUEVOS;1;Client inexistente (File.IdClient huérfano);;;sin_sugerencia;
17429;35877;1;HONDA GALERIAS;14221;5;Cancelado;AUTOS NUEVOS;1;Client inexistente (File.IdClient huérfano);;;sin_sugerencia;
17430;35877;1;HONDA GALERIAS;14221;5;Cancelado;AUTOS NUEVOS;1;Client inexistente (File.IdClient huérfano);;;sin_sugerencia;
17474;35877;1;HONDA GALERIAS;14221;1;Integración;AUTOS NUEVOS;1;Client inexistente (File.IdClient huérfano);;;sin_sugerencia;
17300;35893;1;HONDA GALERIAS;14033;4;Liberado;AUTOS NUEVOS;1;Sin Client_Total_Relation (cliente-agencia);;;sin_sugerencia;
9697;19606;2;HONDA GONZALEZ GALLO;7969;1;Integración;AUTOS NUEVOS;1;Sin Client_Total_Relation (cliente-agencia);;;sin_sugerencia;
10819;19967;2;HONDA GONZALEZ GALLO;7969;1;Integración;AUTOS NUEVOS;1;Sin Client_Total_Relation (cliente-agencia);;;sin_sugerencia;
13016;20513;2;HONDA GONZALEZ GALLO;10507;4;Liberado;AUTOS NUEVOS;1;Sin Client_Total_Relation (cliente-agencia);;;sin_sugerencia;
14309;20663;2;HONDA GONZALEZ GALLO;11487;4;Liberado;AUTOS SEMINUEVOS;1;Sin Client_Total_Relation (cliente-agencia);;;sin_sugerencia;
14356;20779;2;HONDA GONZALEZ GALLO;11523;4;Liberado;AUTOS NUEVOS;1;Sin Client_Total_Relation (cliente-agencia);;;sin_sugerencia;
14356;20779;2;HONDA GONZALEZ GALLO;11523;4;Liberado;AUTOS NUEVOS;1;Sin Client_Total_Relation (cliente-agencia);;;sin_sugerencia;
14355;20787;2;HONDA GONZALEZ GALLO;11523;4;Liberado;AUTOS NUEVOS;1;Sin Client_Total_Relation (cliente-agencia);;;sin_sugerencia;
14355;20787;2;HONDA GONZALEZ GALLO;11523;4;Liberado;AUTOS NUEVOS;1;Sin Client_Total_Relation (cliente-agencia);;;sin_sugerencia;
16336;35575;3;ACURA GUADALAJARA;13199;1;Integración;AUTOS NUEVOS;1;Sin Client_Total_Relation (cliente-agencia);;;sin_sugerencia;
16344;35685;3;ACURA GUADALAJARA;13208;1;Integración;AUTOS NUEVOS;1;Sin Client_Total_Relation (cliente-agencia);;;sin_sugerencia;
17298;35893;3;ACURA GUADALAJARA;14033;1;Integración;AUTOS NUEVOS;1;Sin Client_Total_Relation (cliente-agencia);;;sin_sugerencia;
5025;4744;3;ACURA GUADALAJARA;3881;4;Liberado;AUTOS NUEVOS;1;Sin Client_Total_Relation (cliente-agencia);;;sin_sugerencia;
309;5829;3;ACURA GUADALAJARA;232;4;Liberado;AUTOS NUEVOS;1;Sin Client_Total_Relation (cliente-agencia);;;sin_sugerencia;
348;5840;3;ACURA GUADALAJARA;262;4;Liberado;AUTOS NUEVOS;1;Sin Client_Total_Relation (cliente-agencia);;;sin_sugerencia;
371;5841;3;ACURA GUADALAJARA;282;4;Liberado;AUTOS NUEVOS;1;Sin Client_Total_Relation (cliente-agencia);;;sin_sugerencia;
857;5899;3;ACURA GUADALAJARA;691;4;Liberado;AUTOS SEMINUEVOS;1;Sin Client_Total_Relation (cliente-agencia);;;sin_sugerencia;
1821;6138;3;ACURA GUADALAJARA;254;1;Integración;AUTOS NUEVOS;1;Sin Client_Total_Relation (cliente-agencia);;;sin_sugerencia;
9992;7007;3;ACURA GUADALAJARA;5696;4;Liberado;AUTOS NUEVOS;1;Sin Client_Total_Relation (cliente-agencia);;;sin_sugerencia;
15444;7028;3;ACURA GUADALAJARA;12374;4;Liberado;AUTOS NUEVOS;1;Sin Client_Total_Relation (cliente-agencia);;;sin_sugerencia;
16621;7121;3;ACURA GUADALAJARA;13456;4;Liberado;AUTOS NUEVOS;1;Sin Client_Total_Relation (cliente-agencia);;;sin_sugerencia;
15447;7122;3;ACURA GUADALAJARA;12377;4;Liberado;AUTOS NUEVOS;1;Sin Client_Total_Relation (cliente-agencia);;;sin_sugerencia;
11715;7161;3;ACURA GUADALAJARA;4219;4;Liberado;AUTOS NUEVOS;1;Sin Client_Total_Relation (cliente-agencia);;;sin_sugerencia;
16556;7305;3;ACURA GUADALAJARA;12355;4;Liberado;AUTOS NUEVOS;1;Sin Client_Total_Relation (cliente-agencia);;;sin_sugerencia;
16559;7322;3;ACURA GUADALAJARA;12374;4;Liberado;AUTOS NUEVOS;1;Sin Client_Total_Relation (cliente-agencia);;;sin_sugerencia;
15239;7328;3;ACURA GUADALAJARA;12198;4;Liberado;AUTOS NUEVOS;1;Sin Client_Total_Relation (cliente-agencia);;;sin_sugerencia;
16575;7332;3;ACURA GUADALAJARA;13401;4;Liberado;AUTOS NUEVOS;1;Sin Client_Total_Relation (cliente-agencia);;;sin_sugerencia;
17266;7338;3;ACURA GUADALAJARA;4219;4;Liberado;AUTOS NUEVOS;1;Sin Client_Total_Relation (cliente-agencia);;;sin_sugerencia;
15446;7348;3;ACURA GUADALAJARA;12376;4;Liberado;AUTOS NUEVOS;1;Sin Client_Total_Relation (cliente-agencia);;;sin_sugerencia;
16722;7351;3;ACURA GUADALAJARA;1945;4;Liberado;AUTOS NUEVOS;1;Sin Client_Total_Relation (cliente-agencia);;;sin_sugerencia;
1736;10001;4;AUDI CENTER GALERIAS;1176;1;Integración;AUTOS NUEVOS;1;Sin Client_Total_Relation (cliente-agencia);;;sin_sugerencia;
1432;10010;4;AUDI CENTER GALERIAS;1176;1;Integración;AUTOS NUEVOS;1;Sin Client_Total_Relation (cliente-agencia);;;sin_sugerencia;
1531;10035;4;AUDI CENTER GALERIAS;4201;1;Integración;AUTOS NUEVOS;1;Sin HeaderClient para ese Client.Id;;;sin_sugerencia;
1753;10136;4;AUDI CENTER GALERIAS;1417;1;Integración;AUTOS NUEVOS;1;Sin Client_Total_Relation (cliente-agencia);;;sin_sugerencia;
1654;10219;4;AUDI CENTER GALERIAS;1342;1;Integración;AUTOS SEMINUEVOS;1;Sin Client_Total_Relation (cliente-agencia);;;sin_sugerencia;
1872;10257;4;AUDI CENTER GALERIAS;1524;1;Integración;AUTOS NUEVOS;1;Sin Client_Total_Relation (cliente-agencia);;;sin_sugerencia;
1831;10354;4;AUDI CENTER GALERIAS;1486;1;Integración;AUTOS NUEVOS;1;Sin Client_Total_Relation (cliente-agencia);;;sin_sugerencia;
1997;10412;4;AUDI CENTER GALERIAS;1623;1;Integración;AUTOS SEMINUEVOS;1;Sin Client_Total_Relation (cliente-agencia);;;sin_sugerencia;
1888;10428;4;AUDI CENTER GALERIAS;783;1;Integración;AUTOS NUEVOS;1;Sin Client_Total_Relation (cliente-agencia);;;sin_sugerencia;
2508;10641;4;AUDI CENTER GALERIAS;2098;1;Integración;AUTOS NUEVOS;1;Sin Client_Total_Relation (cliente-agencia);;;sin_sugerencia;
3466;10669;4;AUDI CENTER GALERIAS;2906;4;Liberado;AUTOS NUEVOS;1;Sin Client_Total_Relation (cliente-agencia);;;sin_sugerencia;
3768;11053;4;AUDI CENTER GALERIAS;3178;4;Liberado;AUTOS NUEVOS;1;Sin Client_Total_Relation (cliente-agencia);;;sin_sugerencia;
3234;11239;4;AUDI CENTER GALERIAS;2719;4;Liberado;AUTOS NUEVOS;1;Sin Client_Total_Relation (cliente-agencia);;;sin_sugerencia;
3437;11322;4;AUDI CENTER GALERIAS;2885;4;Liberado;AUTOS NUEVOS;1;Sin Client_Total_Relation (cliente-agencia);;;sin_sugerencia;
2667;11332;4;AUDI CENTER GALERIAS;2226;4;Liberado;AUTOS NUEVOS;1;Sin Client_Total_Relation (cliente-agencia);;;sin_sugerencia;
4147;11364;4;AUDI CENTER GALERIAS;3515;4;Liberado;AUTOS NUEVOS;1;Sin Client_Total_Relation (cliente-agencia);;;sin_sugerencia;
2836;11371;4;AUDI CENTER GALERIAS;2377;1;Integración;AUTOS NUEVOS;1;Sin Client_Total_Relation (cliente-agencia);;;sin_sugerencia;
2795;11380;4;AUDI CENTER GALERIAS;2333;4;Liberado;AUTOS NUEVOS;1;Sin Client_Total_Relation (cliente-agencia);;;sin_sugerencia;
2992;11381;4;AUDI CENTER GALERIAS;2504;4;Liberado;AUTOS NUEVOS;1;Sin Client_Total_Relation (cliente-agencia);;;sin_sugerencia;
2804;11383;4;AUDI CENTER GALERIAS;2346;4;Liberado;AUTOS NUEVOS;1;Sin Client_Total_Relation (cliente-agencia);;;sin_sugerencia;
4130;11395;4;AUDI CENTER GALERIAS;3500;4;Liberado;AUTOS NUEVOS;1;Sin Client_Total_Relation (cliente-agencia);;;sin_sugerencia;
2880;11401;4;AUDI CENTER GALERIAS;2377;4;Liberado;AUTOS NUEVOS;1;Sin Client_Total_Relation (cliente-agencia);;;sin_sugerencia;
2922;11412;4;AUDI CENTER GALERIAS;856;3;Liberación;AUTOS NUEVOS;1;Sin Client_Total_Relation (cliente-agencia);;;sin_sugerencia;
2923;11414;4;AUDI CENTER GALERIAS;856;1;Integración;AUTOS NUEVOS;1;Sin Client_Total_Relation (cliente-agencia);;;sin_sugerencia;
2944;11420;4;AUDI CENTER GALERIAS;2462;4;Liberado;AUTOS NUEVOS;1;Sin Client_Total_Relation (cliente-agencia);;;sin_sugerencia;
4154;11432;4;AUDI CENTER GALERIAS;3522;4;Liberado;AUTOS NUEVOS;1;Sin Client_Total_Relation (cliente-agencia);;;sin_sugerencia;
3065;11433;4;AUDI CENTER GALERIAS;2570;4;Liberado;AUTOS NUEVOS;1;Sin Client_Total_Relation (cliente-agencia);;;sin_sugerencia;
3162;11463;4;AUDI CENTER GALERIAS;2659;4;Liberado;AUTOS NUEVOS;1;Sin Client_Total_Relation (cliente-agencia);;;sin_sugerencia;
3353;11507;4;AUDI CENTER GALERIAS;783;4;Liberado;AUTOS NUEVOS;1;Sin Client_Total_Relation (cliente-agencia);;;sin_sugerencia;
3350;11512;4;AUDI CENTER GALERIAS;2808;4;Liberado;AUTOS NUEVOS;1;Sin Client_Total_Relation (cliente-agencia);;;sin_sugerencia;
3386;11521;4;AUDI CENTER GALERIAS;2839;4;Liberado;AUTOS NUEVOS;1;Sin Client_Total_Relation (cliente-agencia);;;sin_sugerencia;
3594;11551;4;AUDI CENTER GALERIAS;3029;4;Liberado;AUTOS NUEVOS;1;Sin Client_Total_Relation (cliente-agencia);;;sin_sugerencia;
3857;11576;4;AUDI CENTER GALERIAS;3255;4;Liberado;AUTOS NUEVOS;1;Sin Client_Total_Relation (cliente-agencia);;;sin_sugerencia;
4143;11587;4;AUDI CENTER GALERIAS;3511;4;Liberado;AUTOS NUEVOS;1;Sin Client_Total_Relation (cliente-agencia);;;sin_sugerencia;
3791;11599;4;AUDI CENTER GALERIAS;3199;4;Liberado;AUTOS NUEVOS;1;Sin Client_Total_Relation (cliente-agencia);;;sin_sugerencia;
3777;11604;4;AUDI CENTER GALERIAS;3186;4;Liberado;AUTOS NUEVOS;1;Sin Client_Total_Relation (cliente-agencia);;;sin_sugerencia;
4122;11628;4;AUDI CENTER GALERIAS;3492;4;Liberado;AUTOS NUEVOS;1;Sin Client_Total_Relation (cliente-agencia);;;sin_sugerencia;
4124;11639;4;AUDI CENTER GALERIAS;3494;4;Liberado;AUTOS NUEVOS;1;Sin Client_Total_Relation (cliente-agencia);;;sin_sugerencia;
3993;11642;4;AUDI CENTER GALERIAS;3373;4;Liberado;AUTOS NUEVOS;1;Sin Client_Total_Relation (cliente-agencia);;;sin_sugerencia;
4062;11654;4;AUDI CENTER GALERIAS;3437;4;Liberado;AUTOS NUEVOS;1;Sin Client_Total_Relation (cliente-agencia);;;sin_sugerencia;
4110;11655;4;AUDI CENTER GALERIAS;3482;4;Liberado;AUTOS NUEVOS;1;Sin Client_Total_Relation (cliente-agencia);;;sin_sugerencia;
4355;11707;4;AUDI CENTER GALERIAS;2504;4;Liberado;AUTOS NUEVOS;1;Sin Client_Total_Relation (cliente-agencia);;;sin_sugerencia;
8689;11713;4;AUDI CENTER GALERIAS;7158;4;Liberado;AUTOS NUEVOS;1;Sin Client_Total_Relation (cliente-agencia);;;sin_sugerencia;
4393;11717;4;AUDI CENTER GALERIAS;3727;4;Liberado;AUTOS NUEVOS;1;Sin Client_Total_Relation (cliente-agencia);;;sin_sugerencia;
4529;11754;4;AUDI CENTER GALERIAS;3827;4;Liberado;AUTOS NUEVOS;1;Sin Client_Total_Relation (cliente-agencia);;;sin_sugerencia;
4836;11796;4;AUDI CENTER GALERIAS;2808;4;Liberado;AUTOS NUEVOS;1;Sin Client_Total_Relation (cliente-agencia);;;sin_sugerencia;
5151;11835;4;AUDI CENTER GALERIAS;6753;4;Liberado;AUTOS NUEVOS;1;Sin Client_Total_Relation (cliente-agencia);;;sin_sugerencia;
5757;11943;4;AUDI CENTER GALERIAS;6753;4;Liberado;AUTOS NUEVOS;1;Sin Client_Total_Relation (cliente-agencia);;;sin_sugerencia;
6112;12011;4;AUDI CENTER GALERIAS;2808;4;Liberado;AUTOS NUEVOS;1;Sin Client_Total_Relation (cliente-agencia);;;sin_sugerencia;
6144;12014;4;AUDI CENTER GALERIAS;5098;1;Integración;AUTOS NUEVOS;1;Sin Client_Total_Relation (cliente-agencia);;;sin_sugerencia;
6270;12028;4;AUDI CENTER GALERIAS;2808;4;Liberado;AUTOS NUEVOS;1;Sin Client_Total_Relation (cliente-agencia);;;sin_sugerencia;
6438;12036;4;AUDI CENTER GALERIAS;5333;1;Integración;AUTOS NUEVOS;1;Sin Client_Total_Relation (cliente-agencia);;;sin_sugerencia;
6557;12053;4;AUDI CENTER GALERIAS;2808;1;Integración;AUTOS NUEVOS;1;Sin Client_Total_Relation (cliente-agencia);;;sin_sugerencia;
7014;12103;4;AUDI CENTER GALERIAS;2808;4;Liberado;AUTOS NUEVOS;1;Sin Client_Total_Relation (cliente-agencia);;;sin_sugerencia;
9179;12303;4;AUDI CENTER GALERIAS;6753;4;Liberado;AUTOS NUEVOS;1;Sin Client_Total_Relation (cliente-agencia);;;sin_sugerencia;
9377;12330;4;AUDI CENTER GALERIAS;7699;1;Integración;AUTOS NUEVOS;1;Sin Client_Total_Relation (cliente-agencia);;;sin_sugerencia;
9952;12399;4;AUDI CENTER GALERIAS;2808;4;Liberado;AUTOS NUEVOS;1;Sin Client_Total_Relation (cliente-agencia);;;sin_sugerencia;
9957;12400;4;AUDI CENTER GALERIAS;5098;4;Liberado;AUTOS NUEVOS;1;Sin Client_Total_Relation (cliente-agencia);;;sin_sugerencia;
10066;12422;4;AUDI CENTER GALERIAS;5098;4;Liberado;AUTOS NUEVOS;1;Sin Client_Total_Relation (cliente-agencia);;;sin_sugerencia;
10423;12474;4;AUDI CENTER GALERIAS;2808;4;Liberado;AUTOS NUEVOS;1;Sin Client_Total_Relation (cliente-agencia);;;sin_sugerencia;
11656;12635;4;AUDI CENTER GALERIAS;5098;4;Liberado;AUTOS NUEVOS;1;Sin Client_Total_Relation (cliente-agencia);;;sin_sugerencia;
11836;12652;4;AUDI CENTER GALERIAS;2808;4;Liberado;AUTOS NUEVOS;1;Sin Client_Total_Relation (cliente-agencia);;;sin_sugerencia;
12096;12655;4;AUDI CENTER GALERIAS;9796;1;Integración;AUTOS SEMINUEVOS;1;Sin Client_Total_Relation (cliente-agencia);;;sin_sugerencia;
12361;12732;4;AUDI CENTER GALERIAS;6753;4;Liberado;AUTOS NUEVOS;1;Sin Client_Total_Relation (cliente-agencia);;;sin_sugerencia;
13364;12867;4;AUDI CENTER GALERIAS;2662;1;Integración;AUTOS NUEVOS;1;Sin Client_Total_Relation (cliente-agencia);;;sin_sugerencia;
13671;12900;4;AUDI CENTER GALERIAS;6753;4;Liberado;AUTOS NUEVOS;1;Sin Client_Total_Relation (cliente-agencia);;;sin_sugerencia;
15227;13130;4;AUDI CENTER GALERIAS;9820;1;Integración;AUTOS NUEVOS;1;Sin Client_Total_Relation (cliente-agencia);;;sin_sugerencia;
15417;13140;4;AUDI CENTER GALERIAS;12340;4;Liberado;AUTOS NUEVOS;1;Sin Client_Total_Relation (cliente-agencia);;;sin_sugerencia;
15618;13168;4;AUDI CENTER GALERIAS;6753;4;Liberado;AUTOS NUEVOS;1;Sin Client_Total_Relation (cliente-agencia);;;sin_sugerencia;
15466;13172;4;AUDI CENTER GALERIAS;12393;4;Liberado;AUTOS NUEVOS;1;Sin Client_Total_Relation (cliente-agencia);;;sin_sugerencia;
15527;13173;4;AUDI CENTER GALERIAS;8103;4;Liberado;AUTOS NUEVOS;1;Sin Client_Total_Relation (cliente-agencia);;;sin_sugerencia;
15411;13177;4;AUDI CENTER GALERIAS;12341;4;Liberado;AUTOS NUEVOS;1;Sin Client_Total_Relation (cliente-agencia);;;sin_sugerencia;
15619;13193;4;AUDI CENTER GALERIAS;11523;4;Liberado;AUTOS NUEVOS;1;Sin Client_Total_Relation (cliente-agencia);;;sin_sugerencia;
15619;13193;4;AUDI CENTER GALERIAS;11523;4;Liberado;AUTOS NUEVOS;1;Sin Client_Total_Relation (cliente-agencia);;;sin_sugerencia;
15416;13196;4;AUDI CENTER GALERIAS;12346;4;Liberado;AUTOS NUEVOS;1;Sin Client_Total_Relation (cliente-agencia);;;sin_sugerencia;
15428;13198;4;AUDI CENTER GALERIAS;12357;4;Liberado;AUTOS NUEVOS;1;Sin Client_Total_Relation (cliente-agencia);;;sin_sugerencia;
15534;13213;4;AUDI CENTER GALERIAS;12454;4;Liberado;AUTOS NUEVOS;1;Sin Client_Total_Relation (cliente-agencia);12463;RAUL ALEJANDRO AGUILAR OROZCO;CTR_nd_igual_pedido;nd en CTR=13213
15544;13226;4;AUDI CENTER GALERIAS;2808;1;Integración;AUTOS NUEVOS;1;Sin Client_Total_Relation (cliente-agencia);;;sin_sugerencia;
15929;13228;4;AUDI CENTER GALERIAS;2808;4;Liberado;AUTOS NUEVOS;1;Sin Client_Total_Relation (cliente-agencia);;;sin_sugerencia;
16251;13279;4;AUDI CENTER GALERIAS;6469;3;Liberación;AUTOS SEMINUEVOS;1;Sin Client_Total_Relation (cliente-agencia);;;sin_sugerencia;
16525;13295;4;AUDI CENTER GALERIAS;12959;4;Liberado;AUTOS NUEVOS;1;Sin Client_Total_Relation (cliente-agencia);;;sin_sugerencia;
17463;13311;4;AUDI CENTER GALERIAS;14244;5;Cancelado;AUTOS NUEVOS;1;Client inexistente (File.IdClient huérfano);;;sin_sugerencia;
17464;13311;4;AUDI CENTER GALERIAS;14244;5;Cancelado;AUTOS NUEVOS;1;Client inexistente (File.IdClient huérfano);;;sin_sugerencia;
17465;13311;4;AUDI CENTER GALERIAS;14244;5;Cancelado;AUTOS NUEVOS;1;Client inexistente (File.IdClient huérfano);;;sin_sugerencia;
17466;13311;4;AUDI CENTER GALERIAS;14244;5;Cancelado;AUTOS NUEVOS;1;Client inexistente (File.IdClient huérfano);;;sin_sugerencia;
17467;13311;4;AUDI CENTER GALERIAS;14244;1;Integración;AUTOS NUEVOS;1;Client inexistente (File.IdClient huérfano);;;sin_sugerencia;
13966;6852;4;AUDI CENTER GALERIAS;11221;1;Integración;AUTOS NUEVOS;1;Sin Client_Total_Relation (cliente-agencia);;;sin_sugerencia;
5712;701;4;AUDI CENTER GALERIAS;4766;1;Integración;AUTOS NUEVOS;1;Sin Client_Total_Relation (cliente-agencia);;;sin_sugerencia;
753;9486;4;AUDI CENTER GALERIAS;603;1;Integración;AUTOS SEMINUEVOS;1;Sin Client_Total_Relation (cliente-agencia);;;sin_sugerencia;
330;9601;4;AUDI CENTER GALERIAS;196;4;Liberado;AUTOS NUEVOS;1;Sin Client_Total_Relation (cliente-agencia);;;sin_sugerencia;
923;9731;4;AUDI CENTER GALERIAS;747;1;Integración;AUTOS NUEVOS;1;Sin Client_Total_Relation (cliente-agencia);;;sin_sugerencia;
806;9808;4;AUDI CENTER GALERIAS;649;1;Integración;AUTOS SEMINUEVOS;1;Sin Client_Total_Relation (cliente-agencia);;;sin_sugerencia;
1737;9816;4;AUDI CENTER GALERIAS;1405;1;Integración;AUTOS NUEVOS;1;Sin Client_Total_Relation (cliente-agencia);;;sin_sugerencia;
858;9841;4;AUDI CENTER GALERIAS;692;1;Integración;AUTOS SEMINUEVOS;1;Sin Client_Total_Relation (cliente-agencia);;;sin_sugerencia;
1619;9842;4;AUDI CENTER GALERIAS;1320;1;Integración;AUTOS NUEVOS;1;Sin Client_Total_Relation (cliente-agencia);;;sin_sugerencia;
1005;9892;4;AUDI CENTER GALERIAS;817;1;Integración;AUTOS NUEVOS;1;Sin Client_Total_Relation (cliente-agencia);;;sin_sugerencia;
1018;9894;4;AUDI CENTER GALERIAS;6753;1;Integración;AUTOS NUEVOS;1;Sin Client_Total_Relation (cliente-agencia);;;sin_sugerencia;
1102;9898;4;AUDI CENTER GALERIAS;906;1;Integración;AUTOS NUEVOS;1;Sin Client_Total_Relation (cliente-agencia);;;sin_sugerencia;
1076;9902;4;AUDI CENTER GALERIAS;6751;1;Integración;AUTOS NUEVOS;1;Sin Client_Total_Relation (cliente-agencia);;;sin_sugerencia;
7381;1896524;5;RENAULT;3020;1;Integración;AUTOS NUEVOS;1;Sin Client_Total_Relation (cliente-agencia);;;sin_sugerencia;
7381;1896524;5;RENAULT;3020;1;Integración;AUTOS NUEVOS;1;Sin Client_Total_Relation (cliente-agencia);;;sin_sugerencia;
7408;1898110;5;RENAULT;3020;1;Integración;AUTOS NUEVOS;1;Sin Client_Total_Relation (cliente-agencia);;;sin_sugerencia;
7408;1898110;5;RENAULT;3020;1;Integración;AUTOS NUEVOS;1;Sin Client_Total_Relation (cliente-agencia);;;sin_sugerencia;
7412;1898111;5;RENAULT;3020;1;Integración;AUTOS NUEVOS;1;Sin Client_Total_Relation (cliente-agencia);;;sin_sugerencia;
7412;1898111;5;RENAULT;3020;1;Integración;AUTOS NUEVOS;1;Sin Client_Total_Relation (cliente-agencia);;;sin_sugerencia;
7413;1898112;5;RENAULT;3020;1;Integración;AUTOS NUEVOS;1;Sin Client_Total_Relation (cliente-agencia);;;sin_sugerencia;
7413;1898112;5;RENAULT;3020;1;Integración;AUTOS NUEVOS;1;Sin Client_Total_Relation (cliente-agencia);;;sin_sugerencia;
7414;1898113;5;RENAULT;3020;1;Integración;AUTOS NUEVOS;1;Sin Client_Total_Relation (cliente-agencia);;;sin_sugerencia;
7414;1898113;5;RENAULT;3020;1;Integración;AUTOS NUEVOS;1;Sin Client_Total_Relation (cliente-agencia);;;sin_sugerencia;
7415;1898116;5;RENAULT;3020;1;Integración;AUTOS NUEVOS;1;Sin Client_Total_Relation (cliente-agencia);;;sin_sugerencia;
7415;1898116;5;RENAULT;3020;1;Integración;AUTOS NUEVOS;1;Sin Client_Total_Relation (cliente-agencia);;;sin_sugerencia;
7417;1898118;5;RENAULT;3020;1;Integración;AUTOS NUEVOS;1;Sin Client_Total_Relation (cliente-agencia);;;sin_sugerencia;
7417;1898118;5;RENAULT;3020;1;Integración;AUTOS NUEVOS;1;Sin Client_Total_Relation (cliente-agencia);;;sin_sugerencia;
7418;1898119;5;RENAULT;3020;1;Integración;AUTOS NUEVOS;1;Sin Client_Total_Relation (cliente-agencia);;;sin_sugerencia;
7418;1898119;5;RENAULT;3020;1;Integración;AUTOS NUEVOS;1;Sin Client_Total_Relation (cliente-agencia);;;sin_sugerencia;
7419;1898121;5;RENAULT;3020;1;Integración;AUTOS NUEVOS;1;Sin Client_Total_Relation (cliente-agencia);;;sin_sugerencia;
7419;1898121;5;RENAULT;3020;1;Integración;AUTOS NUEVOS;1;Sin Client_Total_Relation (cliente-agencia);;;sin_sugerencia;
7420;1898122;5;RENAULT;3020;1;Integración;AUTOS NUEVOS;1;Sin Client_Total_Relation (cliente-agencia);;;sin_sugerencia;
7420;1898122;5;RENAULT;3020;1;Integración;AUTOS NUEVOS;1;Sin Client_Total_Relation (cliente-agencia);;;sin_sugerencia;
7421;1898123;5;RENAULT;3020;1;Integración;AUTOS NUEVOS;1;Sin Client_Total_Relation (cliente-agencia);;;sin_sugerencia;
7421;1898123;5;RENAULT;3020;1;Integración;AUTOS NUEVOS;1;Sin Client_Total_Relation (cliente-agencia);;;sin_sugerencia;
7422;1900022;5;RENAULT;3020;1;Integración;AUTOS NUEVOS;1;Sin Client_Total_Relation (cliente-agencia);;;sin_sugerencia;
7422;1900022;5;RENAULT;3020;1;Integración;AUTOS NUEVOS;1;Sin Client_Total_Relation (cliente-agencia);;;sin_sugerencia;
7423;1900025;5;RENAULT;3020;1;Integración;AUTOS NUEVOS;1;Sin Client_Total_Relation (cliente-agencia);;;sin_sugerencia;
7423;1900025;5;RENAULT;3020;1;Integración;AUTOS NUEVOS;1;Sin Client_Total_Relation (cliente-agencia);;;sin_sugerencia;
7424;1900041;5;RENAULT;3020;1;Integración;AUTOS NUEVOS;1;Sin Client_Total_Relation (cliente-agencia);;;sin_sugerencia;
7424;1900041;5;RENAULT;3020;1;Integración;AUTOS NUEVOS;1;Sin Client_Total_Relation (cliente-agencia);;;sin_sugerencia;
7425;1900130;5;RENAULT;3020;1;Integración;AUTOS NUEVOS;1;Sin Client_Total_Relation (cliente-agencia);;;sin_sugerencia;
7425;1900130;5;RENAULT;3020;1;Integración;AUTOS NUEVOS;1;Sin Client_Total_Relation (cliente-agencia);;;sin_sugerencia;
7427;1900180;5;RENAULT;3020;1;Integración;AUTOS NUEVOS;1;Sin Client_Total_Relation (cliente-agencia);;;sin_sugerencia;
7427;1900180;5;RENAULT;3020;1;Integración;AUTOS NUEVOS;1;Sin Client_Total_Relation (cliente-agencia);;;sin_sugerencia;
7861;1918831;5;RENAULT;3020;1;Integración;AUTOS NUEVOS;1;Sin Client_Total_Relation (cliente-agencia);;;sin_sugerencia;
7861;1918831;5;RENAULT;3020;1;Integración;AUTOS NUEVOS;1;Sin Client_Total_Relation (cliente-agencia);;;sin_sugerencia;
7865;1918838;5;RENAULT;3020;1;Integración;AUTOS NUEVOS;1;Sin Client_Total_Relation (cliente-agencia);;;sin_sugerencia;
7865;1918838;5;RENAULT;3020;1;Integración;AUTOS NUEVOS;1;Sin Client_Total_Relation (cliente-agencia);;;sin_sugerencia;
7850;1919118;5;RENAULT;3020;1;Integración;AUTOS NUEVOS;1;Sin Client_Total_Relation (cliente-agencia);;;sin_sugerencia;
7850;1919118;5;RENAULT;3020;1;Integración;AUTOS NUEVOS;1;Sin Client_Total_Relation (cliente-agencia);;;sin_sugerencia;
7866;1919125;5;RENAULT;3020;1;Integración;AUTOS NUEVOS;1;Sin Client_Total_Relation (cliente-agencia);;;sin_sugerencia;
7866;1919125;5;RENAULT;3020;1;Integración;AUTOS NUEVOS;1;Sin Client_Total_Relation (cliente-agencia);;;sin_sugerencia;
7851;1919127;5;RENAULT;3020;1;Integración;AUTOS NUEVOS;1;Sin Client_Total_Relation (cliente-agencia);;;sin_sugerencia;
7851;1919127;5;RENAULT;3020;1;Integración;AUTOS NUEVOS;1;Sin Client_Total_Relation (cliente-agencia);;;sin_sugerencia;
7852;1919150;5;RENAULT;3020;1;Integración;AUTOS NUEVOS;1;Sin Client_Total_Relation (cliente-agencia);;;sin_sugerencia;
7852;1919150;5;RENAULT;3020;1;Integración;AUTOS NUEVOS;1;Sin Client_Total_Relation (cliente-agencia);;;sin_sugerencia;
7863;1919162;5;RENAULT;3020;1;Integración;AUTOS NUEVOS;1;Sin Client_Total_Relation (cliente-agencia);;;sin_sugerencia;
7863;1919162;5;RENAULT;3020;1;Integración;AUTOS NUEVOS;1;Sin Client_Total_Relation (cliente-agencia);;;sin_sugerencia;
7853;1919200;5;RENAULT;3020;1;Integración;AUTOS NUEVOS;1;Sin Client_Total_Relation (cliente-agencia);;;sin_sugerencia;
7853;1919200;5;RENAULT;3020;1;Integración;AUTOS NUEVOS;1;Sin Client_Total_Relation (cliente-agencia);;;sin_sugerencia;
7854;1919203;5;RENAULT;3020;1;Integración;AUTOS NUEVOS;1;Sin Client_Total_Relation (cliente-agencia);;;sin_sugerencia;
7854;1919203;5;RENAULT;3020;1;Integración;AUTOS NUEVOS;1;Sin Client_Total_Relation (cliente-agencia);;;sin_sugerencia;
7855;1919226;5;RENAULT;3020;1;Integración;AUTOS NUEVOS;1;Sin Client_Total_Relation (cliente-agencia);;;sin_sugerencia;
7855;1919226;5;RENAULT;3020;1;Integración;AUTOS NUEVOS;1;Sin Client_Total_Relation (cliente-agencia);;;sin_sugerencia;
7860;1919230;5;RENAULT;3020;1;Integración;AUTOS NUEVOS;1;Sin Client_Total_Relation (cliente-agencia);;;sin_sugerencia;
7860;1919230;5;RENAULT;3020;1;Integración;AUTOS NUEVOS;1;Sin Client_Total_Relation (cliente-agencia);;;sin_sugerencia;
7856;1919313;5;RENAULT;3020;1;Integración;AUTOS NUEVOS;1;Sin Client_Total_Relation (cliente-agencia);;;sin_sugerencia;
7856;1919313;5;RENAULT;3020;1;Integración;AUTOS NUEVOS;1;Sin Client_Total_Relation (cliente-agencia);;;sin_sugerencia;
7857;1919314;5;RENAULT;3020;1;Integración;AUTOS NUEVOS;1;Sin Client_Total_Relation (cliente-agencia);;;sin_sugerencia;
7857;1919314;5;RENAULT;3020;1;Integración;AUTOS NUEVOS;1;Sin Client_Total_Relation (cliente-agencia);;;sin_sugerencia;
7858;1919315;5;RENAULT;3020;1;Integración;AUTOS NUEVOS;1;Sin Client_Total_Relation (cliente-agencia);;;sin_sugerencia;
7858;1919315;5;RENAULT;3020;1;Integración;AUTOS NUEVOS;1;Sin Client_Total_Relation (cliente-agencia);;;sin_sugerencia;
7859;1919317;5;RENAULT;3020;1;Integración;AUTOS NUEVOS;1;Sin Client_Total_Relation (cliente-agencia);;;sin_sugerencia;
7859;1919317;5;RENAULT;3020;1;Integración;AUTOS NUEVOS;1;Sin Client_Total_Relation (cliente-agencia);;;sin_sugerencia;
7864;1919811;5;RENAULT;3020;1;Integración;AUTOS NUEVOS;1;Sin Client_Total_Relation (cliente-agencia);;;sin_sugerencia;
7864;1919811;5;RENAULT;3020;1;Integración;AUTOS NUEVOS;1;Sin Client_Total_Relation (cliente-agencia);;;sin_sugerencia;
7849;1921502;5;RENAULT;3020;1;Integración;AUTOS NUEVOS;1;Sin Client_Total_Relation (cliente-agencia);;;sin_sugerencia;
7849;1921502;5;RENAULT;3020;1;Integración;AUTOS NUEVOS;1;Sin Client_Total_Relation (cliente-agencia);;;sin_sugerencia;
8899;1940401;5;RENAULT;3020;1;Integración;AUTOS NUEVOS;1;Sin Client_Total_Relation (cliente-agencia);;;sin_sugerencia;
8899;1940401;5;RENAULT;3020;1;Integración;AUTOS NUEVOS;1;Sin Client_Total_Relation (cliente-agencia);;;sin_sugerencia;
8970;2028060;5;RENAULT;3020;1;Integración;AUTOS NUEVOS;1;Sin Client_Total_Relation (cliente-agencia);;;sin_sugerencia;
8970;2028060;5;RENAULT;3020;1;Integración;AUTOS NUEVOS;1;Sin Client_Total_Relation (cliente-agencia);;;sin_sugerencia;
8971;2028585;5;RENAULT;3020;1;Integración;AUTOS NUEVOS;1;Sin Client_Total_Relation (cliente-agencia);;;sin_sugerencia;
8971;2028585;5;RENAULT;3020;1;Integración;AUTOS NUEVOS;1;Sin Client_Total_Relation (cliente-agencia);;;sin_sugerencia;
8975;2028601;5;RENAULT;3020;1;Integración;AUTOS NUEVOS;1;Sin Client_Total_Relation (cliente-agencia);;;sin_sugerencia;
8975;2028601;5;RENAULT;3020;1;Integración;AUTOS NUEVOS;1;Sin Client_Total_Relation (cliente-agencia);;;sin_sugerencia;
8972;2028602;5;RENAULT;3020;1;Integración;AUTOS NUEVOS;1;Sin Client_Total_Relation (cliente-agencia);;;sin_sugerencia;
8972;2028602;5;RENAULT;3020;1;Integración;AUTOS NUEVOS;1;Sin Client_Total_Relation (cliente-agencia);;;sin_sugerencia;
8973;2028604;5;RENAULT;3020;1;Integración;AUTOS NUEVOS;1;Sin Client_Total_Relation (cliente-agencia);;;sin_sugerencia;
8973;2028604;5;RENAULT;3020;1;Integración;AUTOS NUEVOS;1;Sin Client_Total_Relation (cliente-agencia);;;sin_sugerencia;
8974;2028624;5;RENAULT;3020;1;Integración;AUTOS NUEVOS;1;Sin Client_Total_Relation (cliente-agencia);;;sin_sugerencia;
8974;2028624;5;RENAULT;3020;1;Integración;AUTOS NUEVOS;1;Sin Client_Total_Relation (cliente-agencia);;;sin_sugerencia;
8976;2028628;5;RENAULT;3020;1;Integración;AUTOS NUEVOS;1;Sin Client_Total_Relation (cliente-agencia);;;sin_sugerencia;
8976;2028628;5;RENAULT;3020;1;Integración;AUTOS NUEVOS;1;Sin Client_Total_Relation (cliente-agencia);;;sin_sugerencia;
8978;2028629;5;RENAULT;3020;1;Integración;AUTOS NUEVOS;1;Sin Client_Total_Relation (cliente-agencia);;;sin_sugerencia;
8978;2028629;5;RENAULT;3020;1;Integración;AUTOS NUEVOS;1;Sin Client_Total_Relation (cliente-agencia);;;sin_sugerencia;
8980;2028641;5;RENAULT;3020;1;Integración;AUTOS NUEVOS;1;Sin Client_Total_Relation (cliente-agencia);;;sin_sugerencia;
8980;2028641;5;RENAULT;3020;1;Integración;AUTOS NUEVOS;1;Sin Client_Total_Relation (cliente-agencia);;;sin_sugerencia;
8981;2028661;5;RENAULT;3020;1;Integración;AUTOS NUEVOS;1;Sin Client_Total_Relation (cliente-agencia);;;sin_sugerencia;
8981;2028661;5;RENAULT;3020;1;Integración;AUTOS NUEVOS;1;Sin Client_Total_Relation (cliente-agencia);;;sin_sugerencia;
9077;2028664;5;RENAULT;3020;1;Integración;AUTOS NUEVOS;1;Sin Client_Total_Relation (cliente-agencia);;;sin_sugerencia;
9077;2028664;5;RENAULT;3020;1;Integración;AUTOS NUEVOS;1;Sin Client_Total_Relation (cliente-agencia);;;sin_sugerencia;
9071;2028700;5;RENAULT;3020;1;Integración;AUTOS NUEVOS;1;Sin Client_Total_Relation (cliente-agencia);;;sin_sugerencia;
9071;2028700;5;RENAULT;3020;1;Integración;AUTOS NUEVOS;1;Sin Client_Total_Relation (cliente-agencia);;;sin_sugerencia;
9072;2028709;5;RENAULT;3020;1;Integración;AUTOS NUEVOS;1;Sin Client_Total_Relation (cliente-agencia);;;sin_sugerencia;
9072;2028709;5;RENAULT;3020;1;Integración;AUTOS NUEVOS;1;Sin Client_Total_Relation (cliente-agencia);;;sin_sugerencia;
9073;2028718;5;RENAULT;3020;1;Integración;AUTOS NUEVOS;1;Sin Client_Total_Relation (cliente-agencia);;;sin_sugerencia;
9073;2028718;5;RENAULT;3020;1;Integración;AUTOS NUEVOS;1;Sin Client_Total_Relation (cliente-agencia);;;sin_sugerencia;
9074;2028722;5;RENAULT;3020;1;Integración;AUTOS NUEVOS;1;Sin Client_Total_Relation (cliente-agencia);;;sin_sugerencia;
9074;2028722;5;RENAULT;3020;1;Integración;AUTOS NUEVOS;1;Sin Client_Total_Relation (cliente-agencia);;;sin_sugerencia;
9075;2028990;5;RENAULT;3020;1;Integración;AUTOS NUEVOS;1;Sin Client_Total_Relation (cliente-agencia);;;sin_sugerencia;
9075;2028990;5;RENAULT;3020;1;Integración;AUTOS NUEVOS;1;Sin Client_Total_Relation (cliente-agencia);;;sin_sugerencia;
9076;2029020;5;RENAULT;3020;1;Integración;AUTOS NUEVOS;1;Sin Client_Total_Relation (cliente-agencia);;;sin_sugerencia;
9076;2029020;5;RENAULT;3020;1;Integración;AUTOS NUEVOS;1;Sin Client_Total_Relation (cliente-agencia);;;sin_sugerencia;
9078;2029022;5;RENAULT;3020;1;Integración;AUTOS NUEVOS;1;Sin Client_Total_Relation (cliente-agencia);;;sin_sugerencia;
9078;2029022;5;RENAULT;3020;1;Integración;AUTOS NUEVOS;1;Sin Client_Total_Relation (cliente-agencia);;;sin_sugerencia;
9079;2029024;5;RENAULT;3020;1;Integración;AUTOS NUEVOS;1;Sin Client_Total_Relation (cliente-agencia);;;sin_sugerencia;
9079;2029024;5;RENAULT;3020;1;Integración;AUTOS NUEVOS;1;Sin Client_Total_Relation (cliente-agencia);;;sin_sugerencia;
9080;2029060;5;RENAULT;3020;1;Integración;AUTOS NUEVOS;1;Sin Client_Total_Relation (cliente-agencia);;;sin_sugerencia;
9080;2029060;5;RENAULT;3020;1;Integración;AUTOS NUEVOS;1;Sin Client_Total_Relation (cliente-agencia);;;sin_sugerencia;
9081;2029182;5;RENAULT;3020;1;Integración;AUTOS NUEVOS;1;Sin Client_Total_Relation (cliente-agencia);;;sin_sugerencia;
9081;2029182;5;RENAULT;3020;1;Integración;AUTOS NUEVOS;1;Sin Client_Total_Relation (cliente-agencia);;;sin_sugerencia;
9082;2029186;5;RENAULT;3020;1;Integración;AUTOS NUEVOS;1;Sin Client_Total_Relation (cliente-agencia);;;sin_sugerencia;
9082;2029186;5;RENAULT;3020;1;Integración;AUTOS NUEVOS;1;Sin Client_Total_Relation (cliente-agencia);;;sin_sugerencia;
9083;2029188;5;RENAULT;3020;1;Integración;AUTOS NUEVOS;1;Sin Client_Total_Relation (cliente-agencia);;;sin_sugerencia;
9083;2029188;5;RENAULT;3020;1;Integración;AUTOS NUEVOS;1;Sin Client_Total_Relation (cliente-agencia);;;sin_sugerencia;
9084;2029191;5;RENAULT;3020;1;Integración;AUTOS NUEVOS;1;Sin Client_Total_Relation (cliente-agencia);;;sin_sugerencia;
9084;2029191;5;RENAULT;3020;1;Integración;AUTOS NUEVOS;1;Sin Client_Total_Relation (cliente-agencia);;;sin_sugerencia;
9085;2029193;5;RENAULT;3020;1;Integración;AUTOS NUEVOS;1;Sin Client_Total_Relation (cliente-agencia);;;sin_sugerencia;
9085;2029193;5;RENAULT;3020;1;Integración;AUTOS NUEVOS;1;Sin Client_Total_Relation (cliente-agencia);;;sin_sugerencia;
9086;2029196;5;RENAULT;3020;1;Integración;AUTOS NUEVOS;1;Sin Client_Total_Relation (cliente-agencia);;;sin_sugerencia;
9086;2029196;5;RENAULT;3020;1;Integración;AUTOS NUEVOS;1;Sin Client_Total_Relation (cliente-agencia);;;sin_sugerencia;
9087;2029200;5;RENAULT;3020;1;Integración;AUTOS NUEVOS;1;Sin Client_Total_Relation (cliente-agencia);;;sin_sugerencia;
9087;2029200;5;RENAULT;3020;1;Integración;AUTOS NUEVOS;1;Sin Client_Total_Relation (cliente-agencia);;;sin_sugerencia;
9088;2029224;5;RENAULT;3020;1;Integración;AUTOS NUEVOS;1;Sin Client_Total_Relation (cliente-agencia);;;sin_sugerencia;
9088;2029224;5;RENAULT;3020;1;Integración;AUTOS NUEVOS;1;Sin Client_Total_Relation (cliente-agencia);;;sin_sugerencia;
9089;2029226;5;RENAULT;3020;1;Integración;AUTOS NUEVOS;1;Sin Client_Total_Relation (cliente-agencia);;;sin_sugerencia;
9089;2029226;5;RENAULT;3020;1;Integración;AUTOS NUEVOS;1;Sin Client_Total_Relation (cliente-agencia);;;sin_sugerencia;
9090;2029277;5;RENAULT;3020;1;Integración;AUTOS NUEVOS;1;Sin Client_Total_Relation (cliente-agencia);;;sin_sugerencia;
9090;2029277;5;RENAULT;3020;1;Integración;AUTOS NUEVOS;1;Sin Client_Total_Relation (cliente-agencia);;;sin_sugerencia;
9440;2044392;5;RENAULT;6753;4;Liberado;AUTOS NUEVOS;1;Sin Client_Total_Relation (cliente-agencia);;;sin_sugerencia;
10397;2072081;5;RENAULT;3020;1;Integración;AUTOS NUEVOS;1;Sin Client_Total_Relation (cliente-agencia);;;sin_sugerencia;
10397;2072081;5;RENAULT;3020;1;Integración;AUTOS NUEVOS;1;Sin Client_Total_Relation (cliente-agencia);;;sin_sugerencia;
10398;2072101;5;RENAULT;3020;1;Integración;AUTOS NUEVOS;1;Sin Client_Total_Relation (cliente-agencia);;;sin_sugerencia;
10398;2072101;5;RENAULT;3020;1;Integración;AUTOS NUEVOS;1;Sin Client_Total_Relation (cliente-agencia);;;sin_sugerencia;
10396;2082351;5;RENAULT;4464;1;Integración;AUTOS NUEVOS;1;Sin Client_Total_Relation (cliente-agencia);;;sin_sugerencia;
10447;2093514;5;RENAULT;5098;1;Integración;AUTOS NUEVOS;1;Sin Client_Total_Relation (cliente-agencia);;;sin_sugerencia;
10696;2111775;5;RENAULT;4464;2;Liquidación;AUTOS NUEVOS;1;Sin Client_Total_Relation (cliente-agencia);;;sin_sugerencia;
12779;2387860;5;RENAULT;6753;1;Integración;AUTOS NUEVOS;1;Sin Client_Total_Relation (cliente-agencia);;;sin_sugerencia;
12780;2387863;5;RENAULT;6753;1;Integración;AUTOS NUEVOS;1;Sin Client_Total_Relation (cliente-agencia);;;sin_sugerencia;
12781;2387865;5;RENAULT;6753;1;Integración;AUTOS NUEVOS;1;Sin Client_Total_Relation (cliente-agencia);;;sin_sugerencia;
13046;2541183;5;RENAULT;4464;4;Liberado;AUTOS NUEVOS;1;Sin Client_Total_Relation (cliente-agencia);;;sin_sugerencia;
13052;2547272;5;RENAULT;3020;4;Liberado;AUTOS NUEVOS;1;Sin Client_Total_Relation (cliente-agencia);;;sin_sugerencia;
13052;2547272;5;RENAULT;3020;4;Liberado;AUTOS NUEVOS;1;Sin Client_Total_Relation (cliente-agencia);;;sin_sugerencia;
13176;2550005;5;RENAULT;4219;4;Liberado;AUTOS NUEVOS;1;Sin Client_Total_Relation (cliente-agencia);;;sin_sugerencia;
13328;2635833;5;RENAULT;3020;4;Liberado;AUTOS NUEVOS;1;Sin Client_Total_Relation (cliente-agencia);;;sin_sugerencia;
13328;2635833;5;RENAULT;3020;4;Liberado;AUTOS NUEVOS;1;Sin Client_Total_Relation (cliente-agencia);;;sin_sugerencia;
14225;2660439;5;RENAULT;3020;2;Liquidación;AUTOS NUEVOS;1;Sin Client_Total_Relation (cliente-agencia);;;sin_sugerencia;
14225;2660439;5;RENAULT;3020;2;Liquidación;AUTOS NUEVOS;1;Sin Client_Total_Relation (cliente-agencia);;;sin_sugerencia;
13828;2664260;5;RENAULT;3020;1;Integración;AUTOS NUEVOS;1;Sin Client_Total_Relation (cliente-agencia);;;sin_sugerencia;
13828;2664260;5;RENAULT;3020;1;Integración;AUTOS NUEVOS;1;Sin Client_Total_Relation (cliente-agencia);;;sin_sugerencia;
13916;2666767;5;RENAULT;3020;1;Integración;AUTOS NUEVOS;1;Sin Client_Total_Relation (cliente-agencia);;;sin_sugerencia;
13916;2666767;5;RENAULT;3020;1;Integración;AUTOS NUEVOS;1;Sin Client_Total_Relation (cliente-agencia);;;sin_sugerencia;
14830;2714741;5;RENAULT;11881;6;Liberado por Excepción;AUTOS NUEVOS;1;Sin Client_Total_Relation (cliente-agencia);11883;JOSE ISRAEL RAMIREZ HARO;otro_File_mismo_pedido;
15040;2727531;5;RENAULT;4219;4;Liberado;AUTOS NUEVOS;1;Sin Client_Total_Relation (cliente-agencia);;;sin_sugerencia;
15425;2743184;5;RENAULT;12353;4;Liberado;AUTOS NUEVOS;1;Sin Client_Total_Relation (cliente-agencia);;;sin_sugerencia;
15419;2746939;5;RENAULT;12348;4;Liberado;AUTOS NUEVOS;1;Sin Client_Total_Relation (cliente-agencia);;;sin_sugerencia;
15408;2748912;5;RENAULT;12337;4;Liberado;AUTOS NUEVOS;1;Sin Client_Total_Relation (cliente-agencia);;;sin_sugerencia;
15405;2749006;5;RENAULT;12334;4;Liberado;AUTOS NUEVOS;1;Sin Client_Total_Relation (cliente-agencia);;;sin_sugerencia;
15404;2749652;5;RENAULT;12333;4;Liberado;AUTOS NUEVOS;1;Sin Client_Total_Relation (cliente-agencia);;;sin_sugerencia;
15412;2749941;5;RENAULT;12342;4;Liberado;AUTOS NUEVOS;1;Sin Client_Total_Relation (cliente-agencia);;;sin_sugerencia;
15407;2750536;5;RENAULT;12336;4;Liberado;AUTOS NUEVOS;1;Sin Client_Total_Relation (cliente-agencia);;;sin_sugerencia;
15401;2750593;5;RENAULT;12331;4;Liberado;AUTOS NUEVOS;1;Sin Client_Total_Relation (cliente-agencia);;;sin_sugerencia;
15410;2750695;5;RENAULT;12339;4;Liberado;AUTOS NUEVOS;1;Sin Client_Total_Relation (cliente-agencia);;;sin_sugerencia;
15409;2751141;5;RENAULT;12338;4;Liberado;AUTOS NUEVOS;1;Sin Client_Total_Relation (cliente-agencia);;;sin_sugerencia;
15406;2751558;5;RENAULT;12335;4;Liberado;AUTOS NUEVOS;1;Sin Client_Total_Relation (cliente-agencia);;;sin_sugerencia;
15413;2752710;5;RENAULT;12343;4;Liberado;AUTOS NUEVOS;1;Sin Client_Total_Relation (cliente-agencia);;;sin_sugerencia;
15418;2752742;5;RENAULT;12347;4;Liberado;AUTOS NUEVOS;1;Sin Client_Total_Relation (cliente-agencia);;;sin_sugerencia;
15415;2753420;5;RENAULT;12345;4;Liberado;AUTOS NUEVOS;1;Sin Client_Total_Relation (cliente-agencia);;;sin_sugerencia;
15449;2754683;5;RENAULT;12358;4;Liberado;AUTOS NUEVOS;1;Sin Client_Total_Relation (cliente-agencia);;;sin_sugerencia;
15502;2755068;5;RENAULT;12427;4;Liberado;AUTOS NUEVOS;1;Sin Client_Total_Relation (cliente-agencia);;;sin_sugerencia;
15426;2755381;5;RENAULT;12354;4;Liberado;AUTOS NUEVOS;1;Sin Client_Total_Relation (cliente-agencia);;;sin_sugerencia;
15423;2755760;5;RENAULT;12351;4;Liberado;AUTOS NUEVOS;1;Sin Client_Total_Relation (cliente-agencia);;;sin_sugerencia;
15465;2755951;5;RENAULT;12392;4;Liberado;AUTOS NUEVOS;1;Sin Client_Total_Relation (cliente-agencia);;;sin_sugerencia;
15456;2756171;5;RENAULT;12383;4;Liberado;AUTOS NUEVOS;1;Sin Client_Total_Relation (cliente-agencia);;;sin_sugerencia;
15472;2756207;5;RENAULT;12400;4;Liberado;AUTOS NUEVOS;1;Sin Client_Total_Relation (cliente-agencia);;;sin_sugerencia;
15468;2756537;5;RENAULT;12396;1;Integración;AUTOS NUEVOS;1;Sin Client_Total_Relation (cliente-agencia);;;sin_sugerencia;
15461;2756838;5;RENAULT;12388;4;Liberado;AUTOS NUEVOS;1;Sin Client_Total_Relation (cliente-agencia);;;sin_sugerencia;
15454;2756840;5;RENAULT;12378;4;Liberado;AUTOS NUEVOS;1;Sin Client_Total_Relation (cliente-agencia);;;sin_sugerencia;
15498;2756907;5;RENAULT;12422;4;Liberado;AUTOS NUEVOS;1;Sin Client_Total_Relation (cliente-agencia);;;sin_sugerencia;
15496;2756941;5;RENAULT;12422;4;Liberado;AUTOS NUEVOS;1;Sin Client_Total_Relation (cliente-agencia);;;sin_sugerencia;
15459;2758962;5;RENAULT;12384;4;Liberado;AUTOS NUEVOS;1;Sin Client_Total_Relation (cliente-agencia);;;sin_sugerencia;
15469;2759367;5;RENAULT;12397;4;Liberado;AUTOS NUEVOS;1;Sin Client_Total_Relation (cliente-agencia);;;sin_sugerencia;
15463;2759444;5;RENAULT;12390;4;Liberado;AUTOS NUEVOS;1;Sin Client_Total_Relation (cliente-agencia);;;sin_sugerencia;
15781;2759698;5;RENAULT;2063;3;Liberación;AUTOS NUEVOS;1;Sin Client_Total_Relation (cliente-agencia);;;sin_sugerencia;
15470;2759898;5;RENAULT;12398;4;Liberado;AUTOS NUEVOS;1;Sin Client_Total_Relation (cliente-agencia);;;sin_sugerencia;
15505;2760044;5;RENAULT;12430;4;Liberado;AUTOS NUEVOS;1;Sin Client_Total_Relation (cliente-agencia);;;sin_sugerencia;
15488;2760045;5;RENAULT;12414;4;Liberado;AUTOS NUEVOS;1;Sin Client_Total_Relation (cliente-agencia);;;sin_sugerencia;
15471;2760654;5;RENAULT;12399;4;Liberado;AUTOS NUEVOS;1;Sin Client_Total_Relation (cliente-agencia);;;sin_sugerencia;
15490;2760858;5;RENAULT;12416;4;Liberado;AUTOS NUEVOS;1;Sin Client_Total_Relation (cliente-agencia);;;sin_sugerencia;
15473;2760871;5;RENAULT;12401;4;Liberado;AUTOS NUEVOS;1;Sin Client_Total_Relation (cliente-agencia);;;sin_sugerencia;
15503;2761341;5;RENAULT;12428;4;Liberado;AUTOS NUEVOS;1;Sin Client_Total_Relation (cliente-agencia);;;sin_sugerencia;
15501;2761593;5;RENAULT;12426;4;Liberado;AUTOS NUEVOS;1;Sin Client_Total_Relation (cliente-agencia);;;sin_sugerencia;
15509;2761624;5;RENAULT;12435;2;Liquidación;AUTOS NUEVOS;1;Sin Client_Total_Relation (cliente-agencia);;;sin_sugerencia;
15508;2761841;5;RENAULT;12433;2;Liquidación;AUTOS NUEVOS;1;Sin Client_Total_Relation (cliente-agencia);;;sin_sugerencia;
15507;2761885;5;RENAULT;12432;4;Liberado;AUTOS NUEVOS;1;Sin Client_Total_Relation (cliente-agencia);;;sin_sugerencia;
15504;2761895;5;RENAULT;12429;4;Liberado;AUTOS NUEVOS;1;Sin Client_Total_Relation (cliente-agencia);;;sin_sugerencia;
16222;2875160;5;RENAULT;5696;2;Liquidación;AUTOS NUEVOS;1;Sin Client_Total_Relation (cliente-agencia);;;sin_sugerencia;
16215;2875164;5;RENAULT;5098;1;Integración;AUTOS NUEVOS;1;Sin Client_Total_Relation (cliente-agencia);;;sin_sugerencia;
16219;2875596;5;RENAULT;6753;1;Integración;AUTOS NUEVOS;1;Sin Client_Total_Relation (cliente-agencia);;;sin_sugerencia;
16389;2879837;5;RENAULT;3020;2;Liquidación;AUTOS NUEVOS;1;Sin Client_Total_Relation (cliente-agencia);;;sin_sugerencia;
16389;2879837;5;RENAULT;3020;2;Liquidación;AUTOS NUEVOS;1;Sin Client_Total_Relation (cliente-agencia);;;sin_sugerencia;
17397;2892237;5;RENAULT;14213;1;Integración;AUTOS NUEVOS;1;Client inexistente (File.IdClient huérfano);;;sin_sugerencia;
17455;2893132;5;RENAULT;14241;1;Integración;AUTOS NUEVOS;1;Client inexistente (File.IdClient huérfano);;;sin_sugerencia;
17388;2894321;5;RENAULT;14211;5;Cancelado;AUTOS NUEVOS;1;Client inexistente (File.IdClient huérfano);;;sin_sugerencia;
17389;2894321;5;RENAULT;14211;5;Cancelado;AUTOS NUEVOS;1;Client inexistente (File.IdClient huérfano);;;sin_sugerencia;
17390;2894321;5;RENAULT;14211;5;Cancelado;AUTOS NUEVOS;1;Client inexistente (File.IdClient huérfano);;;sin_sugerencia;
17398;2894321;5;RENAULT;14211;5;Cancelado;AUTOS NUEVOS;1;Client inexistente (File.IdClient huérfano);;;sin_sugerencia;
17431;2894321;5;RENAULT;14211;5;Cancelado;AUTOS NUEVOS;1;Client inexistente (File.IdClient huérfano);;;sin_sugerencia;
17433;2894321;5;RENAULT;14211;5;Cancelado;AUTOS NUEVOS;1;Client inexistente (File.IdClient huérfano);;;sin_sugerencia;
17438;2894321;5;RENAULT;14211;1;Integración;AUTOS NUEVOS;1;Client inexistente (File.IdClient huérfano);;;sin_sugerencia;
17391;2894689;5;RENAULT;14212;5;Cancelado;AUTOS NUEVOS;1;Client inexistente (File.IdClient huérfano);;;sin_sugerencia;
17392;2894689;5;RENAULT;14212;5;Cancelado;AUTOS NUEVOS;1;Client inexistente (File.IdClient huérfano);;;sin_sugerencia;
17393;2894689;5;RENAULT;14212;5;Cancelado;AUTOS NUEVOS;1;Client inexistente (File.IdClient huérfano);;;sin_sugerencia;
17394;2894689;5;RENAULT;14212;5;Cancelado;AUTOS NUEVOS;1;Client inexistente (File.IdClient huérfano);;;sin_sugerencia;
17395;2894689;5;RENAULT;14212;5;Cancelado;AUTOS NUEVOS;1;Client inexistente (File.IdClient huérfano);;;sin_sugerencia;
17396;2894689;5;RENAULT;14212;1;Integración;AUTOS NUEVOS;1;Client inexistente (File.IdClient huérfano);;;sin_sugerencia;
15438;10702;7;KIA ALTARIA;12366;1;Integración;AUTOS SEMINUEVOS;1;Sin Client_Total_Relation (cliente-agencia);;;sin_sugerencia;
3552;13530;7;KIA ALTARIA;2983;1;Integración;AUTOS SEMINUEVOS;1;Sin Client_Total_Relation (cliente-agencia);;;sin_sugerencia;
3297;13894;7;KIA ALTARIA;2767;1;Integración;AUTOS NUEVOS;1;Sin Client_Total_Relation (cliente-agencia);;;sin_sugerencia;
3296;13917;7;KIA ALTARIA;2767;1;Integración;AUTOS NUEVOS;1;Sin Client_Total_Relation (cliente-agencia);;;sin_sugerencia;
3924;14245;7;KIA ALTARIA;3313;1;Integración;AUTOS NUEVOS;1;Sin Client_Total_Relation (cliente-agencia);;;sin_sugerencia;
5317;14854;7;KIA ALTARIA;4472;1;Integración;AUTOS NUEVOS;1;Sin Client_Total_Relation (cliente-agencia);;;sin_sugerencia;
8443;16028;7;KIA ALTARIA;6962;1;Integración;AUTOS NUEVOS;1;Sin Client_Total_Relation (cliente-agencia);;;sin_sugerencia;
14853;18959;7;KIA ALTARIA;11903;4;Liberado;AUTOS NUEVOS;1;Sin Client_Total_Relation (cliente-agencia);;;sin_sugerencia;
15436;19434;7;KIA ALTARIA;12366;1;Integración;AUTOS NUEVOS;1;Sin Client_Total_Relation (cliente-agencia);;;sin_sugerencia;
15477;19437;7;KIA ALTARIA;12404;4;Liberado;AUTOS NUEVOS;1;Sin Client_Total_Relation (cliente-agencia);;;sin_sugerencia;
15649;19475;7;KIA ALTARIA;12366;4;Liberado;AUTOS NUEVOS;1;Sin Client_Total_Relation (cliente-agencia);;;sin_sugerencia;
17444;19570;7;KIA ALTARIA;14230;1;Integración;AUTOS NUEVOS;1;Client inexistente (File.IdClient huérfano);14116;CRYSTOPHER JERYCO ENRIQUEZ CASTELAN;CTR_nd_igual_pedido;nd en CTR=19570
17439;19656;7;KIA ALTARIA;14224;5;Cancelado;AUTOS SEMINUEVOS;1;Client inexistente (File.IdClient huérfano);;;sin_sugerencia;
17440;19656;7;KIA ALTARIA;14224;5;Cancelado;AUTOS SEMINUEVOS;1;Client inexistente (File.IdClient huérfano);;;sin_sugerencia;
17456;19656;7;KIA ALTARIA;14224;5;Cancelado;AUTOS SEMINUEVOS;1;Client inexistente (File.IdClient huérfano);;;sin_sugerencia;
17473;19656;7;KIA ALTARIA;14224;1;Integración;AUTOS NUEVOS;1;Client inexistente (File.IdClient huérfano);;;sin_sugerencia;
17417;19754;7;KIA ALTARIA;14219;5;Cancelado;AUTOS NUEVOS;1;Client inexistente (File.IdClient huérfano);;;sin_sugerencia;
17418;19754;7;KIA ALTARIA;14219;5;Cancelado;AUTOS NUEVOS;1;Client inexistente (File.IdClient huérfano);;;sin_sugerencia;
17419;19754;7;KIA ALTARIA;14219;1;Integración;AUTOS NUEVOS;1;Client inexistente (File.IdClient huérfano);;;sin_sugerencia;
17441;19759;7;KIA ALTARIA;14225;5;Cancelado;AUTOS SEMINUEVOS;1;Client inexistente (File.IdClient huérfano);14113;JOSE DE JESUS MENDEZ GONZALEZ;otro_File_mismo_pedido;
17443;19769;7;KIA ALTARIA;14227;1;Integración;AUTOS SEMINUEVOS;1;Client inexistente (File.IdClient huérfano);;;sin_sugerencia;
17445;19771;7;KIA ALTARIA;14231;1;Integración;AUTOS NUEVOS;1;Client inexistente (File.IdClient huérfano);;;sin_sugerencia;
17446;19773;7;KIA ALTARIA;14232;1;Integración;AUTOS NUEVOS;1;Client inexistente (File.IdClient huérfano);;;sin_sugerencia;
17447;19782;7;KIA ALTARIA;14233;1;Integración;AUTOS NUEVOS;1;Client inexistente (File.IdClient huérfano);;;sin_sugerencia;
17449;19787;7;KIA ALTARIA;14235;1;Integración;AUTOS NUEVOS;1;Client inexistente (File.IdClient huérfano);;;sin_sugerencia;
17451;19797;7;KIA ALTARIA;14237;1;Integración;AUTOS NUEVOS;1;Client inexistente (File.IdClient huérfano);14124;GEORGINA NAVARRO CASTRO;CTR_nd_igual_pedido;nd en CTR=19797
17448;19802;7;KIA ALTARIA;14234;1;Integración;AUTOS NUEVOS;1;Client inexistente (File.IdClient huérfano);;;sin_sugerencia;
17453;19818;7;KIA ALTARIA;14239;1;Integración;AUTOS NUEVOS;1;Client inexistente (File.IdClient huérfano);;;sin_sugerencia;
17452;19823;7;KIA ALTARIA;14238;1;Integración;AUTOS NUEVOS;1;Client inexistente (File.IdClient huérfano);;;sin_sugerencia;
17454;19825;7;KIA ALTARIA;14240;1;Integración;AUTOS NUEVOS;1;Client inexistente (File.IdClient huérfano);;;sin_sugerencia;
6571;4331;7;KIA ALTARIA;5139;1;Integración;AUTOS NUEVOS;1;Sin Client_Total_Relation (cliente-agencia);;;sin_sugerencia;
3319;5287;7;KIA ALTARIA;2782;4;Liberado;AUTOS NUEVOS;1;Sin Client_Total_Relation (cliente-agencia);;;sin_sugerencia;
6299;5515;7;KIA ALTARIA;5217;1;Integración;AUTOS NUEVOS;1;Sin Client_Total_Relation (cliente-agencia);;;sin_sugerencia;
3929;14737;8;KIA CORREGIDORA;3318;1;Integración;AUTOS NUEVOS;1;Sin Client_Total_Relation (cliente-agencia);;;sin_sugerencia;
6798;16274;8;KIA CORREGIDORA;5633;4;Liberado;AUTOS NUEVOS;1;Sin Client_Total_Relation (cliente-agencia);;;sin_sugerencia;
15840;20862;8;KIA CORREGIDORA;4265;4;Liberado;AUTOS NUEVOS;1;Sin Client_Total_Relation (cliente-agencia);;;sin_sugerencia;
15811;20863;8;KIA CORREGIDORA;4265;4;Liberado;AUTOS NUEVOS;1;Sin Client_Total_Relation (cliente-agencia);;;sin_sugerencia;
15935;20987;8;KIA CORREGIDORA;12801;4;Liberado;AUTOS NUEVOS;1;Sin Client_Total_Relation (cliente-agencia);;;sin_sugerencia;
15927;21041;8;KIA CORREGIDORA;2659;4;Liberado;AUTOS NUEVOS;1;Sin Client_Total_Relation (cliente-agencia);;;sin_sugerencia;
17000;21097;8;KIA CORREGIDORA;7969;4;Liberado;AUTOS NUEVOS;1;Sin Client_Total_Relation (cliente-agencia);;;sin_sugerencia;
1044;1519;10;POWER HOUSE;835;4;Liberado;AUTOS NUEVOS;1;Sin Client_Total_Relation (cliente-agencia);;;sin_sugerencia;
1425;1569;10;POWER HOUSE;1092;1;Integración;AUTOS NUEVOS;1;Sin Client_Total_Relation (cliente-agencia);;;sin_sugerencia;
289;1572;10;POWER HOUSE;217;4;Liberado;AUTOS NUEVOS;1;Sin Client_Total_Relation (cliente-agencia);;;sin_sugerencia;
474;1582;10;POWER HOUSE;373;4;Liberado;AUTOS NUEVOS;1;Sin Client_Total_Relation (cliente-agencia);;;sin_sugerencia;
785;1584;10;POWER HOUSE;631;4;Liberado;AUTOS NUEVOS;1;Sin Client_Total_Relation (cliente-agencia);;;sin_sugerencia;
1039;1642;10;POWER HOUSE;847;4;Liberado;AUTOS NUEVOS;1;Sin Client_Total_Relation (cliente-agencia);;;sin_sugerencia;
1293;1668;10;POWER HOUSE;977;4;Liberado;AUTOS NUEVOS;1;Sin Client_Total_Relation (cliente-agencia);;;sin_sugerencia;
1251;1670;10;POWER HOUSE;1030;4;Liberado;AUTOS NUEVOS;1;Sin Client_Total_Relation (cliente-agencia);;;sin_sugerencia;
1256;1671;10;POWER HOUSE;975;4;Liberado;AUTOS NUEVOS;1;Sin Client_Total_Relation (cliente-agencia);;;sin_sugerencia;
1807;1697;10;POWER HOUSE;1469;4;Liberado;AUTOS NUEVOS;1;Sin Client_Total_Relation (cliente-agencia);;;sin_sugerencia;
1605;1722;10;POWER HOUSE;1310;4;Liberado;AUTOS NUEVOS;1;Sin Client_Total_Relation (cliente-agencia);;;sin_sugerencia;
3585;2401;10;POWER HOUSE;3021;4;Liberado;AUTOS NUEVOS;1;Sin Client_Total_Relation (cliente-agencia);;;sin_sugerencia;
3589;2410;10;POWER HOUSE;3025;1;Integración;AUTOS NUEVOS;1;Sin Client_Total_Relation (cliente-agencia);;;sin_sugerencia;
5289;2529;10;POWER HOUSE;4454;1;Integración;AUTOS NUEVOS;1;Sin Client_Total_Relation (cliente-agencia);;;sin_sugerencia;
3232;952;10;POWER HOUSE;2717;4;Liberado;AUTOS NUEVOS;1;Sin Client_Total_Relation (cliente-agencia);;;sin_sugerencia;
9781;1634;13;COLIMA;8037;1;Integración;AUTOS NUEVOS;1;Sin Client_Total_Relation (cliente-agencia);;;sin_sugerencia;
12030;1985;13;COLIMA;4265;1;Integración;AUTOS NUEVOS;1;Sin Client_Total_Relation (cliente-agencia);;;sin_sugerencia;
12029;2133;13;COLIMA;4265;1;Integración;AUTOS NUEVOS;1;Sin Client_Total_Relation (cliente-agencia);;;sin_sugerencia;
12014;2215;13;COLIMA;9733;4;Liberado;AUTOS NUEVOS;1;Sin Client_Total_Relation (cliente-agencia);;;sin_sugerencia;
15431;2829;13;COLIMA;12358;4;Liberado;AUTOS SEMINUEVOS;1;Sin Client_Total_Relation (cliente-agencia);;;sin_sugerencia;
15431;2829;13;COLIMA;12358;4;Liberado;AUTOS SEMINUEVOS;1;Sin Client_Total_Relation (cliente-agencia);;;sin_sugerencia;
15115;2830;13;COLIMA;12103;4;Liberado;AUTOS NUEVOS;1;Sin Client_Total_Relation (cliente-agencia);;;sin_sugerencia;
16218;2851;13;COLIMA;12437;4;Liberado;AUTOS SEMINUEVOS;1;Sin Client_Total_Relation (cliente-agencia);;;sin_sugerencia;
15476;2932;13;COLIMA;12403;4;Liberado;AUTOS NUEVOS;1;Sin Client_Total_Relation (cliente-agencia);;;sin_sugerencia;
15484;2964;13;COLIMA;12411;4;Liberado;AUTOS NUEVOS;1;Sin Client_Total_Relation (cliente-agencia);;;sin_sugerencia;
15483;2969;13;COLIMA;12410;4;Liberado;AUTOS NUEVOS;1;Sin Client_Total_Relation (cliente-agencia);;;sin_sugerencia;
15453;2996;13;COLIMA;12381;4;Liberado;AUTOS SEMINUEVOS;1;Sin Client_Total_Relation (cliente-agencia);;;sin_sugerencia;
16655;3060;13;COLIMA;3020;1;Integración;AUTOS NUEVOS;1;Sin Client_Total_Relation (cliente-agencia);;;sin_sugerencia;
16655;3060;13;COLIMA;3020;1;Integración;AUTOS NUEVOS;1;Sin Client_Total_Relation (cliente-agencia);;;sin_sugerencia;
17121;3126;13;COLIMA;668;3;Liberación;AUTOS NUEVOS;1;Sin Client_Total_Relation (cliente-agencia);;;sin_sugerencia;
17121;3126;13;COLIMA;668;3;Liberación;AUTOS NUEVOS;1;Sin Client_Total_Relation (cliente-agencia);;;sin_sugerencia;
3966;465;13;COLIMA;2835;3;Liberación;AUTOS NUEVOS;1;Sin Client_Total_Relation (cliente-agencia);;;sin_sugerencia;
10221;PV026442;18;BMW;8370;4;Liberado;MOTOS NUEVOS;1;Sin Client_Total_Relation (cliente-agencia);;;sin_sugerencia;
11778;PV210524;18;BMW;9322;1;Integración;AUTOS NUEVOS;1;Sin Client_Total_Relation (cliente-agencia);;;sin_sugerencia;
14185;PV220665;18;BMW;11287;1;Integración;MOTOS NUEVOS;1;Sin Client_Total_Relation (cliente-agencia);;;sin_sugerencia;
10438;PV230380;18;BMW;8541;4;Liberado;MOTOS NUEVOS;1;Sin Client_Total_Relation (cliente-agencia);;;sin_sugerencia;
5091;PV230456;18;BMW;4035;1;Integración;AUTOS NUEVOS;1;Sin Client_Total_Relation (cliente-agencia);;;sin_sugerencia;
5661;PV230611;18;BMW;4035;1;Integración;AUTOS NUEVOS;1;Sin Client_Total_Relation (cliente-agencia);;;sin_sugerencia;
3681;PV230633;18;BMW;3101;4;Liberado;AUTOS NUEVOS;1;Sin Client_Total_Relation (cliente-agencia);;;sin_sugerencia;
3691;PV230644;18;BMW;3094;1;Integración;AUTOS SEMINUEVOS;1;Sin Client_Total_Relation (cliente-agencia);;;sin_sugerencia;
3694;PV230667;18;BMW;3113;4;Liberado;MOTOS NUEVOS;1;Sin Client_Total_Relation (cliente-agencia);;;sin_sugerencia;
3661;PV230669;18;BMW;3085;4;Liberado;AUTOS NUEVOS;1;Sin Client_Total_Relation (cliente-agencia);;;sin_sugerencia;
3695;PV230671;18;BMW;1065;4;Liberado;MOTOS NUEVOS;1;Sin Client_Total_Relation (cliente-agencia);;;sin_sugerencia;
3705;PV230674;18;BMW;3122;4;Liberado;AUTOS NUEVOS;1;Sin Client_Total_Relation (cliente-agencia);;;sin_sugerencia;
3596;PV230687;18;BMW;3030;4;Liberado;AUTOS SEMINUEVOS;1;Sin Client_Total_Relation (cliente-agencia);;;sin_sugerencia;
3606;PV230701;18;BMW;3036;4;Liberado;AUTOS NUEVOS;1;Sin Client_Total_Relation (cliente-agencia);;;sin_sugerencia;
3646;PV230718;18;BMW;3071;4;Liberado;AUTOS NUEVOS;1;Sin Client_Total_Relation (cliente-agencia);;;sin_sugerencia;
3696;PV230719;18;BMW;2985;4;Liberado;MOTOS NUEVOS;1;Client inexistente (File.IdClient huérfano);;;sin_sugerencia;
7804;PV230760;18;BMW;5564;1;Integración;AUTOS NUEVOS;1;Sin Client_Total_Relation (cliente-agencia);;;sin_sugerencia;
3983;PV230770;18;BMW;3364;4;Liberado;MOTOS NUEVOS;1;Sin Client_Total_Relation (cliente-agencia);;;sin_sugerencia;
3976;PV230779;18;BMW;3359;2;Liquidación;AUTOS NUEVOS;1;Sin Client_Total_Relation (cliente-agencia);;;sin_sugerencia;
5130;PV231030;18;BMW;4333;1;Integración;AUTOS NUEVOS;1;Sin Client_Total_Relation (cliente-agencia);;;sin_sugerencia;
5147;PV231043;18;BMW;4251;2;Liquidación;AUTOS NUEVOS;1;Sin Client_Total_Relation (cliente-agencia);;;sin_sugerencia;
4990;PV231127;18;BMW;4124;1;Integración;AUTOS NUEVOS;1;Sin Client_Total_Relation (cliente-agencia);;;sin_sugerencia;
4990;PV231127;18;BMW;4124;1;Integración;AUTOS NUEVOS;1;Sin Client_Total_Relation (cliente-agencia);;;sin_sugerencia;
4909;PV231129;18;BMW;4169;4;Liberado;MOTOS NUEVOS;1;Sin Client_Total_Relation (cliente-agencia);;;sin_sugerencia;
4874;PV231134;18;BMW;4146;3;Liberación;MOTOS NUEVOS;1;Sin Client_Total_Relation (cliente-agencia);;;sin_sugerencia;
4881;PV231135;18;BMW;4149;4;Liberado;MOTOS NUEVOS;1;Sin Client_Total_Relation (cliente-agencia);;;sin_sugerencia;
4887;PV231140;18;BMW;4151;3;Liberación;MOTOS NUEVOS;1;Sin Client_Total_Relation (cliente-agencia);;;sin_sugerencia;
4892;PV231143;18;BMW;4158;4;Liberado;MOTOS NUEVOS;1;Sin Client_Total_Relation (cliente-agencia);;;sin_sugerencia;
4901;PV231144;18;BMW;3020;1;Integración;AUTOS NUEVOS;1;Sin Client_Total_Relation (cliente-agencia);;;sin_sugerencia;
4901;PV231144;18;BMW;3020;1;Integración;AUTOS NUEVOS;1;Sin Client_Total_Relation (cliente-agencia);;;sin_sugerencia;
4907;PV231148;18;BMW;3020;1;Integración;AUTOS NUEVOS;1;Sin Client_Total_Relation (cliente-agencia);;;sin_sugerencia;
4907;PV231148;18;BMW;3020;1;Integración;AUTOS NUEVOS;1;Sin Client_Total_Relation (cliente-agencia);;;sin_sugerencia;
4928;PV231150;18;BMW;2063;3;Liberación;AUTOS NUEVOS;1;Sin Client_Total_Relation (cliente-agencia);;;sin_sugerencia;
4930;PV231151;18;BMW;4181;3;Liberación;MOTOS NUEVOS;1;Sin Client_Total_Relation (cliente-agencia);;;sin_sugerencia;
4988;PV231167;18;BMW;2807;2;Liquidación;MOTOS NUEVOS;1;Sin Client_Total_Relation (cliente-agencia);;;sin_sugerencia;
5039;PV231171;18;BMW;4252;2;Liquidación;MOTOS NUEVOS;1;Sin Client_Total_Relation (cliente-agencia);;;sin_sugerencia;
4982;PV231173;18;BMW;4219;2;Liquidación;AUTOS NUEVOS;1;Sin Client_Total_Relation (cliente-agencia);;;sin_sugerencia;
5262;PV231176;18;BMW;3020;2;Liquidación;AUTOS NUEVOS;1;Sin Client_Total_Relation (cliente-agencia);;;sin_sugerencia;
5262;PV231176;18;BMW;3020;2;Liquidación;AUTOS NUEVOS;1;Sin Client_Total_Relation (cliente-agencia);;;sin_sugerencia;
5037;PV231191;18;BMW;4265;3;Liberación;AUTOS NUEVOS;1;Sin Client_Total_Relation (cliente-agencia);;;sin_sugerencia;
5121;PV231193;18;BMW;4329;4;Liberado;MOTOS NUEVOS;1;Sin Client_Total_Relation (cliente-agencia);;;sin_sugerencia;
5601;PV231197;18;BMW;3020;1;Integración;AUTOS NUEVOS;1;Sin Client_Total_Relation (cliente-agencia);;;sin_sugerencia;
5601;PV231197;18;BMW;3020;1;Integración;AUTOS NUEVOS;1;Sin Client_Total_Relation (cliente-agencia);;;sin_sugerencia;
5245;PV231222;18;BMW;4384;3;Liberación;MOTOS NUEVOS;1;Sin Client_Total_Relation (cliente-agencia);;;sin_sugerencia;
5640;PV231227;18;BMW;4722;2;Liquidación;AUTOS NUEVOS;1;Sin Client_Total_Relation (cliente-agencia);;;sin_sugerencia;
5231;PV231229;18;BMW;3020;1;Integración;AUTOS NUEVOS;1;Sin Client_Total_Relation (cliente-agencia);;;sin_sugerencia;
5231;PV231229;18;BMW;3020;1;Integración;AUTOS NUEVOS;1;Sin Client_Total_Relation (cliente-agencia);;;sin_sugerencia;
5296;PV231234;18;BMW;4452;3;Liberación;MOTOS NUEVOS;1;Sin Client_Total_Relation (cliente-agencia);;;sin_sugerencia;
5273;PV231238;18;BMW;4441;3;Liberación;MOTOS NUEVOS;1;Sin Client_Total_Relation (cliente-agencia);;;sin_sugerencia;
5274;PV231239;18;BMW;4442;3;Liberación;MOTOS NUEVOS;1;Sin Client_Total_Relation (cliente-agencia);;;sin_sugerencia;
5602;PV231243;18;BMW;4464;3;Liberación;AUTOS NUEVOS;1;Sin Client_Total_Relation (cliente-agencia);;;sin_sugerencia;
5606;PV231249;18;BMW;4498;4;Liberado;MOTOS NUEVOS;1;Sin Client_Total_Relation (cliente-agencia);;;sin_sugerencia;
5648;PV231262;18;BMW;3020;2;Liquidación;AUTOS NUEVOS;1;Sin Client_Total_Relation (cliente-agencia);;;sin_sugerencia;
5648;PV231262;18;BMW;3020;2;Liquidación;AUTOS NUEVOS;1;Sin Client_Total_Relation (cliente-agencia);;;sin_sugerencia;
5621;PV231270;18;BMW;4703;4;Liberado;MOTOS NUEVOS;1;Sin Client_Total_Relation (cliente-agencia);;;sin_sugerencia;
5448;PV231276;18;BMW;4574;4;Liberado;MOTOS NUEVOS;1;Sin Client_Total_Relation (cliente-agencia);;;sin_sugerencia;
5706;PV231283;18;BMW;3020;2;Liquidación;AUTOS NUEVOS;1;Sin Client_Total_Relation (cliente-agencia);;;sin_sugerencia;
5706;PV231283;18;BMW;3020;2;Liquidación;AUTOS NUEVOS;1;Sin Client_Total_Relation (cliente-agencia);;;sin_sugerencia;
5482;PV231284;18;BMW;4600;4;Liberado;MOTOS NUEVOS;1;Sin Client_Total_Relation (cliente-agencia);;;sin_sugerencia;
5493;PV231288;18;BMW;4610;4;Liberado;MOTOS NUEVOS;1;Sin Client_Total_Relation (cliente-agencia);;;sin_sugerencia;
5521;PV231307;18;BMW;4629;2;Liquidación;MOTOS NUEVOS;1;Sin Client_Total_Relation (cliente-agencia);;;sin_sugerencia;
5528;PV231320;18;BMW;4635;3;Liberación;MOTOS NUEVOS;1;Sin Client_Total_Relation (cliente-agencia);;;sin_sugerencia;
5636;PV231325;18;BMW;4718;3;Liberación;MOTOS NUEVOS;1;Sin Client_Total_Relation (cliente-agencia);;;sin_sugerencia;
5624;PV240001;18;BMW;4706;2;Liquidación;MOTOS NUEVOS;1;Sin Client_Total_Relation (cliente-agencia);;;sin_sugerencia;
5605;PV240002;18;BMW;4694;4;Liberado;MOTOS NUEVOS;1;Sin Client_Total_Relation (cliente-agencia);;;sin_sugerencia;
5627;PV240016;18;BMW;3020;1;Integración;AUTOS NUEVOS;1;Sin Client_Total_Relation (cliente-agencia);;;sin_sugerencia;
5627;PV240016;18;BMW;3020;1;Integración;AUTOS NUEVOS;1;Sin Client_Total_Relation (cliente-agencia);;;sin_sugerencia;
5653;PV240024;18;BMW;4728;4;Liberado;MOTOS NUEVOS;1;Sin Client_Total_Relation (cliente-agencia);;;sin_sugerencia;
5699;PV240032;18;BMW;2298;3;Liberación;MOTOS NUEVOS;1;Sin Client_Total_Relation (cliente-agencia);;;sin_sugerencia;
5730;PV240048;18;BMW;3020;2;Liquidación;AUTOS NUEVOS;1;Sin Client_Total_Relation (cliente-agencia);;;sin_sugerencia;
5730;PV240048;18;BMW;3020;2;Liquidación;AUTOS NUEVOS;1;Sin Client_Total_Relation (cliente-agencia);;;sin_sugerencia;
5769;PV240053;18;BMW;3020;2;Liquidación;AUTOS NUEVOS;1;Sin Client_Total_Relation (cliente-agencia);;;sin_sugerencia;
5769;PV240053;18;BMW;3020;2;Liquidación;AUTOS NUEVOS;1;Sin Client_Total_Relation (cliente-agencia);;;sin_sugerencia;
5783;PV240058;18;BMW;4822;3;Liberación;MOTOS NUEVOS;1;Sin Client_Total_Relation (cliente-agencia);;;sin_sugerencia;
5861;PV240059;18;BMW;4885;4;Liberado;MOTOS NUEVOS;1;Sin Client_Total_Relation (cliente-agencia);;;sin_sugerencia;
5792;PV240060;18;BMW;4827;4;Liberado;MOTOS NUEVOS;1;Sin Client_Total_Relation (cliente-agencia);;;sin_sugerencia;
5808;PV240069;18;BMW;4464;3;Liberación;AUTOS NUEVOS;1;Sin Client_Total_Relation (cliente-agencia);;;sin_sugerencia;
5977;PV240070;18;BMW;4845;2;Liquidación;MOTOS NUEVOS;1;Sin Client_Total_Relation (cliente-agencia);;;sin_sugerencia;
5810;PV240071;18;BMW;4840;4;Liberado;MOTOS NUEVOS;1;Sin Client_Total_Relation (cliente-agencia);;;sin_sugerencia;
5916;PV240090;18;BMW;3020;2;Liquidación;AUTOS NUEVOS;1;Sin Client_Total_Relation (cliente-agencia);;;sin_sugerencia;
5916;PV240090;18;BMW;3020;2;Liquidación;AUTOS NUEVOS;1;Sin Client_Total_Relation (cliente-agencia);;;sin_sugerencia;
5915;PV240091;18;BMW;4920;1;Integración;MOTOS NUEVOS;1;Sin Client_Total_Relation (cliente-agencia);;;sin_sugerencia;
5917;PV240092;18;BMW;4921;3;Liberación;MOTOS NUEVOS;1;Sin Client_Total_Relation (cliente-agencia);;;sin_sugerencia;
5984;PV240111;18;BMW;4967;1;Integración;MOTOS NUEVOS;1;Sin Client_Total_Relation (cliente-agencia);;;sin_sugerencia;
6744;PV240118;18;BMW;5514;3;Liberación;MOTOS NUEVOS;1;Sin Client_Total_Relation (cliente-agencia);;;sin_sugerencia;
6020;PV240120;18;BMW;4989;4;Liberado;MOTOS NUEVOS;1;Sin Client_Total_Relation (cliente-agencia);;;sin_sugerencia;
6042;PV240122;18;BMW;5006;4;Liberado;MOTOS NUEVOS;1;Sin Client_Total_Relation (cliente-agencia);;;sin_sugerencia;
7021;PV240123;18;BMW;4668;4;Liberado;MOTOS NUEVOS;1;Sin Client_Total_Relation (cliente-agencia);;;sin_sugerencia;
6104;PV240129;18;BMW;5061;4;Liberado;MOTOS NUEVOS;1;Sin Client_Total_Relation (cliente-agencia);;;sin_sugerencia;
6075;PV240132;18;BMW;5033;4;Liberado;MOTOS NUEVOS;1;Sin Client_Total_Relation (cliente-agencia);;;sin_sugerencia;
6091;PV240140;18;BMW;5046;4;Liberado;MOTOS NUEVOS;1;Sin Client_Total_Relation (cliente-agencia);;;sin_sugerencia;
6080;PV240143;18;BMW;5037;4;Liberado;MOTOS NUEVOS;1;Sin Client_Total_Relation (cliente-agencia);;;sin_sugerencia;
6136;PV240158;18;BMW;5088;4;Liberado;MOTOS NUEVOS;1;Sin Client_Total_Relation (cliente-agencia);;;sin_sugerencia;
6143;PV240160;18;BMW;4901;2;Liquidación;AUTOS NUEVOS;1;Sin Client_Total_Relation (cliente-agencia);;;sin_sugerencia;
6195;PV240166;18;BMW;5132;1;Integración;MOTOS NUEVOS;1;Sin Client_Total_Relation (cliente-agencia);;;sin_sugerencia;
6188;PV240168;18;BMW;5128;4;Liberado;MOTOS NUEVOS;1;Sin Client_Total_Relation (cliente-agencia);;;sin_sugerencia;
6208;PV240180;18;BMW;5143;4;Liberado;MOTOS NUEVOS;1;Sin Client_Total_Relation (cliente-agencia);;;sin_sugerencia;
6210;PV240181;18;BMW;5144;4;Liberado;MOTOS NUEVOS;1;Sin Client_Total_Relation (cliente-agencia);;;sin_sugerencia;
6282;PV240193;18;BMW;5191;3;Liberación;MOTOS NUEVOS;1;Sin Client_Total_Relation (cliente-agencia);;;sin_sugerencia;
6709;PV240196;18;BMW;5559;1;Integración;MOTOS NUEVOS;1;Sin Client_Total_Relation (cliente-agencia);;;sin_sugerencia;
6327;PV240197;18;BMW;5233;4;Liberado;MOTOS NUEVOS;1;Sin Client_Total_Relation (cliente-agencia);;;sin_sugerencia;
6371;PV240199;18;BMW;5277;4;Liberado;MOTOS NUEVOS;1;Sin Client_Total_Relation (cliente-agencia);;;sin_sugerencia;
6528;PV240200;18;BMW;5273;4;Liberado;MOTOS NUEVOS;1;Sin Client_Total_Relation (cliente-agencia);;;sin_sugerencia;
6292;PV240201;18;BMW;5209;4;Liberado;MOTOS NUEVOS;1;Sin Client_Total_Relation (cliente-agencia);;;sin_sugerencia;
6322;PV240205;18;BMW;5228;4;Liberado;MOTOS NUEVOS;1;Sin Client_Total_Relation (cliente-agencia);;;sin_sugerencia;
6335;PV240216;18;BMW;5242;4;Liberado;MOTOS NUEVOS;1;Sin Client_Total_Relation (cliente-agencia);;;sin_sugerencia;
6377;PV240218;18;BMW;5281;4;Liberado;MOTOS NUEVOS;1;Sin Client_Total_Relation (cliente-agencia);;;sin_sugerencia;
6414;PV240233;18;BMW;5312;4;Liberado;MOTOS NUEVOS;1;Sin Client_Total_Relation (cliente-agencia);;;sin_sugerencia;
6489;PV240237;18;BMW;5374;4;Liberado;MOTOS NUEVOS;1;Sin Client_Total_Relation (cliente-agencia);;;sin_sugerencia;
6501;PV240250;18;BMW;5366;4;Liberado;MOTOS NUEVOS;1;Sin Client_Total_Relation (cliente-agencia);;;sin_sugerencia;
6509;PV240252;18;BMW;2808;1;Integración;AUTOS NUEVOS;1;Sin Client_Total_Relation (cliente-agencia);;;sin_sugerencia;
6522;PV240254;18;BMW;5407;4;Liberado;MOTOS NUEVOS;1;Sin Client_Total_Relation (cliente-agencia);;;sin_sugerencia;
6579;PV240259;18;BMW;5446;4;Liberado;MOTOS NUEVOS;1;Sin Client_Total_Relation (cliente-agencia);;;sin_sugerencia;
6536;PV240260;18;BMW;5417;4;Liberado;MOTOS NUEVOS;1;Sin Client_Total_Relation (cliente-agencia);;;sin_sugerencia;
6535;PV240262;18;BMW;3020;1;Integración;AUTOS NUEVOS;1;Sin Client_Total_Relation (cliente-agencia);;;sin_sugerencia;
6535;PV240262;18;BMW;3020;1;Integración;AUTOS NUEVOS;1;Sin Client_Total_Relation (cliente-agencia);;;sin_sugerencia;
6583;PV240263;18;BMW;5456;4;Liberado;MOTOS NUEVOS;1;Sin Client_Total_Relation (cliente-agencia);;;sin_sugerencia;
7059;PV240264;18;BMW;3020;2;Liquidación;AUTOS NUEVOS;1;Sin Client_Total_Relation (cliente-agencia);;;sin_sugerencia;
7059;PV240264;18;BMW;3020;2;Liquidación;AUTOS NUEVOS;1;Sin Client_Total_Relation (cliente-agencia);;;sin_sugerencia;
6700;PV240265;18;BMW;5550;4;Liberado;MOTOS NUEVOS;1;Sin Client_Total_Relation (cliente-agencia);;;sin_sugerencia;
6667;PV240267;18;BMW;5527;4;Liberado;MOTOS NUEVOS;1;Sin Client_Total_Relation (cliente-agencia);;;sin_sugerencia;
6706;PV240276;18;BMW;5556;4;Liberado;MOTOS NUEVOS;1;Sin Client_Total_Relation (cliente-agencia);;;sin_sugerencia;
6622;PV240279;18;BMW;5486;3;Liberación;MOTOS NUEVOS;1;Sin Client_Total_Relation (cliente-agencia);;;sin_sugerencia;
6625;PV240288;18;BMW;5489;4;Liberado;MOTOS NUEVOS;1;Sin Client_Total_Relation (cliente-agencia);;;sin_sugerencia;
10515;PV240291;18;BMW;3020;1;Integración;AUTOS NUEVOS;1;Sin Client_Total_Relation (cliente-agencia);;;sin_sugerencia;
10515;PV240291;18;BMW;3020;1;Integración;AUTOS NUEVOS;1;Sin Client_Total_Relation (cliente-agencia);;;sin_sugerencia;
6680;PV240293;18;BMW;3020;2;Liquidación;AUTOS NUEVOS;1;Sin Client_Total_Relation (cliente-agencia);;;sin_sugerencia;
6680;PV240293;18;BMW;3020;2;Liquidación;AUTOS NUEVOS;1;Sin Client_Total_Relation (cliente-agencia);;;sin_sugerencia;
6677;PV240296;18;BMW;5533;4;Liberado;MOTOS NUEVOS;1;Sin Client_Total_Relation (cliente-agencia);;;sin_sugerencia;
6728;PV240305;18;BMW;5575;4;Liberado;MOTOS NUEVOS;1;Sin Client_Total_Relation (cliente-agencia);;;sin_sugerencia;
6742;PV240313;18;BMW;3680;4;Liberado;MOTOS NUEVOS;1;Sin Client_Total_Relation (cliente-agencia);;;sin_sugerencia;
6741;PV240319;18;BMW;5588;4;Liberado;MOTOS NUEVOS;1;Sin Client_Total_Relation (cliente-agencia);;;sin_sugerencia;
6835;PV240328;18;BMW;5666;4;Liberado;MOTOS NUEVOS;1;Sin Client_Total_Relation (cliente-agencia);;;sin_sugerencia;
6842;PV240331;18;BMW;3020;1;Integración;AUTOS NUEVOS;1;Sin Client_Total_Relation (cliente-agencia);;;sin_sugerencia;
6842;PV240331;18;BMW;3020;1;Integración;AUTOS NUEVOS;1;Sin Client_Total_Relation (cliente-agencia);;;sin_sugerencia;
6880;PV240363;18;BMW;5692;4;Liberado;MOTOS NUEVOS;1;Sin Client_Total_Relation (cliente-agencia);;;sin_sugerencia;
7532;PV240366;18;BMW;5696;3;Liberación;AUTOS NUEVOS;1;Sin Client_Total_Relation (cliente-agencia);5694;REYNA ESTHELA LUNA HUERTA;otro_File_mismo_pedido;
6894;PV240369;18;BMW;3020;2;Liquidación;AUTOS NUEVOS;1;Sin Client_Total_Relation (cliente-agencia);;;sin_sugerencia;
6894;PV240369;18;BMW;3020;2;Liquidación;AUTOS NUEVOS;1;Sin Client_Total_Relation (cliente-agencia);;;sin_sugerencia;
6931;PV240376;18;BMW;5737;4;Liberado;MOTOS NUEVOS;1;Sin Client_Total_Relation (cliente-agencia);;;sin_sugerencia;
6990;PV240377;18;BMW;5789;3;Liberación;MOTOS NUEVOS;1;Sin Client_Total_Relation (cliente-agencia);;;sin_sugerencia;
6942;PV240378;18;BMW;5746;2;Liquidación;MOTOS NUEVOS;1;Sin Client_Total_Relation (cliente-agencia);;;sin_sugerencia;
6951;PV240385;18;BMW;5752;1;Integración;MOTOS NUEVOS;1;Sin Client_Total_Relation (cliente-agencia);;;sin_sugerencia;
7099;PV240391;18;BMW;5875;4;Liberado;MOTOS NUEVOS;1;Sin Client_Total_Relation (cliente-agencia);;;sin_sugerencia;
7019;PV240393;18;BMW;5811;4;Liberado;MOTOS NUEVOS;1;Sin Client_Total_Relation (cliente-agencia);;;sin_sugerencia;
7034;PV240402;18;BMW;5824;4;Liberado;MOTOS NUEVOS;1;Sin Client_Total_Relation (cliente-agencia);;;sin_sugerencia;
7029;PV240404;18;BMW;5820;4;Liberado;MOTOS NUEVOS;1;Sin Client_Total_Relation (cliente-agencia);;;sin_sugerencia;
7061;PV240410;18;BMW;5843;4;Liberado;MOTOS NUEVOS;1;Sin Client_Total_Relation (cliente-agencia);;;sin_sugerencia;
7265;PV240411;18;BMW;5851;4;Liberado;MOTOS NUEVOS;1;Sin Client_Total_Relation (cliente-agencia);;;sin_sugerencia;
7123;PV240415;18;BMW;5899;4;Liberado;MOTOS NUEVOS;1;Sin Client_Total_Relation (cliente-agencia);;;sin_sugerencia;
7086;PV240420;18;BMW;5866;4;Liberado;MOTOS NUEVOS;1;Sin Client_Total_Relation (cliente-agencia);;;sin_sugerencia;
7101;PV240422;18;BMW;5881;4;Liberado;MOTOS NUEVOS;1;Sin Client_Total_Relation (cliente-agencia);;;sin_sugerencia;
7117;PV240427;18;BMW;5895;4;Liberado;MOTOS NUEVOS;1;Sin Client_Total_Relation (cliente-agencia);;;sin_sugerencia;
7134;PV240429;18;BMW;5906;4;Liberado;MOTOS NUEVOS;1;Sin Client_Total_Relation (cliente-agencia);;;sin_sugerencia;
7132;PV240432;18;BMW;3020;2;Liquidación;AUTOS NUEVOS;1;Sin Client_Total_Relation (cliente-agencia);;;sin_sugerencia;
7132;PV240432;18;BMW;3020;2;Liquidación;AUTOS NUEVOS;1;Sin Client_Total_Relation (cliente-agencia);;;sin_sugerencia;
7142;PV240433;18;BMW;5913;4;Liberado;MOTOS NUEVOS;1;Sin Client_Total_Relation (cliente-agencia);;;sin_sugerencia;
7637;PV240435;18;BMW;6293;4;Liberado;MOTOS NUEVOS;1;Sin Client_Total_Relation (cliente-agencia);;;sin_sugerencia;
7160;PV240440;18;BMW;2808;1;Integración;AUTOS NUEVOS;1;Sin Client_Total_Relation (cliente-agencia);;;sin_sugerencia;
7209;PV240452;18;BMW;5969;1;Integración;MOTOS NUEVOS;1;Sin Client_Total_Relation (cliente-agencia);;;sin_sugerencia;
7212;PV240453;18;BMW;5972;4;Liberado;MOTOS NUEVOS;1;Sin Client_Total_Relation (cliente-agencia);;;sin_sugerencia;
7432;PV240460;18;BMW;6128;4;Liberado;MOTOS NUEVOS;1;Sin Client_Total_Relation (cliente-agencia);;;sin_sugerencia;
7379;PV240470;18;BMW;5752;1;Integración;MOTOS NUEVOS;1;Sin Client_Total_Relation (cliente-agencia);;;sin_sugerencia;
7442;PV240471;18;BMW;6134;4;Liberado;MOTOS NUEVOS;1;Sin Client_Total_Relation (cliente-agencia);;;sin_sugerencia;
7354;PV240474;18;BMW;6077;4;Liberado;MOTOS NUEVOS;1;Sin Client_Total_Relation (cliente-agencia);;;sin_sugerencia;
7401;PV240479;18;BMW;6113;4;Liberado;MOTOS NUEVOS;1;Sin Client_Total_Relation (cliente-agencia);;;sin_sugerencia;
7447;PV240487;18;BMW;2808;2;Liquidación;AUTOS NUEVOS;1;Sin Client_Total_Relation (cliente-agencia);;;sin_sugerencia;
7472;PV240488;18;BMW;6156;4;Liberado;MOTOS NUEVOS;1;Sin Client_Total_Relation (cliente-agencia);;;sin_sugerencia;
7460;PV240489;18;BMW;6149;4;Liberado;MOTOS NUEVOS;1;Sin Client_Total_Relation (cliente-agencia);;;sin_sugerencia;
7470;PV240492;18;BMW;6152;3;Liberación;MOTOS NUEVOS;1;Sin Client_Total_Relation (cliente-agencia);;;sin_sugerencia;
7484;PV240501;18;BMW;6167;4;Liberado;MOTOS NUEVOS;1;Sin Client_Total_Relation (cliente-agencia);;;sin_sugerencia;
7594;PV240515;18;BMW;6254;4;Liberado;MOTOS NUEVOS;1;Sin Client_Total_Relation (cliente-agencia);;;sin_sugerencia;
7588;PV240521;18;BMW;5575;4;Liberado;MOTOS NUEVOS;1;Sin Client_Total_Relation (cliente-agencia);;;sin_sugerencia;
7558;PV240523;18;BMW;6225;4;Liberado;MOTOS NUEVOS;1;Sin Client_Total_Relation (cliente-agencia);;;sin_sugerencia;
7625;PV240532;18;BMW;3020;1;Integración;AUTOS NUEVOS;1;Sin Client_Total_Relation (cliente-agencia);;;sin_sugerencia;
7625;PV240532;18;BMW;3020;1;Integración;AUTOS NUEVOS;1;Sin Client_Total_Relation (cliente-agencia);;;sin_sugerencia;
7691;PV240541;18;BMW;6337;3;Liberación;MOTOS NUEVOS;1;Sin Client_Total_Relation (cliente-agencia);;;sin_sugerencia;
7663;PV240546;18;BMW;6315;4;Liberado;MOTOS NUEVOS;1;Sin Client_Total_Relation (cliente-agencia);;;sin_sugerencia;
7686;PV240547;18;BMW;6334;4;Liberado;MOTOS NUEVOS;1;Sin Client_Total_Relation (cliente-agencia);;;sin_sugerencia;
7715;PV240561;18;BMW;6361;1;Integración;MOTOS NUEVOS;1;Sin Client_Total_Relation (cliente-agencia);;;sin_sugerencia;
7778;PV240567;18;BMW;6415;4;Liberado;MOTOS NUEVOS;1;Sin Client_Total_Relation (cliente-agencia);;;sin_sugerencia;
7803;PV240570;18;BMW;6438;4;Liberado;MOTOS NUEVOS;1;Sin Client_Total_Relation (cliente-agencia);;;sin_sugerencia;
8599;PV240576;18;BMW;7086;4;Liberado;MOTOS NUEVOS;1;Sin Client_Total_Relation (cliente-agencia);;;sin_sugerencia;
7827;PV240578;18;BMW;6458;2;Liquidación;MOTOS NUEVOS;1;Sin Client_Total_Relation (cliente-agencia);;;sin_sugerencia;
7909;PV240593;18;BMW;6507;4;Liberado;MOTOS NUEVOS;1;Sin Client_Total_Relation (cliente-agencia);;;sin_sugerencia;
7892;PV240596;18;BMW;6496;4;Liberado;MOTOS NUEVOS;1;Sin Client_Total_Relation (cliente-agencia);;;sin_sugerencia;
7980;PV240602;18;BMW;6574;4;Liberado;MOTOS NUEVOS;1;Sin Client_Total_Relation (cliente-agencia);;;sin_sugerencia;
8005;PV240609;18;BMW;6590;3;Liberación;MOTOS NUEVOS;1;Sin Client_Total_Relation (cliente-agencia);;;sin_sugerencia;
8019;PV240618;18;BMW;3020;4;Liberado;AUTOS NUEVOS;1;Sin Client_Total_Relation (cliente-agencia);;;sin_sugerencia;
8019;PV240618;18;BMW;3020;4;Liberado;AUTOS NUEVOS;1;Sin Client_Total_Relation (cliente-agencia);;;sin_sugerencia;
8012;PV240620;18;BMW;6492;4;Liberado;MOTOS NUEVOS;1;Sin Client_Total_Relation (cliente-agencia);;;sin_sugerencia;
8027;PV240623;18;BMW;6608;4;Liberado;MOTOS NUEVOS;1;Sin Client_Total_Relation (cliente-agencia);;;sin_sugerencia;
8070;PV240625;18;BMW;6646;4;Liberado;MOTOS NUEVOS;1;Sin Client_Total_Relation (cliente-agencia);;;sin_sugerencia;
8071;PV240632;18;BMW;6647;4;Liberado;MOTOS NUEVOS;1;Sin Client_Total_Relation (cliente-agencia);;;sin_sugerencia;
8090;PV240634;18;BMW;6663;4;Liberado;MOTOS NUEVOS;1;Sin Client_Total_Relation (cliente-agencia);;;sin_sugerencia;
8093;PV240640;18;BMW;6666;4;Liberado;MOTOS NUEVOS;1;Sin Client_Total_Relation (cliente-agencia);;;sin_sugerencia;
8101;PV240642;18;BMW;3020;2;Liquidación;AUTOS NUEVOS;1;Sin Client_Total_Relation (cliente-agencia);;;sin_sugerencia;
8101;PV240642;18;BMW;3020;2;Liquidación;AUTOS NUEVOS;1;Sin Client_Total_Relation (cliente-agencia);;;sin_sugerencia;
8117;PV240645;18;BMW;6687;4;Liberado;MOTOS NUEVOS;1;Sin Client_Total_Relation (cliente-agencia);;;sin_sugerencia;
8114;PV240646;18;BMW;6684;4;Liberado;MOTOS NUEVOS;1;Sin Client_Total_Relation (cliente-agencia);;;sin_sugerencia;
8137;PV240650;18;BMW;6699;4;Liberado;MOTOS NUEVOS;1;Sin Client_Total_Relation (cliente-agencia);;;sin_sugerencia;
8109;PV240651;18;BMW;6680;4;Liberado;MOTOS NUEVOS;1;Sin Client_Total_Relation (cliente-agencia);;;sin_sugerencia;
8138;PV240657;18;BMW;2808;2;Liquidación;AUTOS NUEVOS;1;Sin Client_Total_Relation (cliente-agencia);;;sin_sugerencia;
8159;PV240659;18;BMW;6711;1;Integración;MOTOS NUEVOS;1;Sin Client_Total_Relation (cliente-agencia);;;sin_sugerencia;
8151;PV240664;18;BMW;3020;2;Liquidación;AUTOS NUEVOS;1;Sin Client_Total_Relation (cliente-agencia);;;sin_sugerencia;
8151;PV240664;18;BMW;3020;2;Liquidación;AUTOS NUEVOS;1;Sin Client_Total_Relation (cliente-agencia);;;sin_sugerencia;
8152;PV240667;18;BMW;4885;1;Integración;MOTOS NUEVOS;1;Sin Client_Total_Relation (cliente-agencia);;;sin_sugerencia;
8238;PV240683;18;BMW;6776;4;Liberado;MOTOS NUEVOS;1;Sin Client_Total_Relation (cliente-agencia);;;sin_sugerencia;
8237;PV240695;18;BMW;6775;4;Liberado;MOTOS NUEVOS;1;Sin Client_Total_Relation (cliente-agencia);;;sin_sugerencia;
8304;PV240696;18;BMW;6342;4;Liberado;MOTOS NUEVOS;1;Sin Client_Total_Relation (cliente-agencia);;;sin_sugerencia;
8525;PV240697;18;BMW;7030;4;Liberado;MOTOS NUEVOS;1;Sin Client_Total_Relation (cliente-agencia);;;sin_sugerencia;
8295;PV240707;18;BMW;6655;1;Integración;AUTOS NUEVOS;1;Sin Client_Total_Relation (cliente-agencia);;;sin_sugerencia;
8352;PV240709;18;BMW;6879;4;Liberado;MOTOS NUEVOS;1;Sin Client_Total_Relation (cliente-agencia);;;sin_sugerencia;
8724;PV240713;18;BMW;7187;4;Liberado;MOTOS NUEVOS;1;Sin Client_Total_Relation (cliente-agencia);;;sin_sugerencia;
8400;PV240719;18;BMW;6924;4;Liberado;MOTOS NUEVOS;1;Sin Client_Total_Relation (cliente-agencia);;;sin_sugerencia;
8520;PV240723;18;BMW;7024;4;Liberado;MOTOS NUEVOS;1;Sin Client_Total_Relation (cliente-agencia);;;sin_sugerencia;
8468;PV240730;18;BMW;4158;4;Liberado;MOTOS NUEVOS;1;Sin Client_Total_Relation (cliente-agencia);;;sin_sugerencia;
8513;PV240733;18;BMW;7019;4;Liberado;MOTOS NUEVOS;1;Sin Client_Total_Relation (cliente-agencia);;;sin_sugerencia;
8514;PV240734;18;BMW;7020;4;Liberado;MOTOS NUEVOS;1;Sin Client_Total_Relation (cliente-agencia);;;sin_sugerencia;
8573;PV240739;18;BMW;7060;4;Liberado;MOTOS NUEVOS;1;Sin Client_Total_Relation (cliente-agencia);;;sin_sugerencia;
8574;PV240742;18;BMW;7061;4;Liberado;MOTOS NUEVOS;1;Sin Client_Total_Relation (cliente-agencia);;;sin_sugerencia;
8679;PV240743;18;BMW;7151;4;Liberado;MOTOS NUEVOS;1;Sin Client_Total_Relation (cliente-agencia);;;sin_sugerencia;
8611;PV240746;18;BMW;7097;1;Integración;MOTOS NUEVOS;1;Sin Client_Total_Relation (cliente-agencia);;;sin_sugerencia;
8642;PV240749;18;BMW;7122;4;Liberado;MOTOS NUEVOS;1;Sin Client_Total_Relation (cliente-agencia);;;sin_sugerencia;
8622;PV240751;18;BMW;7097;4;Liberado;MOTOS NUEVOS;1;Sin Client_Total_Relation (cliente-agencia);;;sin_sugerencia;
8678;PV240755;18;BMW;7150;4;Liberado;MOTOS NUEVOS;1;Sin Client_Total_Relation (cliente-agencia);;;sin_sugerencia;
8636;PV240756;18;BMW;7116;4;Liberado;MOTOS NUEVOS;1;Sin Client_Total_Relation (cliente-agencia);;;sin_sugerencia;
8654;PV240760;18;BMW;7134;4;Liberado;MOTOS NUEVOS;1;Sin Client_Total_Relation (cliente-agencia);;;sin_sugerencia;
8726;PV240763;18;BMW;7186;4;Liberado;MOTOS NUEVOS;1;Sin Client_Total_Relation (cliente-agencia);;;sin_sugerencia;
8677;PV240766;18;BMW;5696;3;Liberación;AUTOS NUEVOS;1;Sin Client_Total_Relation (cliente-agencia);;;sin_sugerencia;
8806;PV240775;18;BMW;7258;4;Liberado;MOTOS NUEVOS;1;Sin Client_Total_Relation (cliente-agencia);;;sin_sugerencia;
8864;PV240776;18;BMW;7307;4;Liberado;MOTOS NUEVOS;1;Sin Client_Total_Relation (cliente-agencia);;;sin_sugerencia;
8875;PV240779;18;BMW;7316;4;Liberado;MOTOS NUEVOS;1;Sin Client_Total_Relation (cliente-agencia);;;sin_sugerencia;
8871;PV240780;18;BMW;7313;4;Liberado;MOTOS NUEVOS;1;Sin Client_Total_Relation (cliente-agencia);;;sin_sugerencia;
8959;PV240784;18;BMW;7395;4;Liberado;MOTOS NUEVOS;1;Sin Client_Total_Relation (cliente-agencia);;;sin_sugerencia;
8957;PV240785;18;BMW;7389;1;Integración;MOTOS NUEVOS;1;Sin Client_Total_Relation (cliente-agencia);;;sin_sugerencia;
9053;PV240786;18;BMW;7471;4;Liberado;MOTOS NUEVOS;1;Sin Client_Total_Relation (cliente-agencia);;;sin_sugerencia;
9140;PV240789;18;BMW;7513;4;Liberado;MOTOS NUEVOS;1;Sin Client_Total_Relation (cliente-agencia);;;sin_sugerencia;
9050;PV240791;18;BMW;7468;4;Liberado;MOTOS NUEVOS;1;Sin Client_Total_Relation (cliente-agencia);;;sin_sugerencia;
9259;PV240792;18;BMW;7611;4;Liberado;MOTOS NUEVOS;1;Sin Client_Total_Relation (cliente-agencia);;;sin_sugerencia;
9121;PV240796;18;BMW;7502;4;Liberado;MOTOS NUEVOS;1;Sin Client_Total_Relation (cliente-agencia);;;sin_sugerencia;
9096;PV240799;18;BMW;7486;4;Liberado;MOTOS NUEVOS;1;Sin Client_Total_Relation (cliente-agencia);;;sin_sugerencia;
9189;PV240815;18;BMW;7555;4;Liberado;MOTOS NUEVOS;1;Sin Client_Total_Relation (cliente-agencia);;;sin_sugerencia;
9120;PV240817;18;BMW;3019;4;Liberado;MOTOS NUEVOS;1;Sin Client_Total_Relation (cliente-agencia);;;sin_sugerencia;
9119;PV240818;18;BMW;3019;4;Liberado;MOTOS NUEVOS;1;Sin Client_Total_Relation (cliente-agencia);;;sin_sugerencia;
9173;PV240821;18;BMW;7543;4;Liberado;MOTOS NUEVOS;1;Sin Client_Total_Relation (cliente-agencia);;;sin_sugerencia;
9176;PV240822;18;BMW;7546;4;Liberado;MOTOS NUEVOS;1;Sin Client_Total_Relation (cliente-agencia);;;sin_sugerencia;
9264;PV240836;18;BMW;7615;4;Liberado;MOTOS NUEVOS;1;Sin Client_Total_Relation (cliente-agencia);;;sin_sugerencia;
9627;PV240838;18;BMW;6156;4;Liberado;MOTOS NUEVOS;1;Sin Client_Total_Relation (cliente-agencia);;;sin_sugerencia;
9190;PV240840;18;BMW;7556;4;Liberado;MOTOS NUEVOS;1;Sin Client_Total_Relation (cliente-agencia);;;sin_sugerencia;
9208;PV240841;18;BMW;7573;4;Liberado;MOTOS NUEVOS;1;Sin Client_Total_Relation (cliente-agencia);;;sin_sugerencia;
9235;PV240845;18;BMW;7594;4;Liberado;MOTOS NUEVOS;1;Sin Client_Total_Relation (cliente-agencia);;;sin_sugerencia;
9234;PV240848;18;BMW;4668;4;Liberado;MOTOS NUEVOS;1;Sin Client_Total_Relation (cliente-agencia);;;sin_sugerencia;
9361;PV240854;18;BMW;7689;4;Liberado;MOTOS NUEVOS;1;Sin Client_Total_Relation (cliente-agencia);;;sin_sugerencia;
9222;PV240859;18;BMW;7583;4;Liberado;MOTOS NUEVOS;1;Sin Client_Total_Relation (cliente-agencia);;;sin_sugerencia;
9489;PV240862;18;BMW;7792;4;Liberado;MOTOS NUEVOS;1;Sin Client_Total_Relation (cliente-agencia);;;sin_sugerencia;
9269;PV240867;18;BMW;7620;4;Liberado;MOTOS NUEVOS;1;Sin Client_Total_Relation (cliente-agencia);;;sin_sugerencia;
9478;PV240880;18;BMW;7785;4;Liberado;MOTOS NUEVOS;1;Sin Client_Total_Relation (cliente-agencia);;;sin_sugerencia;
9446;PV240886;18;BMW;7756;4;Liberado;MOTOS NUEVOS;1;Sin Client_Total_Relation (cliente-agencia);;;sin_sugerencia;
9395;PV240887;18;BMW;7717;4;Liberado;MOTOS NUEVOS;1;Sin Client_Total_Relation (cliente-agencia);;;sin_sugerencia;
9449;PV240894;18;BMW;7759;4;Liberado;MOTOS NUEVOS;1;Sin Client_Total_Relation (cliente-agencia);;;sin_sugerencia;
9471;PV240901;18;BMW;7779;4;Liberado;MOTOS NUEVOS;1;Sin Client_Total_Relation (cliente-agencia);;;sin_sugerencia;
9513;PV240917;18;BMW;7816;4;Liberado;MOTOS NUEVOS;1;Sin Client_Total_Relation (cliente-agencia);;;sin_sugerencia;
9532;PV240918;18;BMW;7833;3;Liberación;MOTOS NUEVOS;1;Sin Client_Total_Relation (cliente-agencia);;;sin_sugerencia;
9636;PV240922;18;BMW;7917;4;Liberado;MOTOS NUEVOS;1;Sin Client_Total_Relation (cliente-agencia);;;sin_sugerencia;
9652;PV240936;18;BMW;3020;3;Liberación;AUTOS NUEVOS;1;Sin Client_Total_Relation (cliente-agencia);;;sin_sugerencia;
9652;PV240936;18;BMW;3020;3;Liberación;AUTOS NUEVOS;1;Sin Client_Total_Relation (cliente-agencia);;;sin_sugerencia;
9565;PV240943;18;BMW;7855;4;Liberado;MOTOS NUEVOS;1;Sin Client_Total_Relation (cliente-agencia);;;sin_sugerencia;
9859;PV240951;18;BMW;8103;3;Liberación;AUTOS NUEVOS;1;Sin Client_Total_Relation (cliente-agencia);;;sin_sugerencia;
9745;PV240954;18;BMW;8010;4;Liberado;MOTOS NUEVOS;1;Sin Client_Total_Relation (cliente-agencia);;;sin_sugerencia;
9625;PV240955;18;BMW;7911;4;Liberado;MOTOS NUEVOS;1;Sin Client_Total_Relation (cliente-agencia);;;sin_sugerencia;
9660;PV240967;18;BMW;7930;4;Liberado;MOTOS NUEVOS;1;Sin Client_Total_Relation (cliente-agencia);;;sin_sugerencia;
9679;PV240977;18;BMW;3020;2;Liquidación;AUTOS NUEVOS;1;Sin Client_Total_Relation (cliente-agencia);;;sin_sugerencia;
9679;PV240977;18;BMW;3020;2;Liquidación;AUTOS NUEVOS;1;Sin Client_Total_Relation (cliente-agencia);;;sin_sugerencia;
9690;PV240986;18;BMW;7961;4;Liberado;MOTOS NUEVOS;1;Sin Client_Total_Relation (cliente-agencia);;;sin_sugerencia;
9691;PV240987;18;BMW;7962;4;Liberado;MOTOS NUEVOS;1;Sin Client_Total_Relation (cliente-agencia);;;sin_sugerencia;
9811;PV240993;18;BMW;8062;4;Liberado;MOTOS NUEVOS;1;Sin Client_Total_Relation (cliente-agencia);;;sin_sugerencia;
9798;PV241000;18;BMW;8051;4;Liberado;MOTOS NUEVOS;1;Sin Client_Total_Relation (cliente-agencia);;;sin_sugerencia;
10577;PV241021;18;BMW;8649;4;Liberado;MOTOS NUEVOS;1;Sin Client_Total_Relation (cliente-agencia);;;sin_sugerencia;
9837;PV241025;18;BMW;6630;1;Integración;AUTOS NUEVOS;1;Sin Client_Total_Relation (cliente-agencia);;;sin_sugerencia;
9898;PV241028;18;BMW;8129;4;Liberado;MOTOS NUEVOS;1;Sin Client_Total_Relation (cliente-agencia);;;sin_sugerencia;
9863;PV241037;18;BMW;3020;2;Liquidación;AUTOS NUEVOS;1;Sin Client_Total_Relation (cliente-agencia);;;sin_sugerencia;
9863;PV241037;18;BMW;3020;2;Liquidación;AUTOS NUEVOS;1;Sin Client_Total_Relation (cliente-agencia);;;sin_sugerencia;
9910;PV241047;18;BMW;8138;4;Liberado;MOTOS NUEVOS;1;Sin Client_Total_Relation (cliente-agencia);;;sin_sugerencia;
9897;PV241049;18;BMW;8128;4;Liberado;MOTOS NUEVOS;1;Sin Client_Total_Relation (cliente-agencia);;;sin_sugerencia;
9939;PV241051;18;BMW;8162;4;Liberado;MOTOS NUEVOS;1;Sin Client_Total_Relation (cliente-agencia);;;sin_sugerencia;
9993;PV241060;18;BMW;8201;4;Liberado;MOTOS NUEVOS;1;Sin Client_Total_Relation (cliente-agencia);;;sin_sugerencia;
9943;PV241061;18;BMW;3020;1;Integración;AUTOS NUEVOS;1;Sin Client_Total_Relation (cliente-agencia);;;sin_sugerencia;
9943;PV241061;18;BMW;3020;1;Integración;AUTOS NUEVOS;1;Sin Client_Total_Relation (cliente-agencia);;;sin_sugerencia;
9990;PV241065;18;BMW;6156;4;Liberado;MOTOS NUEVOS;1;Sin Client_Total_Relation (cliente-agencia);;;sin_sugerencia;
9967;PV241068;18;BMW;5575;4;Liberado;MOTOS NUEVOS;1;Sin Client_Total_Relation (cliente-agencia);;;sin_sugerencia;
10001;PV241075;18;BMW;4219;2;Liquidación;AUTOS NUEVOS;1;Sin Client_Total_Relation (cliente-agencia);;;sin_sugerencia;
10043;PV241081;18;BMW;8238;4;Liberado;MOTOS NUEVOS;1;Sin Client_Total_Relation (cliente-agencia);;;sin_sugerencia;
10044;PV241082;18;BMW;2275;4;Liberado;MOTOS NUEVOS;1;Sin Client_Total_Relation (cliente-agencia);;;sin_sugerencia;
10311;PV241083;18;BMW;8447;4;Liberado;MOTOS NUEVOS;1;Sin Client_Total_Relation (cliente-agencia);;;sin_sugerencia;
10015;PV241084;18;BMW;8216;4;Liberado;MOTOS NUEVOS;1;Sin Client_Total_Relation (cliente-agencia);;;sin_sugerencia;
10017;PV241087;18;BMW;4442;4;Liberado;MOTOS NUEVOS;1;Sin Client_Total_Relation (cliente-agencia);;;sin_sugerencia;
10049;PV241093;18;BMW;8243;4;Liberado;MOTOS NUEVOS;1;Sin Client_Total_Relation (cliente-agencia);;;sin_sugerencia;
10287;PV241102;18;BMW;8427;4;Liberado;MOTOS NUEVOS;1;Sin Client_Total_Relation (cliente-agencia);;;sin_sugerencia;
10068;PV241107;18;BMW;8254;4;Liberado;MOTOS NUEVOS;1;Sin Client_Total_Relation (cliente-agencia);;;sin_sugerencia;
10064;PV241109;18;BMW;2807;4;Liberado;MOTOS NUEVOS;1;Sin Client_Total_Relation (cliente-agencia);;;sin_sugerencia;
10123;PV241126;18;BMW;8296;4;Liberado;MOTOS NUEVOS;1;Sin Client_Total_Relation (cliente-agencia);;;sin_sugerencia;
10517;PV241127;18;BMW;8603;4;Liberado;MOTOS NUEVOS;1;Sin Client_Total_Relation (cliente-agencia);;;sin_sugerencia;
10143;PV241135;18;BMW;8308;4;Liberado;MOTOS NUEVOS;1;Sin Client_Total_Relation (cliente-agencia);;;sin_sugerencia;
10201;PV241136;18;BMW;8357;4;Liberado;MOTOS NUEVOS;1;Sin Client_Total_Relation (cliente-agencia);;;sin_sugerencia;
10210;PV241137;18;BMW;8360;4;Liberado;MOTOS NUEVOS;1;Sin Client_Total_Relation (cliente-agencia);;;sin_sugerencia;
10152;PV241143;18;BMW;3020;3;Liberación;AUTOS NUEVOS;1;Sin Client_Total_Relation (cliente-agencia);;;sin_sugerencia;
10152;PV241143;18;BMW;3020;3;Liberación;AUTOS NUEVOS;1;Sin Client_Total_Relation (cliente-agencia);;;sin_sugerencia;
10257;PV241145;18;BMW;8402;4;Liberado;MOTOS NUEVOS;1;Sin Client_Total_Relation (cliente-agencia);;;sin_sugerencia;
10166;PV241148;18;BMW;3020;1;Integración;AUTOS NUEVOS;1;Sin Client_Total_Relation (cliente-agencia);;;sin_sugerencia;
10166;PV241148;18;BMW;3020;1;Integración;AUTOS NUEVOS;1;Sin Client_Total_Relation (cliente-agencia);;;sin_sugerencia;
10365;PV241150;18;BMW;8491;4;Liberado;MOTOS NUEVOS;1;Sin Client_Total_Relation (cliente-agencia);;;sin_sugerencia;
10200;PV241154;18;BMW;8356;4;Liberado;MOTOS NUEVOS;1;Sin Client_Total_Relation (cliente-agencia);;;sin_sugerencia;
10196;PV241155;18;BMW;8353;4;Liberado;MOTOS NUEVOS;1;Sin Client_Total_Relation (cliente-agencia);;;sin_sugerencia;
10199;PV241158;18;BMW;3020;1;Integración;AUTOS NUEVOS;1;Sin Client_Total_Relation (cliente-agencia);;;sin_sugerencia;
10199;PV241158;18;BMW;3020;1;Integración;AUTOS NUEVOS;1;Sin Client_Total_Relation (cliente-agencia);;;sin_sugerencia;
10211;PV241160;18;BMW;8361;4;Liberado;MOTOS NUEVOS;1;Sin Client_Total_Relation (cliente-agencia);;;sin_sugerencia;
10247;PV241162;18;BMW;8393;4;Liberado;MOTOS NUEVOS;1;Sin Client_Total_Relation (cliente-agencia);;;sin_sugerencia;
10248;PV241171;18;BMW;8394;4;Liberado;MOTOS NUEVOS;1;Sin Client_Total_Relation (cliente-agencia);;;sin_sugerencia;
10229;PV241172;18;BMW;8377;4;Liberado;MOTOS NUEVOS;1;Sin Client_Total_Relation (cliente-agencia);;;sin_sugerencia;
10234;PV241174;18;BMW;8383;4;Liberado;MOTOS NUEVOS;1;Sin Client_Total_Relation (cliente-agencia);;;sin_sugerencia;
10385;PV241180;18;BMW;8509;1;Integración;AUTOS NUEVOS;1;Sin Client_Total_Relation (cliente-agencia);;;sin_sugerencia;
10295;PV241181;18;BMW;2646;4;Liberado;MOTOS NUEVOS;1;Sin Client_Total_Relation (cliente-agencia);;;sin_sugerencia;
10286;PV241187;18;BMW;8426;1;Integración;MOTOS NUEVOS;1;Sin Client_Total_Relation (cliente-agencia);;;sin_sugerencia;
10399;PV241195;18;BMW;5666;4;Liberado;MOTOS NUEVOS;1;Sin Client_Total_Relation (cliente-agencia);;;sin_sugerencia;
10428;PV241198;18;BMW;8533;4;Liberado;MOTOS NUEVOS;1;Sin Client_Total_Relation (cliente-agencia);;;sin_sugerencia;
10376;PV241204;18;BMW;5737;4;Liberado;MOTOS NUEVOS;1;Sin Client_Total_Relation (cliente-agencia);;;sin_sugerencia;
10697;PV241205;18;BMW;8746;4;Liberado;MOTOS NUEVOS;1;Sin Client_Total_Relation (cliente-agencia);;;sin_sugerencia;
10433;PV241206;18;BMW;8537;4;Liberado;MOTOS NUEVOS;1;Sin Client_Total_Relation (cliente-agencia);;;sin_sugerencia;
10452;PV241217;18;BMW;8552;4;Liberado;MOTOS NUEVOS;1;Sin Client_Total_Relation (cliente-agencia);;;sin_sugerencia;
10460;PV241219;18;BMW;8559;4;Liberado;MOTOS NUEVOS;1;Sin Client_Total_Relation (cliente-agencia);;;sin_sugerencia;
10476;PV241226;18;BMW;4219;1;Integración;AUTOS NUEVOS;1;Sin Client_Total_Relation (cliente-agencia);;;sin_sugerencia;
10555;PV241234;18;BMW;8631;4;Liberado;MOTOS NUEVOS;1;Sin Client_Total_Relation (cliente-agencia);;;sin_sugerencia;
10583;PV241244;18;BMW;4219;1;Integración;AUTOS NUEVOS;1;Sin Client_Total_Relation (cliente-agencia);;;sin_sugerencia;
10714;PV241246;18;BMW;4239;1;Integración;AUTOS NUEVOS;1;Sin Client_Total_Relation (cliente-agencia);;;sin_sugerencia;
10616;PV241264;18;BMW;8678;4;Liberado;MOTOS NUEVOS;1;Sin Client_Total_Relation (cliente-agencia);;;sin_sugerencia;
10622;PV241270;18;BMW;8687;4;Liberado;MOTOS NUEVOS;1;Sin Client_Total_Relation (cliente-agencia);;;sin_sugerencia;
10651;PV241271;18;BMW;8711;4;Liberado;MOTOS NUEVOS;1;Sin Client_Total_Relation (cliente-agencia);;;sin_sugerencia;
10654;PV241272;18;BMW;8714;4;Liberado;MOTOS NUEVOS;1;Sin Client_Total_Relation (cliente-agencia);;;sin_sugerencia;
10656;PV241275;18;BMW;4219;1;Integración;AUTOS NUEVOS;1;Sin Client_Total_Relation (cliente-agencia);;;sin_sugerencia;
11075;PV241278;18;BMW;9039;4;Liberado;MOTOS NUEVOS;1;Sin Client_Total_Relation (cliente-agencia);;;sin_sugerencia;
10687;PV241284;18;BMW;8738;4;Liberado;MOTOS NUEVOS;1;Sin Client_Total_Relation (cliente-agencia);;;sin_sugerencia;
10707;PV241293;18;BMW;8752;4;Liberado;MOTOS NUEVOS;1;Sin Client_Total_Relation (cliente-agencia);;;sin_sugerencia;
10719;PV241297;18;BMW;8760;4;Liberado;MOTOS NUEVOS;1;Sin Client_Total_Relation (cliente-agencia);;;sin_sugerencia;
10843;PV241299;18;BMW;8757;4;Liberado;MOTOS NUEVOS;1;Sin Client_Total_Relation (cliente-agencia);;;sin_sugerencia;
10765;PV241302;18;BMW;8793;4;Liberado;MOTOS NUEVOS;1;Sin Client_Total_Relation (cliente-agencia);;;sin_sugerencia;
10726;PV241306;18;BMW;8767;4;Liberado;MOTOS NUEVOS;1;Sin Client_Total_Relation (cliente-agencia);;;sin_sugerencia;
10734;PV241315;18;BMW;8757;4;Liberado;MOTOS NUEVOS;1;Sin Client_Total_Relation (cliente-agencia);;;sin_sugerencia;
10749;PV241321;18;BMW;8782;4;Liberado;MOTOS NUEVOS;1;Sin Client_Total_Relation (cliente-agencia);;;sin_sugerencia;
10766;PV241329;18;BMW;8794;4;Liberado;MOTOS NUEVOS;1;Sin Client_Total_Relation (cliente-agencia);;;sin_sugerencia;
10809;PV241336;18;BMW;3020;1;Integración;AUTOS NUEVOS;1;Sin Client_Total_Relation (cliente-agencia);;;sin_sugerencia;
10809;PV241336;18;BMW;3020;1;Integración;AUTOS NUEVOS;1;Sin Client_Total_Relation (cliente-agencia);;;sin_sugerencia;
10812;PV241337;18;BMW;8831;1;Integración;MOTOS NUEVOS;1;Sin Client_Total_Relation (cliente-agencia);;;sin_sugerencia;
10811;PV241338;18;BMW;8830;4;Liberado;MOTOS NUEVOS;1;Sin Client_Total_Relation (cliente-agencia);;;sin_sugerencia;
10846;PV241342;18;BMW;8858;4;Liberado;MOTOS NUEVOS;1;Sin Client_Total_Relation (cliente-agencia);;;sin_sugerencia;
10845;PV241343;18;BMW;8757;4;Liberado;MOTOS NUEVOS;1;Sin Client_Total_Relation (cliente-agencia);;;sin_sugerencia;
10906;PV241358;18;BMW;8902;4;Liberado;MOTOS NUEVOS;1;Sin Client_Total_Relation (cliente-agencia);;;sin_sugerencia;
10946;PV241359;18;BMW;8931;4;Liberado;MOTOS NUEVOS;1;Sin Client_Total_Relation (cliente-agencia);;;sin_sugerencia;
11044;PV241360;18;BMW;9010;4;Liberado;MOTOS NUEVOS;1;Sin Client_Total_Relation (cliente-agencia);;;sin_sugerencia;
10937;PV241363;18;BMW;3020;1;Integración;AUTOS NUEVOS;1;Sin Client_Total_Relation (cliente-agencia);;;sin_sugerencia;
10937;PV241363;18;BMW;3020;1;Integración;AUTOS NUEVOS;1;Sin Client_Total_Relation (cliente-agencia);;;sin_sugerencia;
10968;PV241374;18;BMW;8903;4;Liberado;MOTOS NUEVOS;1;Sin Client_Total_Relation (cliente-agencia);;;sin_sugerencia;
10989;PV241377;18;BMW;8965;4;Liberado;MOTOS NUEVOS;1;Sin Client_Total_Relation (cliente-agencia);;;sin_sugerencia;
10985;PV241378;18;BMW;8961;4;Liberado;MOTOS NUEVOS;1;Sin Client_Total_Relation (cliente-agencia);;;sin_sugerencia;
11081;PV241388;18;BMW;9045;4;Liberado;MOTOS NUEVOS;1;Sin Client_Total_Relation (cliente-agencia);;;sin_sugerencia;
11026;PV241389;18;BMW;8996;4;Liberado;MOTOS NUEVOS;1;Sin Client_Total_Relation (cliente-agencia);;;sin_sugerencia;
11053;PV241395;18;BMW;9018;4;Liberado;MOTOS NUEVOS;1;Sin Client_Total_Relation (cliente-agencia);;;sin_sugerencia;
11491;PV241403;18;BMW;9377;4;Liberado;MOTOS NUEVOS;1;Sin Client_Total_Relation (cliente-agencia);;;sin_sugerencia;
11083;PV241416;18;BMW;9046;4;Liberado;MOTOS NUEVOS;1;Sin Client_Total_Relation (cliente-agencia);;;sin_sugerencia;
11082;PV241417;18;BMW;9046;4;Liberado;MOTOS NUEVOS;1;Sin Client_Total_Relation (cliente-agencia);;;sin_sugerencia;
11105;PV241421;18;BMW;8552;1;Integración;MOTOS NUEVOS;1;Sin Client_Total_Relation (cliente-agencia);;;sin_sugerencia;
11124;PV241423;18;BMW;9083;4;Liberado;MOTOS NUEVOS;1;Sin Client_Total_Relation (cliente-agencia);;;sin_sugerencia;
11336;PV241426;18;BMW;9247;4;Liberado;MOTOS NUEVOS;1;Sin Client_Total_Relation (cliente-agencia);;;sin_sugerencia;
11142;PV241428;18;BMW;9101;4;Liberado;MOTOS NUEVOS;1;Sin Client_Total_Relation (cliente-agencia);;;sin_sugerencia;
11143;PV241429;18;BMW;9102;4;Liberado;MOTOS NUEVOS;1;Sin Client_Total_Relation (cliente-agencia);;;sin_sugerencia;
11138;PV241432;18;BMW;9097;4;Liberado;MOTOS NUEVOS;1;Sin Client_Total_Relation (cliente-agencia);;;sin_sugerencia;
11461;PV241433;18;BMW;9350;4;Liberado;MOTOS NUEVOS;1;Sin Client_Total_Relation (cliente-agencia);;;sin_sugerencia;
11262;PV241437;18;BMW;9206;3;Liberación;MOTOS NUEVOS;1;Sin Client_Total_Relation (cliente-agencia);;;sin_sugerencia;
11205;PV241442;18;BMW;9156;4;Liberado;MOTOS NUEVOS;1;Sin Client_Total_Relation (cliente-agencia);;;sin_sugerencia;
11216;PV241443;18;BMW;9164;4;Liberado;MOTOS NUEVOS;1;Sin Client_Total_Relation (cliente-agencia);;;sin_sugerencia;
11215;PV241449;18;BMW;9163;3;Liberación;MOTOS NUEVOS;1;Sin Client_Total_Relation (cliente-agencia);;;sin_sugerencia;
11299;PV241451;18;BMW;9218;1;Integración;MOTOS NUEVOS;1;Sin Client_Total_Relation (cliente-agencia);;;sin_sugerencia;
11270;PV241455;18;BMW;2063;3;Liberación;AUTOS NUEVOS;1;Sin Client_Total_Relation (cliente-agencia);;;sin_sugerencia;
11268;PV241456;18;BMW;3020;1;Integración;AUTOS NUEVOS;1;Sin Client_Total_Relation (cliente-agencia);;;sin_sugerencia;
11268;PV241456;18;BMW;3020;1;Integración;AUTOS NUEVOS;1;Sin Client_Total_Relation (cliente-agencia);;;sin_sugerencia;
11267;PV241457;18;BMW;3020;1;Integración;AUTOS NUEVOS;1;Sin Client_Total_Relation (cliente-agencia);;;sin_sugerencia;
11267;PV241457;18;BMW;3020;1;Integración;AUTOS NUEVOS;1;Sin Client_Total_Relation (cliente-agencia);;;sin_sugerencia;
11269;PV241458;18;BMW;3020;1;Integración;AUTOS NUEVOS;1;Sin Client_Total_Relation (cliente-agencia);;;sin_sugerencia;
11269;PV241458;18;BMW;3020;1;Integración;AUTOS NUEVOS;1;Sin Client_Total_Relation (cliente-agencia);;;sin_sugerencia;
11271;PV241459;18;BMW;3020;1;Integración;AUTOS NUEVOS;1;Sin Client_Total_Relation (cliente-agencia);;;sin_sugerencia;
11271;PV241459;18;BMW;3020;1;Integración;AUTOS NUEVOS;1;Sin Client_Total_Relation (cliente-agencia);;;sin_sugerencia;
11272;PV241460;18;BMW;3020;1;Integración;AUTOS NUEVOS;1;Sin Client_Total_Relation (cliente-agencia);;;sin_sugerencia;
11272;PV241460;18;BMW;3020;1;Integración;AUTOS NUEVOS;1;Sin Client_Total_Relation (cliente-agencia);;;sin_sugerencia;
11273;PV241461;18;BMW;3020;1;Integración;AUTOS NUEVOS;1;Sin Client_Total_Relation (cliente-agencia);;;sin_sugerencia;
11273;PV241461;18;BMW;3020;1;Integración;AUTOS NUEVOS;1;Sin Client_Total_Relation (cliente-agencia);;;sin_sugerencia;
11276;PV241463;18;BMW;9212;4;Liberado;MOTOS NUEVOS;1;Sin Client_Total_Relation (cliente-agencia);;;sin_sugerencia;
11295;PV241465;18;BMW;9215;4;Liberado;MOTOS NUEVOS;1;Sin Client_Total_Relation (cliente-agencia);;;sin_sugerencia;
11358;PV241480;18;BMW;8541;4;Liberado;MOTOS NUEVOS;1;Sin Client_Total_Relation (cliente-agencia);;;sin_sugerencia;
11426;PV241510;18;BMW;9322;1;Integración;AUTOS NUEVOS;1;Sin Client_Total_Relation (cliente-agencia);;;sin_sugerencia;
11448;PV241514;18;BMW;9340;4;Liberado;MOTOS NUEVOS;1;Sin Client_Total_Relation (cliente-agencia);;;sin_sugerencia;
11432;PV241516;18;BMW;6077;4;Liberado;MOTOS NUEVOS;1;Sin Client_Total_Relation (cliente-agencia);;;sin_sugerencia;
11439;PV241518;18;BMW;9331;3;Liberación;MOTOS NUEVOS;1;Sin Client_Total_Relation (cliente-agencia);;;sin_sugerencia;
11487;PV241536;18;BMW;9373;4;Liberado;MOTOS NUEVOS;1;Sin Client_Total_Relation (cliente-agencia);;;sin_sugerencia;
11486;PV241537;18;BMW;9372;4;Liberado;MOTOS NUEVOS;1;Sin Client_Total_Relation (cliente-agencia);;;sin_sugerencia;
11509;PV241541;18;BMW;3020;1;Integración;AUTOS NUEVOS;1;Sin Client_Total_Relation (cliente-agencia);;;sin_sugerencia;
11509;PV241541;18;BMW;3020;1;Integración;AUTOS NUEVOS;1;Sin Client_Total_Relation (cliente-agencia);;;sin_sugerencia;
11510;PV241542;18;BMW;3020;4;Liberado;AUTOS NUEVOS;1;Sin Client_Total_Relation (cliente-agencia);;;sin_sugerencia;
11510;PV241542;18;BMW;3020;4;Liberado;AUTOS NUEVOS;1;Sin Client_Total_Relation (cliente-agencia);;;sin_sugerencia;
11523;PV241543;18;BMW;9399;4;Liberado;MOTOS NUEVOS;1;Sin Client_Total_Relation (cliente-agencia);;;sin_sugerencia;
11547;PV241561;18;BMW;3020;1;Integración;AUTOS NUEVOS;1;Sin Client_Total_Relation (cliente-agencia);;;sin_sugerencia;
11547;PV241561;18;BMW;3020;1;Integración;AUTOS NUEVOS;1;Sin Client_Total_Relation (cliente-agencia);;;sin_sugerencia;
11546;PV241562;18;BMW;3020;1;Integración;AUTOS NUEVOS;1;Sin Client_Total_Relation (cliente-agencia);;;sin_sugerencia;
11546;PV241562;18;BMW;3020;1;Integración;AUTOS NUEVOS;1;Sin Client_Total_Relation (cliente-agencia);;;sin_sugerencia;
11549;PV241563;18;BMW;3020;1;Integración;AUTOS NUEVOS;1;Sin Client_Total_Relation (cliente-agencia);;;sin_sugerencia;
11549;PV241563;18;BMW;3020;1;Integración;AUTOS NUEVOS;1;Sin Client_Total_Relation (cliente-agencia);;;sin_sugerencia;
11548;PV241564;18;BMW;3020;1;Integración;AUTOS NUEVOS;1;Sin Client_Total_Relation (cliente-agencia);;;sin_sugerencia;
11548;PV241564;18;BMW;3020;1;Integración;AUTOS NUEVOS;1;Sin Client_Total_Relation (cliente-agencia);;;sin_sugerencia;
11551;PV241565;18;BMW;3020;1;Integración;AUTOS NUEVOS;1;Sin Client_Total_Relation (cliente-agencia);;;sin_sugerencia;
11551;PV241565;18;BMW;3020;1;Integración;AUTOS NUEVOS;1;Sin Client_Total_Relation (cliente-agencia);;;sin_sugerencia;
11621;PV241567;18;BMW;9462;4;Liberado;MOTOS NUEVOS;1;Sin Client_Total_Relation (cliente-agencia);;;sin_sugerencia;
11627;PV241569;18;BMW;4219;1;Integración;AUTOS NUEVOS;1;Sin Client_Total_Relation (cliente-agencia);;;sin_sugerencia;
11618;PV241570;18;BMW;9459;4;Liberado;MOTOS NUEVOS;1;Sin Client_Total_Relation (cliente-agencia);;;sin_sugerencia;
11631;PV241572;18;BMW;9468;4;Liberado;MOTOS NUEVOS;1;Sin Client_Total_Relation (cliente-agencia);;;sin_sugerencia;
11635;PV241575;18;BMW;9471;3;Liberación;MOTOS NUEVOS;1;Sin Client_Total_Relation (cliente-agencia);;;sin_sugerencia;
11653;PV241582;18;BMW;9484;4;Liberado;MOTOS NUEVOS;1;Sin Client_Total_Relation (cliente-agencia);;;sin_sugerencia;
11710;PV241583;18;BMW;9518;4;Liberado;MOTOS NUEVOS;1;Sin Client_Total_Relation (cliente-agencia);;;sin_sugerencia;
11654;PV241585;18;BMW;9215;4;Liberado;MOTOS NUEVOS;1;Sin Client_Total_Relation (cliente-agencia);;;sin_sugerencia;
11762;PV241586;18;BMW;9550;1;Integración;MOTOS NUEVOS;1;Sin Client_Total_Relation (cliente-agencia);;;sin_sugerencia;
11782;PV241592;18;BMW;9555;1;Integración;MOTOS NUEVOS;1;Sin Client_Total_Relation (cliente-agencia);;;sin_sugerencia;
11742;PV241601;18;BMW;9536;4;Liberado;MOTOS NUEVOS;1;Sin Client_Total_Relation (cliente-agencia);;;sin_sugerencia;
11899;PV241603;18;BMW;9646;3;Liberación;MOTOS NUEVOS;1;Sin Client_Total_Relation (cliente-agencia);;;sin_sugerencia;
11739;PV241604;18;BMW;9531;3;Liberación;MOTOS NUEVOS;1;Sin Client_Total_Relation (cliente-agencia);;;sin_sugerencia;
11754;PV241608;18;BMW;3020;1;Integración;AUTOS NUEVOS;1;Sin Client_Total_Relation (cliente-agencia);;;sin_sugerencia;
11754;PV241608;18;BMW;3020;1;Integración;AUTOS NUEVOS;1;Sin Client_Total_Relation (cliente-agencia);;;sin_sugerencia;
11769;PV241618;18;BMW;4885;4;Liberado;MOTOS NUEVOS;1;Sin Client_Total_Relation (cliente-agencia);;;sin_sugerencia;
11795;PV241637;18;BMW;8216;3;Liberación;MOTOS NUEVOS;1;Sin Client_Total_Relation (cliente-agencia);;;sin_sugerencia;
11801;PV241638;18;BMW;9555;1;Integración;MOTOS NUEVOS;1;Sin Client_Total_Relation (cliente-agencia);;;sin_sugerencia;
11817;PV241640;18;BMW;9587;1;Integración;MOTOS NUEVOS;1;Sin Client_Total_Relation (cliente-agencia);;;sin_sugerencia;
11812;PV241641;18;BMW;9582;3;Liberación;MOTOS NUEVOS;1;Sin Client_Total_Relation (cliente-agencia);;;sin_sugerencia;
11904;PV241648;18;BMW;4442;1;Integración;MOTOS NUEVOS;1;Sin Client_Total_Relation (cliente-agencia);;;sin_sugerencia;
11841;PV241653;18;BMW;3020;1;Integración;AUTOS NUEVOS;1;Sin Client_Total_Relation (cliente-agencia);;;sin_sugerencia;
11841;PV241653;18;BMW;3020;1;Integración;AUTOS NUEVOS;1;Sin Client_Total_Relation (cliente-agencia);;;sin_sugerencia;
11848;PV241660;18;BMW;9611;1;Integración;AUTOS NUEVOS;1;Sin Client_Total_Relation (cliente-agencia);;;sin_sugerencia;
11922;PV241670;18;BMW;289;3;Liberación;MOTOS NUEVOS;1;Sin Client_Total_Relation (cliente-agencia);;;sin_sugerencia;
12160;PV241671;18;BMW;9855;1;Integración;MOTOS NUEVOS;1;Sin Client_Total_Relation (cliente-agencia);;;sin_sugerencia;
11929;PV241672;18;BMW;6630;1;Integración;MOTOS NUEVOS;1;Sin Client_Total_Relation (cliente-agencia);;;sin_sugerencia;
13159;PV241676;18;BMW;10618;4;Liberado;MOTOS NUEVOS;1;Sin Client_Total_Relation (cliente-agencia);;;sin_sugerencia;
11928;PV241677;18;BMW;3020;1;Integración;AUTOS NUEVOS;1;Sin Client_Total_Relation (cliente-agencia);;;sin_sugerencia;
11928;PV241677;18;BMW;3020;1;Integración;AUTOS NUEVOS;1;Sin Client_Total_Relation (cliente-agencia);;;sin_sugerencia;
11979;PV241696;18;BMW;7119;1;Integración;MOTOS NUEVOS;1;Sin Client_Total_Relation (cliente-agencia);;;sin_sugerencia;
12634;PV241700;18;BMW;10219;3;Liberación;MOTOS NUEVOS;1;Sin Client_Total_Relation (cliente-agencia);;;sin_sugerencia;
12024;PV241712;18;BMW;9740;1;Integración;MOTOS NUEVOS;1;Sin Client_Total_Relation (cliente-agencia);;;sin_sugerencia;
12097;PV241719;18;BMW;9752;1;Integración;MOTOS NUEVOS;1;Sin Client_Total_Relation (cliente-agencia);;;sin_sugerencia;
12072;PV241723;18;BMW;289;1;Integración;MOTOS NUEVOS;1;Sin Client_Total_Relation (cliente-agencia);;;sin_sugerencia;
12071;PV241725;18;BMW;9776;1;Integración;MOTOS NUEVOS;1;Sin Client_Total_Relation (cliente-agencia);;;sin_sugerencia;
12073;PV241726;18;BMW;9777;1;Integración;MOTOS NUEVOS;1;Sin Client_Total_Relation (cliente-agencia);;;sin_sugerencia;
12080;PV241733;18;BMW;9783;1;Integración;MOTOS NUEVOS;1;Sin Client_Total_Relation (cliente-agencia);;;sin_sugerencia;
12124;PV241738;18;BMW;9829;1;Integración;MOTOS NUEVOS;1;Sin Client_Total_Relation (cliente-agencia);;;sin_sugerencia;
12347;PV241744;18;BMW;10004;1;Integración;MOTOS NUEVOS;1;Sin Client_Total_Relation (cliente-agencia);;;sin_sugerencia;
12145;PV241749;18;BMW;3020;1;Integración;AUTOS NUEVOS;1;Sin Client_Total_Relation (cliente-agencia);;;sin_sugerencia;
12145;PV241749;18;BMW;3020;1;Integración;AUTOS NUEVOS;1;Sin Client_Total_Relation (cliente-agencia);;;sin_sugerencia;
12184;PV241752;18;BMW;9873;1;Integración;MOTOS NUEVOS;1;Sin Client_Total_Relation (cliente-agencia);;;sin_sugerencia;
12588;PV241758;18;BMW;9911;4;Liberado;MOTOS NUEVOS;1;Sin Client_Total_Relation (cliente-agencia);;;sin_sugerencia;
12174;PV241761;18;BMW;9867;1;Integración;MOTOS NUEVOS;1;Sin Client_Total_Relation (cliente-agencia);;;sin_sugerencia;
12165;PV241762;18;BMW;9860;1;Integración;MOTOS NUEVOS;1;Sin Client_Total_Relation (cliente-agencia);;;sin_sugerencia;
12182;PV241764;18;BMW;4219;1;Integración;AUTOS NUEVOS;1;Sin Client_Total_Relation (cliente-agencia);;;sin_sugerencia;
12201;PV241770;18;BMW;9887;1;Integración;MOTOS NUEVOS;1;Sin Client_Total_Relation (cliente-agencia);;;sin_sugerencia;
12240;PV241775;18;BMW;9915;1;Integración;MOTOS NUEVOS;1;Sin Client_Total_Relation (cliente-agencia);;;sin_sugerencia;
12213;PV241777;18;BMW;9897;4;Liberado;MOTOS NUEVOS;1;Sin Client_Total_Relation (cliente-agencia);;;sin_sugerencia;
12234;PV241783;18;BMW;3019;1;Integración;MOTOS NUEVOS;1;Sin Client_Total_Relation (cliente-agencia);;;sin_sugerencia;
12236;PV241784;18;BMW;3020;1;Integración;AUTOS NUEVOS;1;Sin Client_Total_Relation (cliente-agencia);;;sin_sugerencia;
12236;PV241784;18;BMW;3020;1;Integración;AUTOS NUEVOS;1;Sin Client_Total_Relation (cliente-agencia);;;sin_sugerencia;
12237;PV241787;18;BMW;3020;1;Integración;AUTOS NUEVOS;1;Sin Client_Total_Relation (cliente-agencia);;;sin_sugerencia;
12237;PV241787;18;BMW;3020;1;Integración;AUTOS NUEVOS;1;Sin Client_Total_Relation (cliente-agencia);;;sin_sugerencia;
12239;PV241788;18;BMW;3020;1;Integración;AUTOS NUEVOS;1;Sin Client_Total_Relation (cliente-agencia);;;sin_sugerencia;
12239;PV241788;18;BMW;3020;1;Integración;AUTOS NUEVOS;1;Sin Client_Total_Relation (cliente-agencia);;;sin_sugerencia;
12242;PV241789;18;BMW;3020;1;Integración;AUTOS NUEVOS;1;Sin Client_Total_Relation (cliente-agencia);;;sin_sugerencia;
12242;PV241789;18;BMW;3020;1;Integración;AUTOS NUEVOS;1;Sin Client_Total_Relation (cliente-agencia);;;sin_sugerencia;
12245;PV241791;18;BMW;3020;1;Integración;AUTOS NUEVOS;1;Sin Client_Total_Relation (cliente-agencia);;;sin_sugerencia;
12245;PV241791;18;BMW;3020;1;Integración;AUTOS NUEVOS;1;Sin Client_Total_Relation (cliente-agencia);;;sin_sugerencia;
12244;PV241792;18;BMW;3020;1;Integración;AUTOS NUEVOS;1;Sin Client_Total_Relation (cliente-agencia);;;sin_sugerencia;
12244;PV241792;18;BMW;3020;1;Integración;AUTOS NUEVOS;1;Sin Client_Total_Relation (cliente-agencia);;;sin_sugerencia;
12311;PV241794;18;BMW;9971;1;Integración;MOTOS NUEVOS;1;Sin Client_Total_Relation (cliente-agencia);;;sin_sugerencia;
12298;PV241795;18;BMW;9322;1;Integración;AUTOS NUEVOS;1;Sin Client_Total_Relation (cliente-agencia);;;sin_sugerencia;
12315;PV241798;18;BMW;9975;1;Integración;MOTOS NUEVOS;1;Sin Client_Total_Relation (cliente-agencia);;;sin_sugerencia;
12363;PV241799;18;BMW;10017;1;Integración;MOTOS NUEVOS;1;Sin Client_Total_Relation (cliente-agencia);;;sin_sugerencia;
12399;PV241800;18;BMW;10046;1;Integración;MOTOS NUEVOS;1;Sin Client_Total_Relation (cliente-agencia);;;sin_sugerencia;
12358;PV241810;18;BMW;10013;4;Liberado;MOTOS NUEVOS;1;Sin Client_Total_Relation (cliente-agencia);;;sin_sugerencia;
12348;PV241812;18;BMW;9322;1;Integración;AUTOS NUEVOS;1;Sin Client_Total_Relation (cliente-agencia);;;sin_sugerencia;
12436;PV241814;18;BMW;10004;1;Integración;MOTOS NUEVOS;1;Sin Client_Total_Relation (cliente-agencia);;;sin_sugerencia;
12379;PV241819;18;BMW;10032;4;Liberado;MOTOS NUEVOS;1;Sin Client_Total_Relation (cliente-agencia);;;sin_sugerencia;
12522;PV241830;18;BMW;5174;1;Integración;AUTOS NUEVOS;1;Sin Client_Total_Relation (cliente-agencia);;;sin_sugerencia;
12602;PV241833;18;BMW;10197;1;Integración;MOTOS NUEVOS;1;Sin Client_Total_Relation (cliente-agencia);;;sin_sugerencia;
12437;PV241834;18;BMW;10075;1;Integración;MOTOS NUEVOS;1;Sin Client_Total_Relation (cliente-agencia);;;sin_sugerencia;
12432;PV241837;18;BMW;10070;1;Integración;MOTOS NUEVOS;1;Sin Client_Total_Relation (cliente-agencia);;;sin_sugerencia;
12419;PV241840;18;BMW;10017;4;Liberado;MOTOS NUEVOS;1;Sin Client_Total_Relation (cliente-agencia);;;sin_sugerencia;
12438;PV241843;18;BMW;3020;2;Liquidación;AUTOS NUEVOS;1;Sin Client_Total_Relation (cliente-agencia);;;sin_sugerencia;
12438;PV241843;18;BMW;3020;2;Liquidación;AUTOS NUEVOS;1;Sin Client_Total_Relation (cliente-agencia);;;sin_sugerencia;
12499;PV241844;18;BMW;10125;4;Liberado;MOTOS NUEVOS;1;Sin Client_Total_Relation (cliente-agencia);;;sin_sugerencia;
12456;PV241846;18;BMW;4920;4;Liberado;MOTOS NUEVOS;1;Sin Client_Total_Relation (cliente-agencia);;;sin_sugerencia;
12513;PV241849;18;BMW;10137;1;Integración;MOTOS NUEVOS;1;Sin Client_Total_Relation (cliente-agencia);;;sin_sugerencia;
12635;PV241851;18;BMW;10220;4;Liberado;MOTOS NUEVOS;1;Sin Client_Total_Relation (cliente-agencia);;;sin_sugerencia;
12600;PV241852;18;BMW;10196;1;Integración;MOTOS NUEVOS;1;Sin Client_Total_Relation (cliente-agencia);;;sin_sugerencia;
12471;PV241853;18;BMW;10103;4;Liberado;MOTOS NUEVOS;1;Sin Client_Total_Relation (cliente-agencia);;;sin_sugerencia;
12475;PV241854;18;BMW;10104;1;Integración;MOTOS NUEVOS;1;Sin Client_Total_Relation (cliente-agencia);;;sin_sugerencia;
12510;PV241863;18;BMW;10134;4;Liberado;MOTOS NUEVOS;1;Sin Client_Total_Relation (cliente-agencia);;;sin_sugerencia;
12523;PV241871;18;BMW;10137;1;Integración;MOTOS NUEVOS;1;Sin Client_Total_Relation (cliente-agencia);;;sin_sugerencia;
12609;PV241873;18;BMW;10201;1;Integración;MOTOS NUEVOS;1;Sin Client_Total_Relation (cliente-agencia);;;sin_sugerencia;
12582;PV241874;18;BMW;10182;1;Integración;MOTOS NUEVOS;1;Sin Client_Total_Relation (cliente-agencia);;;sin_sugerencia;
12618;PV241878;18;BMW;5132;4;Liberado;MOTOS NUEVOS;1;Sin Client_Total_Relation (cliente-agencia);;;sin_sugerencia;
12571;PV241879;18;BMW;10179;1;Integración;MOTOS NUEVOS;1;Sin Client_Total_Relation (cliente-agencia);;;sin_sugerencia;
12572;PV241881;18;BMW;10178;3;Liberación;MOTOS NUEVOS;1;Sin Client_Total_Relation (cliente-agencia);;;sin_sugerencia;
12561;PV241884;18;BMW;3020;1;Integración;AUTOS NUEVOS;1;Sin Client_Total_Relation (cliente-agencia);;;sin_sugerencia;
12561;PV241884;18;BMW;3020;1;Integración;AUTOS NUEVOS;1;Sin Client_Total_Relation (cliente-agencia);;;sin_sugerencia;
12569;PV241886;18;BMW;3020;1;Integración;AUTOS NUEVOS;1;Sin Client_Total_Relation (cliente-agencia);;;sin_sugerencia;
12569;PV241886;18;BMW;3020;1;Integración;AUTOS NUEVOS;1;Sin Client_Total_Relation (cliente-agencia);;;sin_sugerencia;
12580;PV241887;18;BMW;2063;3;Liberación;AUTOS NUEVOS;1;Sin Client_Total_Relation (cliente-agencia);;;sin_sugerencia;
12586;PV241889;18;BMW;9838;1;Integración;MOTOS NUEVOS;1;Sin Client_Total_Relation (cliente-agencia);;;sin_sugerencia;
12607;PV241898;18;BMW;10179;1;Integración;MOTOS NUEVOS;1;Sin Client_Total_Relation (cliente-agencia);;;sin_sugerencia;
12719;PV241902;18;BMW;10283;1;Integración;AUTOS NUEVOS;1;Sin Client_Total_Relation (cliente-agencia);;;sin_sugerencia;
12627;PV241903;18;BMW;10212;3;Liberación;MOTOS NUEVOS;1;Sin Client_Total_Relation (cliente-agencia);;;sin_sugerencia;
12645;PV241911;18;BMW;10226;4;Liberado;MOTOS NUEVOS;1;Sin Client_Total_Relation (cliente-agencia);;;sin_sugerencia;
12642;PV241912;18;BMW;2202;1;Integración;MOTOS NUEVOS;1;Sin Client_Total_Relation (cliente-agencia);;;sin_sugerencia;
12641;PV241917;18;BMW;10137;3;Liberación;MOTOS NUEVOS;1;Sin Client_Total_Relation (cliente-agencia);;;sin_sugerencia;
12644;PV241920;18;BMW;10225;2;Liquidación;MOTOS NUEVOS;1;Sin Client_Total_Relation (cliente-agencia);;;sin_sugerencia;
12686;PV241923;18;BMW;10260;3;Liberación;MOTOS NUEVOS;1;Sin Client_Total_Relation (cliente-agencia);;;sin_sugerencia;
12715;PV241925;18;BMW;10280;1;Integración;MOTOS NUEVOS;1;Sin Client_Total_Relation (cliente-agencia);;;sin_sugerencia;
13795;PV241934;18;BMW;11087;1;Integración;MOTOS NUEVOS;1;Sin Client_Total_Relation (cliente-agencia);;;sin_sugerencia;
12759;PV241935;18;BMW;10318;3;Liberación;MOTOS NUEVOS;1;Sin Client_Total_Relation (cliente-agencia);;;sin_sugerencia;
12845;PV241937;18;BMW;10384;3;Liberación;MOTOS NUEVOS;1;Sin Client_Total_Relation (cliente-agencia);;;sin_sugerencia;
12750;PV241942;18;BMW;10311;3;Liberación;MOTOS NUEVOS;1;Sin Client_Total_Relation (cliente-agencia);;;sin_sugerencia;
12786;PV241950;18;BMW;10337;1;Integración;MOTOS NUEVOS;1;Sin Client_Total_Relation (cliente-agencia);;;sin_sugerencia;
12787;PV241954;18;BMW;10338;1;Integración;MOTOS NUEVOS;1;Sin Client_Total_Relation (cliente-agencia);;;sin_sugerencia;
12903;PV241966;18;BMW;10430;3;Liberación;MOTOS NUEVOS;1;Sin Client_Total_Relation (cliente-agencia);;;sin_sugerencia;
12823;PV241974;18;BMW;10367;1;Integración;MOTOS NUEVOS;1;Sin Client_Total_Relation (cliente-agencia);;;sin_sugerencia;
12838;PV241977;18;BMW;10355;4;Liberado;MOTOS NUEVOS;1;Sin Client_Total_Relation (cliente-agencia);;;sin_sugerencia;
12851;PV241978;18;BMW;6293;1;Integración;MOTOS NUEVOS;1;Sin Client_Total_Relation (cliente-agencia);;;sin_sugerencia;
12867;PV241990;18;BMW;10401;3;Liberación;MOTOS NUEVOS;1;Sin Client_Total_Relation (cliente-agencia);;;sin_sugerencia;
12885;PV241994;18;BMW;10417;3;Liberación;MOTOS NUEVOS;1;Sin Client_Total_Relation (cliente-agencia);;;sin_sugerencia;
12876;PV241995;18;BMW;10409;3;Liberación;MOTOS NUEVOS;1;Sin Client_Total_Relation (cliente-agencia);;;sin_sugerencia;
12900;PV242002;18;BMW;3020;1;Integración;AUTOS NUEVOS;1;Sin Client_Total_Relation (cliente-agencia);;;sin_sugerencia;
12900;PV242002;18;BMW;3020;1;Integración;AUTOS NUEVOS;1;Sin Client_Total_Relation (cliente-agencia);;;sin_sugerencia;
12905;PV242003;18;BMW;4265;1;Integración;AUTOS NUEVOS;1;Sin Client_Total_Relation (cliente-agencia);;;sin_sugerencia;
12908;PV242007;18;BMW;10201;3;Liberación;MOTOS NUEVOS;1;Sin Client_Total_Relation (cliente-agencia);;;sin_sugerencia;
12906;PV242008;18;BMW;3020;1;Integración;AUTOS NUEVOS;1;Sin Client_Total_Relation (cliente-agencia);;;sin_sugerencia;
12906;PV242008;18;BMW;3020;1;Integración;AUTOS NUEVOS;1;Sin Client_Total_Relation (cliente-agencia);;;sin_sugerencia;
12916;PV242011;18;BMW;10437;3;Liberación;MOTOS NUEVOS;1;Sin Client_Total_Relation (cliente-agencia);;;sin_sugerencia;
12920;PV242016;18;BMW;4635;3;Liberación;MOTOS NUEVOS;1;Sin Client_Total_Relation (cliente-agencia);;;sin_sugerencia;
12944;PV242024;18;BMW;6283;3;Liberación;MOTOS NUEVOS;1;Sin Client_Total_Relation (cliente-agencia);;;sin_sugerencia;
13604;PV242032;18;BMW;10956;3;Liberación;MOTOS NUEVOS;1;Sin Client_Total_Relation (cliente-agencia);;;sin_sugerencia;
13036;PV242050;18;BMW;10523;1;Integración;MOTOS NUEVOS;1;Sin Client_Total_Relation (cliente-agencia);;;sin_sugerencia;
12997;PV242051;18;BMW;3020;1;Integración;AUTOS NUEVOS;1;Sin Client_Total_Relation (cliente-agencia);;;sin_sugerencia;
12997;PV242051;18;BMW;3020;1;Integración;AUTOS NUEVOS;1;Sin Client_Total_Relation (cliente-agencia);;;sin_sugerencia;
13137;PV242053;18;BMW;3020;1;Integración;AUTOS NUEVOS;1;Sin Client_Total_Relation (cliente-agencia);;;sin_sugerencia;
13137;PV242053;18;BMW;3020;1;Integración;AUTOS NUEVOS;1;Sin Client_Total_Relation (cliente-agencia);;;sin_sugerencia;
13043;PV242056;18;BMW;10527;1;Integración;MOTOS NUEVOS;1;Sin Client_Total_Relation (cliente-agencia);;;sin_sugerencia;
13059;PV242062;18;BMW;10540;1;Integración;MOTOS NUEVOS;1;Sin Client_Total_Relation (cliente-agencia);;;sin_sugerencia;
13077;PV242073;18;BMW;10558;1;Integración;MOTOS NUEVOS;1;Sin Client_Total_Relation (cliente-agencia);;;sin_sugerencia;
13106;PV242074;18;BMW;10582;1;Integración;MOTOS NUEVOS;1;Sin Client_Total_Relation (cliente-agencia);;;sin_sugerencia;
13180;PV242075;18;BMW;10633;4;Liberado;MOTOS NUEVOS;1;Sin Client_Total_Relation (cliente-agencia);;;sin_sugerencia;
13098;PV242076;18;BMW;10576;1;Integración;MOTOS NUEVOS;1;Sin Client_Total_Relation (cliente-agencia);;;sin_sugerencia;
13160;PV242080;18;BMW;10619;3;Liberación;MOTOS NUEVOS;1;Sin Client_Total_Relation (cliente-agencia);;;sin_sugerencia;
13135;PV242089;18;BMW;10602;4;Liberado;MOTOS NUEVOS;1;Sin Client_Total_Relation (cliente-agencia);;;sin_sugerencia;
13533;PV242100;18;BMW;10772;4;Liberado;MOTOS NUEVOS;1;Sin Client_Total_Relation (cliente-agencia);;;sin_sugerencia;
13329;PV242103;18;BMW;5737;4;Liberado;MOTOS NUEVOS;1;Sin Client_Total_Relation (cliente-agencia);;;sin_sugerencia;
13172;PV242104;18;BMW;10629;4;Liberado;MOTOS NUEVOS;1;Sin Client_Total_Relation (cliente-agencia);;;sin_sugerencia;
13295;PV242107;18;BMW;10717;1;Integración;AUTOS NUEVOS;1;Sin Client_Total_Relation (cliente-agencia);;;sin_sugerencia;
13161;PV242108;18;BMW;10558;1;Integración;MOTOS NUEVOS;1;Sin Client_Total_Relation (cliente-agencia);;;sin_sugerencia;
13182;PV242110;18;BMW;7911;3;Liberación;MOTOS NUEVOS;1;Sin Client_Total_Relation (cliente-agencia);;;sin_sugerencia;
13169;PV242111;18;BMW;10558;1;Integración;MOTOS NUEVOS;1;Sin Client_Total_Relation (cliente-agencia);;;sin_sugerencia;
13455;PV242112;18;BMW;10666;4;Liberado;MOTOS NUEVOS;1;Sin Client_Total_Relation (cliente-agencia);;;sin_sugerencia;
13179;PV242113;18;BMW;10632;3;Liberación;MOTOS NUEVOS;1;Sin Client_Total_Relation (cliente-agencia);;;sin_sugerencia;
13184;PV242119;18;BMW;2063;1;Integración;AUTOS NUEVOS;1;Sin Client_Total_Relation (cliente-agencia);;;sin_sugerencia;
13231;PV242123;18;BMW;10675;3;Liberación;MOTOS NUEVOS;1;Sin Client_Total_Relation (cliente-agencia);;;sin_sugerencia;
13257;PV242129;18;BMW;3020;1;Integración;AUTOS NUEVOS;1;Sin Client_Total_Relation (cliente-agencia);;;sin_sugerencia;
13257;PV242129;18;BMW;3020;1;Integración;AUTOS NUEVOS;1;Sin Client_Total_Relation (cliente-agencia);;;sin_sugerencia;
13265;PV242134;18;BMW;10697;1;Integración;MOTOS NUEVOS;1;Sin Client_Total_Relation (cliente-agencia);;;sin_sugerencia;
13310;PV242139;18;BMW;10727;4;Liberado;MOTOS NUEVOS;1;Sin Client_Total_Relation (cliente-agencia);;;sin_sugerencia;
13331;PV242140;18;BMW;10744;4;Liberado;MOTOS NUEVOS;1;Sin Client_Total_Relation (cliente-agencia);;;sin_sugerencia;
13278;PV242142;18;BMW;10460;1;Integración;AUTOS NUEVOS;1;Sin Client_Total_Relation (cliente-agencia);;;sin_sugerencia;
13302;PV242143;18;BMW;3020;1;Integración;AUTOS NUEVOS;1;Sin Client_Total_Relation (cliente-agencia);;;sin_sugerencia;
13302;PV242143;18;BMW;3020;1;Integración;AUTOS NUEVOS;1;Sin Client_Total_Relation (cliente-agencia);;;sin_sugerencia;
13305;PV242149;18;BMW;10723;4;Liberado;MOTOS NUEVOS;1;Sin Client_Total_Relation (cliente-agencia);;;sin_sugerencia;
13307;PV242150;18;BMW;10724;4;Liberado;MOTOS NUEVOS;1;Sin Client_Total_Relation (cliente-agencia);;;sin_sugerencia;
13351;PV242155;18;BMW;10761;1;Integración;MOTOS NUEVOS;1;Sin Client_Total_Relation (cliente-agencia);;;sin_sugerencia;
13318;PV242156;18;BMW;3020;4;Liberado;AUTOS NUEVOS;1;Sin Client_Total_Relation (cliente-agencia);;;sin_sugerencia;
13318;PV242156;18;BMW;3020;4;Liberado;AUTOS NUEVOS;1;Sin Client_Total_Relation (cliente-agencia);;;sin_sugerencia;
13366;PV242157;18;BMW;10773;1;Integración;MOTOS NUEVOS;1;Sin Client_Total_Relation (cliente-agencia);;;sin_sugerencia;
13361;PV242164;18;BMW;3020;1;Integración;AUTOS NUEVOS;1;Sin Client_Total_Relation (cliente-agencia);;;sin_sugerencia;
13361;PV242164;18;BMW;3020;1;Integración;AUTOS NUEVOS;1;Sin Client_Total_Relation (cliente-agencia);;;sin_sugerencia;
13362;PV242166;18;BMW;3020;1;Integración;AUTOS NUEVOS;1;Sin Client_Total_Relation (cliente-agencia);;;sin_sugerencia;
13362;PV242166;18;BMW;3020;1;Integración;AUTOS NUEVOS;1;Sin Client_Total_Relation (cliente-agencia);;;sin_sugerencia;
13521;PV242167;18;BMW;10761;4;Liberado;MOTOS NUEVOS;1;Sin Client_Total_Relation (cliente-agencia);;;sin_sugerencia;
13389;PV242170;18;BMW;5061;4;Liberado;MOTOS NUEVOS;1;Sin Client_Total_Relation (cliente-agencia);;;sin_sugerencia;
13441;PV242173;18;BMW;6156;4;Liberado;MOTOS NUEVOS;1;Sin Client_Total_Relation (cliente-agencia);;;sin_sugerencia;
13453;PV242174;18;BMW;10840;4;Liberado;MOTOS NUEVOS;1;Sin Client_Total_Relation (cliente-agencia);;;sin_sugerencia;
13479;PV242182;18;BMW;10862;4;Liberado;MOTOS NUEVOS;1;Sin Client_Total_Relation (cliente-agencia);;;sin_sugerencia;
13518;PV242186;18;BMW;10761;4;Liberado;MOTOS NUEVOS;1;Sin Client_Total_Relation (cliente-agencia);;;sin_sugerencia;
13517;PV242187;18;BMW;10761;4;Liberado;MOTOS NUEVOS;1;Sin Client_Total_Relation (cliente-agencia);;;sin_sugerencia;
13844;PV242189;18;BMW;6924;3;Liberación;MOTOS NUEVOS;1;Sin Client_Total_Relation (cliente-agencia);;;sin_sugerencia;
13629;PV242193;18;BMW;10974;4;Liberado;MOTOS NUEVOS;1;Sin Client_Total_Relation (cliente-agencia);;;sin_sugerencia;
13590;PV242200;18;BMW;10946;4;Liberado;MOTOS NUEVOS;1;Sin Client_Total_Relation (cliente-agencia);;;sin_sugerencia;
13732;PV242206;18;BMW;11049;4;Liberado;MOTOS NUEVOS;1;Sin Client_Total_Relation (cliente-agencia);;;sin_sugerencia;
13582;PV242209;18;BMW;10941;4;Liberado;MOTOS NUEVOS;1;Sin Client_Total_Relation (cliente-agencia);;;sin_sugerencia;
14417;PV242215;18;BMW;11571;4;Liberado;MOTOS NUEVOS;1;Sin Client_Total_Relation (cliente-agencia);;;sin_sugerencia;
13652;PV242217;18;BMW;10993;1;Integración;MOTOS NUEVOS;1;Sin Client_Total_Relation (cliente-agencia);;;sin_sugerencia;
13639;PV242219;18;BMW;10983;1;Integración;MOTOS NUEVOS;1;Sin Client_Total_Relation (cliente-agencia);;;sin_sugerencia;
13804;PV242226;18;BMW;11095;4;Liberado;MOTOS NUEVOS;1;Sin Client_Total_Relation (cliente-agencia);;;sin_sugerencia;
13794;PV242229;18;BMW;11086;4;Liberado;MOTOS NUEVOS;1;Sin Client_Total_Relation (cliente-agencia);;;sin_sugerencia;
13664;PV242230;18;BMW;10366;1;Integración;AUTOS NUEVOS;1;Sin Client_Total_Relation (cliente-agencia);;;sin_sugerencia;
13709;PV242234;18;BMW;11029;1;Integración;MOTOS NUEVOS;1;Sin Client_Total_Relation (cliente-agencia);;;sin_sugerencia;
13748;PV242242;18;BMW;3020;1;Integración;AUTOS NUEVOS;1;Sin Client_Total_Relation (cliente-agencia);;;sin_sugerencia;
13748;PV242242;18;BMW;3020;1;Integración;AUTOS NUEVOS;1;Sin Client_Total_Relation (cliente-agencia);;;sin_sugerencia;
13747;PV242248;18;BMW;11062;4;Liberado;MOTOS NUEVOS;1;Sin Client_Total_Relation (cliente-agencia);;;sin_sugerencia;
13753;PV242252;18;BMW;11048;4;Liberado;MOTOS NUEVOS;1;Sin Client_Total_Relation (cliente-agencia);;;sin_sugerencia;
13774;PV242253;18;BMW;3020;4;Liberado;AUTOS NUEVOS;1;Sin Client_Total_Relation (cliente-agencia);;;sin_sugerencia;
13774;PV242253;18;BMW;3020;4;Liberado;AUTOS NUEVOS;1;Sin Client_Total_Relation (cliente-agencia);;;sin_sugerencia;
14651;PV242254;18;BMW;11170;4;Liberado;MOTOS NUEVOS;1;Sin Client_Total_Relation (cliente-agencia);;;sin_sugerencia;
13823;PV242258;18;BMW;10366;1;Integración;AUTOS NUEVOS;1;Sin Client_Total_Relation (cliente-agencia);;;sin_sugerencia;
13832;PV242262;18;BMW;10983;4;Liberado;MOTOS NUEVOS;1;Sin Client_Total_Relation (cliente-agencia);;;sin_sugerencia;
13902;PV242271;18;BMW;11167;4;Liberado;MOTOS NUEVOS;1;Sin Client_Total_Relation (cliente-agencia);;;sin_sugerencia;
13909;PV242275;18;BMW;11029;4;Liberado;MOTOS NUEVOS;1;Sin Client_Total_Relation (cliente-agencia);;;sin_sugerencia;
13963;PV242277;18;BMW;11220;4;Liberado;MOTOS NUEVOS;1;Sin Client_Total_Relation (cliente-agencia);;;sin_sugerencia;
13970;PV242286;18;BMW;11087;4;Liberado;MOTOS NUEVOS;1;Sin Client_Total_Relation (cliente-agencia);;;sin_sugerencia;
13973;PV242287;18;BMW;11228;4;Liberado;MOTOS NUEVOS;1;Sin Client_Total_Relation (cliente-agencia);;;sin_sugerencia;
14018;PV242293;18;BMW;11264;4;Liberado;MOTOS NUEVOS;1;Sin Client_Total_Relation (cliente-agencia);;;sin_sugerencia;
14038;PV242294;18;BMW;11281;4;Liberado;MOTOS NUEVOS;1;Sin Client_Total_Relation (cliente-agencia);;;sin_sugerencia;
14028;PV242296;18;BMW;11273;4;Liberado;MOTOS NUEVOS;1;Sin Client_Total_Relation (cliente-agencia);;;sin_sugerencia;
14053;PV242298;18;BMW;11291;4;Liberado;MOTOS NUEVOS;1;Sin Client_Total_Relation (cliente-agencia);;;sin_sugerencia;
14043;PV242299;18;BMW;3020;4;Liberado;AUTOS NUEVOS;1;Sin Client_Total_Relation (cliente-agencia);;;sin_sugerencia;
14043;PV242299;18;BMW;3020;4;Liberado;AUTOS NUEVOS;1;Sin Client_Total_Relation (cliente-agencia);;;sin_sugerencia;
14044;PV242300;18;BMW;3020;4;Liberado;AUTOS NUEVOS;1;Sin Client_Total_Relation (cliente-agencia);;;sin_sugerencia;
14044;PV242300;18;BMW;3020;4;Liberado;AUTOS NUEVOS;1;Sin Client_Total_Relation (cliente-agencia);;;sin_sugerencia;
14048;PV242301;18;BMW;11287;1;Integración;MOTOS NUEVOS;1;Sin Client_Total_Relation (cliente-agencia);;;sin_sugerencia;
14178;PV242303;18;BMW;11393;4;Liberado;MOTOS NUEVOS;1;Sin Client_Total_Relation (cliente-agencia);;;sin_sugerencia;
14067;PV242304;18;BMW;11300;4;Liberado;MOTOS NUEVOS;1;Sin Client_Total_Relation (cliente-agencia);;;sin_sugerencia;
14051;PV242306;18;BMW;3019;4;Liberado;MOTOS NUEVOS;1;Sin Client_Total_Relation (cliente-agencia);;;sin_sugerencia;
14072;PV242308;18;BMW;4158;4;Liberado;MOTOS NUEVOS;1;Sin Client_Total_Relation (cliente-agencia);;;sin_sugerencia;
14065;PV242310;18;BMW;3020;4;Liberado;AUTOS NUEVOS;1;Sin Client_Total_Relation (cliente-agencia);;;sin_sugerencia;
14065;PV242310;18;BMW;3020;4;Liberado;AUTOS NUEVOS;1;Sin Client_Total_Relation (cliente-agencia);;;sin_sugerencia;
14188;PV242314;18;BMW;11287;4;Liberado;MOTOS NUEVOS;1;Sin Client_Total_Relation (cliente-agencia);;;sin_sugerencia;
14086;PV242316;18;BMW;11316;4;Liberado;MOTOS NUEVOS;1;Sin Client_Total_Relation (cliente-agencia);;;sin_sugerencia;
14103;PV242317;18;BMW;11329;1;Integración;MOTOS NUEVOS;1;Sin Client_Total_Relation (cliente-agencia);;;sin_sugerencia;
14253;PV242321;18;BMW;11446;1;Integración;MOTOS NUEVOS;1;Sin Client_Total_Relation (cliente-agencia);;;sin_sugerencia;
14246;PV242322;18;BMW;5875;4;Liberado;MOTOS NUEVOS;1;Sin Client_Total_Relation (cliente-agencia);;;sin_sugerencia;
14125;PV242329;18;BMW;11350;1;Integración;MOTOS NUEVOS;1;Sin Client_Total_Relation (cliente-agencia);;;sin_sugerencia;
14148;PV242332;18;BMW;11350;1;Integración;MOTOS NUEVOS;1;Sin Client_Total_Relation (cliente-agencia);;;sin_sugerencia;
14193;PV242335;18;BMW;11406;4;Liberado;MOTOS NUEVOS;1;Sin Client_Total_Relation (cliente-agencia);;;sin_sugerencia;
14300;PV242337;18;BMW;3020;2;Liquidación;AUTOS NUEVOS;1;Sin Client_Total_Relation (cliente-agencia);;;sin_sugerencia;
14300;PV242337;18;BMW;3020;2;Liquidación;AUTOS NUEVOS;1;Sin Client_Total_Relation (cliente-agencia);;;sin_sugerencia;
14258;PV242350;18;BMW;3020;4;Liberado;AUTOS NUEVOS;1;Sin Client_Total_Relation (cliente-agencia);;;sin_sugerencia;
14258;PV242350;18;BMW;3020;4;Liberado;AUTOS NUEVOS;1;Sin Client_Total_Relation (cliente-agencia);;;sin_sugerencia;
14271;PV242351;18;BMW;3020;4;Liberado;AUTOS NUEVOS;1;Sin Client_Total_Relation (cliente-agencia);;;sin_sugerencia;
14271;PV242351;18;BMW;3020;4;Liberado;AUTOS NUEVOS;1;Sin Client_Total_Relation (cliente-agencia);;;sin_sugerencia;
14321;PV242353;18;BMW;11493;4;Liberado;MOTOS NUEVOS;1;Sin Client_Total_Relation (cliente-agencia);;;sin_sugerencia;
14277;PV242357;18;BMW;11466;4;Liberado;MOTOS NUEVOS;1;Sin Client_Total_Relation (cliente-agencia);;;sin_sugerencia;
14287;PV242362;18;BMW;3020;2;Liquidación;AUTOS NUEVOS;1;Sin Client_Total_Relation (cliente-agencia);;;sin_sugerencia;
14287;PV242362;18;BMW;3020;2;Liquidación;AUTOS NUEVOS;1;Sin Client_Total_Relation (cliente-agencia);;;sin_sugerencia;
14302;PV242366;18;BMW;11471;4;Liberado;MOTOS NUEVOS;1;Sin Client_Total_Relation (cliente-agencia);;;sin_sugerencia;
14382;PV242369;18;BMW;11544;4;Liberado;MOTOS NUEVOS;1;Sin Client_Total_Relation (cliente-agencia);;;sin_sugerencia;
14319;PV242371;18;BMW;10724;4;Liberado;MOTOS NUEVOS;1;Sin Client_Total_Relation (cliente-agencia);;;sin_sugerencia;
14308;PV242373;18;BMW;3020;1;Integración;AUTOS NUEVOS;1;Sin Client_Total_Relation (cliente-agencia);;;sin_sugerencia;
14308;PV242373;18;BMW;3020;1;Integración;AUTOS NUEVOS;1;Sin Client_Total_Relation (cliente-agencia);;;sin_sugerencia;
14320;PV242375;18;BMW;11492;4;Liberado;MOTOS NUEVOS;1;Sin Client_Total_Relation (cliente-agencia);;;sin_sugerencia;
14361;PV242380;18;BMW;11526;4;Liberado;MOTOS NUEVOS;1;Sin Client_Total_Relation (cliente-agencia);;;sin_sugerencia;
14364;PV242382;18;BMW;3019;1;Integración;MOTOS NUEVOS;1;Sin Client_Total_Relation (cliente-agencia);;;sin_sugerencia;
14371;PV242383;18;BMW;3019;1;Integración;MOTOS NUEVOS;1;Sin Client_Total_Relation (cliente-agencia);;;sin_sugerencia;
14408;PV242386;18;BMW;11446;4;Liberado;MOTOS NUEVOS;1;Sin Client_Total_Relation (cliente-agencia);;;sin_sugerencia;
14565;PV242391;18;BMW;5016;2;Liquidación;MOTOS NUEVOS;1;Sin Client_Total_Relation (cliente-agencia);;;sin_sugerencia;
14426;PV242397;18;BMW;11578;4;Liberado;MOTOS NUEVOS;1;Sin Client_Total_Relation (cliente-agencia);;;sin_sugerencia;
14465;PV242400;18;BMW;11605;4;Liberado;MOTOS NUEVOS;1;Sin Client_Total_Relation (cliente-agencia);;;sin_sugerencia;
14476;PV242410;18;BMW;11612;4;Liberado;MOTOS NUEVOS;1;Sin Client_Total_Relation (cliente-agencia);;;sin_sugerencia;
14532;PV242431;18;BMW;8533;4;Liberado;MOTOS NUEVOS;1;Sin Client_Total_Relation (cliente-agencia);;;sin_sugerencia;
14558;PV242434;18;BMW;11682;4;Liberado;MOTOS NUEVOS;1;Sin Client_Total_Relation (cliente-agencia);;;sin_sugerencia;
14712;PV242438;18;BMW;11792;1;Integración;AUTOS NUEVOS;1;Sin Client_Total_Relation (cliente-agencia);;;sin_sugerencia;
14557;PV242439;18;BMW;11681;3;Liberación;MOTOS NUEVOS;1;Sin Client_Total_Relation (cliente-agencia);;;sin_sugerencia;
14613;PV242442;18;BMW;11726;4;Liberado;MOTOS NUEVOS;1;Sin Client_Total_Relation (cliente-agencia);;;sin_sugerencia;
14598;PV242444;18;BMW;11717;1;Integración;MOTOS NUEVOS;1;Sin Client_Total_Relation (cliente-agencia);;;sin_sugerencia;
14587;PV242447;18;BMW;11707;1;Integración;MOTOS NUEVOS;1;Sin Client_Total_Relation (cliente-agencia);;;sin_sugerencia;
14653;PV242450;18;BMW;11746;1;Integración;MOTOS NUEVOS;1;Sin Client_Total_Relation (cliente-agencia);;;sin_sugerencia;
14621;PV242453;18;BMW;3020;4;Liberado;AUTOS NUEVOS;1;Sin Client_Total_Relation (cliente-agencia);;;sin_sugerencia;
14621;PV242453;18;BMW;3020;4;Liberado;AUTOS NUEVOS;1;Sin Client_Total_Relation (cliente-agencia);;;sin_sugerencia;
14646;PV242455;18;BMW;11749;4;Liberado;MOTOS NUEVOS;1;Sin Client_Total_Relation (cliente-agencia);;;sin_sugerencia;
14668;PV242457;18;BMW;11762;2;Liquidación;MOTOS NUEVOS;1;Sin Client_Total_Relation (cliente-agencia);;;sin_sugerencia;
14706;PV242462;18;BMW;11789;2;Liquidación;MOTOS NUEVOS;1;Sin Client_Total_Relation (cliente-agencia);;;sin_sugerencia;
14708;PV242479;18;BMW;3019;1;Integración;MOTOS NUEVOS;1;Sin Client_Total_Relation (cliente-agencia);;;sin_sugerencia;
14718;PV242482;18;BMW;5489;2;Liquidación;MOTOS NUEVOS;1;Sin Client_Total_Relation (cliente-agencia);;;sin_sugerencia;
14756;PV242490;18;BMW;11818;2;Liquidación;MOTOS NUEVOS;1;Sin Client_Total_Relation (cliente-agencia);;;sin_sugerencia;
14800;PV242491;18;BMW;11857;3;Liberación;MOTOS NUEVOS;1;Sin Client_Total_Relation (cliente-agencia);;;sin_sugerencia;
14767;PV242494;18;BMW;11828;3;Liberación;MOTOS NUEVOS;1;Sin Client_Total_Relation (cliente-agencia);;;sin_sugerencia;
15101;PV242506;18;BMW;12083;1;Integración;MOTOS NUEVOS;1;Sin Client_Total_Relation (cliente-agencia);;;sin_sugerencia;
14884;PV242507;18;BMW;3020;4;Liberado;AUTOS NUEVOS;1;Sin Client_Total_Relation (cliente-agencia);;;sin_sugerencia;
14884;PV242507;18;BMW;3020;4;Liberado;AUTOS NUEVOS;1;Sin Client_Total_Relation (cliente-agencia);;;sin_sugerencia;
14886;PV242509;18;BMW;3020;1;Integración;AUTOS NUEVOS;1;Sin Client_Total_Relation (cliente-agencia);;;sin_sugerencia;
14886;PV242509;18;BMW;3020;1;Integración;AUTOS NUEVOS;1;Sin Client_Total_Relation (cliente-agencia);;;sin_sugerencia;
14901;PV242511;18;BMW;11935;3;Liberación;MOTOS NUEVOS;1;Sin Client_Total_Relation (cliente-agencia);;;sin_sugerencia;
14947;PV242519;18;BMW;11968;1;Integración;MOTOS NUEVOS;1;Sin Client_Total_Relation (cliente-agencia);;;sin_sugerencia;
14926;PV242522;18;BMW;11956;1;Integración;MOTOS NUEVOS;1;Sin Client_Total_Relation (cliente-agencia);;;sin_sugerencia;
14930;PV242525;18;BMW;11956;1;Integración;MOTOS NUEVOS;1;Sin Client_Total_Relation (cliente-agencia);;;sin_sugerencia;
14938;PV242531;18;BMW;11962;1;Integración;MOTOS NUEVOS;1;Sin Client_Total_Relation (cliente-agencia);;;sin_sugerencia;
14986;PV242533;18;BMW;12000;1;Integración;MOTOS NUEVOS;1;Sin Client_Total_Relation (cliente-agencia);;;sin_sugerencia;
14940;PV242534;18;BMW;11963;1;Integración;MOTOS NUEVOS;1;Sin Client_Total_Relation (cliente-agencia);;;sin_sugerencia;
14951;PV242540;18;BMW;4219;4;Liberado;AUTOS NUEVOS;1;Sin Client_Total_Relation (cliente-agencia);;;sin_sugerencia;
15066;PV242543;18;BMW;12060;1;Integración;MOTOS NUEVOS;1;Sin Client_Total_Relation (cliente-agencia);;;sin_sugerencia;
14984;PV242552;18;BMW;11999;1;Integración;MOTOS NUEVOS;1;Sin Client_Total_Relation (cliente-agencia);;;sin_sugerencia;
15024;PV242561;18;BMW;12028;1;Integración;MOTOS NUEVOS;1;Sin Client_Total_Relation (cliente-agencia);;;sin_sugerencia;
15224;PV242564;18;BMW;11999;1;Integración;MOTOS NUEVOS;1;Sin Client_Total_Relation (cliente-agencia);;;sin_sugerencia;
15119;PV242571;18;BMW;12105;1;Integración;MOTOS NUEVOS;1;Sin Client_Total_Relation (cliente-agencia);;;sin_sugerencia;
15106;PV242575;18;BMW;4265;1;Integración;AUTOS NUEVOS;1;Sin Client_Total_Relation (cliente-agencia);;;sin_sugerencia;
15103;PV242579;18;BMW;12091;2;Liquidación;MOTOS NUEVOS;1;Sin Client_Total_Relation (cliente-agencia);;;sin_sugerencia;
15079;PV242580;18;BMW;3020;4;Liberado;AUTOS NUEVOS;1;Sin Client_Total_Relation (cliente-agencia);;;sin_sugerencia;
15079;PV242580;18;BMW;3020;4;Liberado;AUTOS NUEVOS;1;Sin Client_Total_Relation (cliente-agencia);;;sin_sugerencia;
15217;PV242586;18;BMW;12028;1;Integración;MOTOS NUEVOS;1;Sin Client_Total_Relation (cliente-agencia);;;sin_sugerencia;
15116;PV242587;18;BMW;12104;1;Integración;MOTOS NUEVOS;1;Sin Client_Total_Relation (cliente-agencia);;;sin_sugerencia;
15161;PV242604;18;BMW;12138;1;Integración;AUTOS SEMINUEVOS;1;Sin Client_Total_Relation (cliente-agencia);;;sin_sugerencia;
15197;PV242606;18;BMW;12167;2;Liquidación;MOTOS NUEVOS;1;Sin Client_Total_Relation (cliente-agencia);12169;ARTURO ALVAREZ MARTINEZ;otro_File_mismo_pedido;
15250;PV242611;18;BMW;12206;2;Liquidación;MOTOS NUEVOS;1;Sin Client_Total_Relation (cliente-agencia);;;sin_sugerencia;
15264;PV242624;18;BMW;12180;3;Liberación;MOTOS NUEVOS;1;Sin Client_Total_Relation (cliente-agencia);12182;DAVID CRISTOBAL MEZA RODRIGO;otro_File_mismo_pedido;
15319;PV242628;18;BMW;12260;1;Integración;MOTOS NUEVOS;1;Sin Client_Total_Relation (cliente-agencia);;;sin_sugerencia;
15322;PV242637;18;BMW;3020;1;Integración;AUTOS NUEVOS;1;Sin Client_Total_Relation (cliente-agencia);;;sin_sugerencia;
15322;PV242637;18;BMW;3020;1;Integración;AUTOS NUEVOS;1;Sin Client_Total_Relation (cliente-agencia);;;sin_sugerencia;
15356;PV242639;18;BMW;12288;1;Integración;MOTOS NUEVOS;1;Sin Client_Total_Relation (cliente-agencia);;;sin_sugerencia;
15337;PV242649;18;BMW;12273;1;Integración;MOTOS NUEVOS;1;Sin Client_Total_Relation (cliente-agencia);;;sin_sugerencia;
17372;PV242666;18;BMW;3020;4;Liberado;AUTOS NUEVOS;1;Sin Client_Total_Relation (cliente-agencia);;;sin_sugerencia;
17372;PV242666;18;BMW;3020;4;Liberado;AUTOS NUEVOS;1;Sin Client_Total_Relation (cliente-agencia);;;sin_sugerencia;
17373;PV242710;18;BMW;3020;4;Liberado;AUTOS NUEVOS;1;Sin Client_Total_Relation (cliente-agencia);;;sin_sugerencia;
17373;PV242710;18;BMW;3020;4;Liberado;AUTOS NUEVOS;1;Sin Client_Total_Relation (cliente-agencia);;;sin_sugerencia;
17365;PV242749;18;BMW;3705;4;Liberado;AUTOS NUEVOS;1;Sin Client_Total_Relation (cliente-agencia);;;sin_sugerencia;
17375;PV242771;18;BMW;5098;4;Liberado;AUTOS NUEVOS;1;Sin Client_Total_Relation (cliente-agencia);;;sin_sugerencia;
17381;PV242799;18;BMW;3020;4;Liberado;AUTOS NUEVOS;1;Sin Client_Total_Relation (cliente-agencia);;;sin_sugerencia;
17381;PV242799;18;BMW;3020;4;Liberado;AUTOS NUEVOS;1;Sin Client_Total_Relation (cliente-agencia);;;sin_sugerencia;
17045;PV242851;18;BMW;12326;1;Integración;MOTOS NUEVOS;1;Sin Client_Total_Relation (cliente-agencia);;;sin_sugerencia;
17045;PV242851;18;BMW;12326;1;Integración;MOTOS NUEVOS;1;Sin Client_Total_Relation (cliente-agencia);;;sin_sugerencia;
16456;PV242976;18;BMW;10507;2;Liquidación;MOTOS NUEVOS;1;Sin Client_Total_Relation (cliente-agencia);;;sin_sugerencia;
16590;PV243000;18;BMW;13253;1;Integración;MOTOS NUEVOS;1;Sin Client_Total_Relation (cliente-agencia);;;sin_sugerencia;
17014;PV243042;18;BMW;13536;1;Integración;MOTOS NUEVOS;1;Sin Client_Total_Relation (cliente-agencia);;;sin_sugerencia;
17223;PV243056;18;BMW;13942;3;Liberación;MOTOS NUEVOS;1;Sin Client_Total_Relation (cliente-agencia);;;sin_sugerencia;
17468;PV243057;18;BMW;14198;5;Cancelado;AUTOS NUEVOS;1;Client inexistente (File.IdClient huérfano);;;sin_sugerencia;
17469;PV243057;18;BMW;14198;5;Cancelado;AUTOS NUEVOS;1;Client inexistente (File.IdClient huérfano);;;sin_sugerencia;
17470;PV243057;18;BMW;14198;5;Cancelado;AUTOS NUEVOS;1;Client inexistente (File.IdClient huérfano);;;sin_sugerencia;
17471;PV243057;18;BMW;14198;1;Integración;AUTOS NUEVOS;1;Client inexistente (File.IdClient huérfano);;;sin_sugerencia;
17461;PV243093;18;BMW;14013;1;Integración;MOTOS NUEVOS;1;Sin Client_Total_Relation (cliente-agencia);;;sin_sugerencia;
17459;PV243119;18;BMW;10761;1;Integración;MOTOS NUEVOS;1;Sin Client_Total_Relation (cliente-agencia);;;sin_sugerencia;
11329;1092;20;OMODA PATRIA;9242;1;Integración;AUTOS NUEVOS;1;Sin Client_Total_Relation (cliente-agencia);;;sin_sugerencia;
12018;1253;20;OMODA PATRIA;2808;3;Liberación;AUTOS NUEVOS;1;Sin Client_Total_Relation (cliente-agencia);5843;RADNIK;CTR_nd_igual_pedido;nd en CTR=1253
14552;1457;20;OMODA PATRIA;11677;3;Liberación;AUTOS NUEVOS;1;Sin Client_Total_Relation (cliente-agencia);;;sin_sugerencia;
9333;694;20;OMODA PATRIA;7673;3;Liberación;AUTOS NUEVOS;1;Sin Client_Total_Relation (cliente-agencia);;;sin_sugerencia;
9683;752;20;OMODA PATRIA;7858;1;Integración;AUTOS NUEVOS;1;Sin Client_Total_Relation (cliente-agencia);;;sin_sugerencia;
10255;843;20;OMODA PATRIA;6753;3;Liberación;AUTOS NUEVOS;1;Sin Client_Total_Relation (cliente-agencia);;;sin_sugerencia;
10220;864;20;OMODA PATRIA;2808;3;Liberación;AUTOS NUEVOS;1;Sin Client_Total_Relation (cliente-agencia);;;sin_sugerencia;
4367;279;21;OMODA GALERIAS;3705;1;Integración;AUTOS NUEVOS;1;Sin Client_Total_Relation (cliente-agencia);;;sin_sugerencia;
16030;10;28;AUDI SAO PAULO;3020;4;Liberado;AUTOS NUEVOS;1;Sin Client_Total_Relation (cliente-agencia);;;sin_sugerencia;
16030;10;28;AUDI SAO PAULO;3020;4;Liberado;AUTOS NUEVOS;1;Sin Client_Total_Relation (cliente-agencia);;;sin_sugerencia;
16683;13;28;AUDI SAO PAULO;12032;3;Liberación;AUTOS NUEVOS;1;Sin Client_Total_Relation (cliente-agencia);;;sin_sugerencia;
16683;13;28;AUDI SAO PAULO;12032;3;Liberación;AUTOS NUEVOS;1;Sin Client_Total_Relation (cliente-agencia);;;sin_sugerencia;
16174;15;28;AUDI SAO PAULO;12536;4;Liberado;AUTOS NUEVOS;1;Sin Client_Total_Relation (cliente-agencia);;;sin_sugerencia;
16026;17;28;AUDI SAO PAULO;4219;4;Liberado;AUTOS NUEVOS;1;Sin Client_Total_Relation (cliente-agencia);;;sin_sugerencia;
16027;19;28;AUDI SAO PAULO;3020;4;Liberado;AUTOS NUEVOS;1;Sin Client_Total_Relation (cliente-agencia);;;sin_sugerencia;
16027;19;28;AUDI SAO PAULO;3020;4;Liberado;AUTOS NUEVOS;1;Sin Client_Total_Relation (cliente-agencia);;;sin_sugerencia;
16948;22;28;AUDI SAO PAULO;4124;1;Integración;AUTOS NUEVOS;1;Sin Client_Total_Relation (cliente-agencia);;;sin_sugerencia;
16948;22;28;AUDI SAO PAULO;4124;1;Integración;AUTOS NUEVOS;1;Sin Client_Total_Relation (cliente-agencia);;;sin_sugerencia;
17242;24;28;AUDI SAO PAULO;3020;2;Liquidación;AUTOS NUEVOS;1;Sin Client_Total_Relation (cliente-agencia);;;sin_sugerencia;
17242;24;28;AUDI SAO PAULO;3020;2;Liquidación;AUTOS NUEVOS;1;Sin Client_Total_Relation (cliente-agencia);;;sin_sugerencia;
